split,image_path,label_path,error,has_label3,label3_count,pred_no_helmet,pred_no_helmet_count,num_pred_person,match_type
val,D:\Desktop\capstone\data\merged\ppe_split\val\images\construction_image1000.jpeg,D:\Desktop\capstone\data\merged\ppe_split\val\labels\construction_image1000.txt,,False,0,False,0,2,TN_no_pred_no_helmet_and_no_label3
val,D:\Desktop\capstone\data\merged\ppe_split\val\images\construction_image1004.jpg,D:\Desktop\capstone\data\merged\ppe_split\val\labels\construction_image1004.txt,,False,0,False,0,1,TN_no_pred_no_helmet_and_no_label3
val,D:\Desktop\capstone\data\merged\ppe_split\val\images\construction_image1006.jpg,D:\Desktop\capstone\data\merged\ppe_split\val\labels\construction_image1006.txt,,False,0,False,0,1,TN_no_pred_no_helmet_and_no_label3
val,D:\Desktop\capstone\data\merged\ppe_split\val\images\construction_image101.jpeg,D:\Desktop\capstone\data\merged\ppe_split\val\labels\construction_image101.txt,,False,0,True,1,2,FP_pred_no_helmet_but_no_label3
val,D:\Desktop\capstone\data\merged\ppe_split\val\images\construction_image1011.jpg,D:\Desktop\capstone\data\merged\ppe_split\val\labels\construction_image1011.txt,,False,0,False,0,1,TN_no_pred_no_helmet_and_no_label3
val,D:\Desktop\capstone\data\merged\ppe_split\val\images\construction_image1012.jpg,D:\Desktop\capstone\data\merged\ppe_split\val\labels\construction_image1012.txt,,False,0,False,0,1,TN_no_pred_no_helmet_and_no_label3
val,D:\Desktop\capstone\data\merged\ppe_split\val\images\construction_image1017.jpg,D:\Desktop\capstone\data\merged\ppe_split\val\labels\construction_image1017.txt,,False,0,False,0,1,TN_no_pred_no_helmet_and_no_label3
val,D:\Desktop\capstone\data\merged\ppe_split\val\images\construction_image1026.jpg,D:\Desktop\capstone\data\merged\ppe_split\val\labels\construction_image1026.txt,,False,0,False,0,1,TN_no_pred_no_helmet_and_no_label3
val,D:\Desktop\capstone\data\merged\ppe_split\val\images\construction_image1028.jpg,D:\Desktop\capstone\data\merged\ppe_split\val\labels\construction_image1028.txt,,False,0,False,0,2,TN_no_pred_no_helmet_and_no_label3
val,D:\Desktop\capstone\data\merged\ppe_split\val\images\construction_image1033.jpg,D:\Desktop\capstone\data\merged\ppe_split\val\labels\construction_image1033.txt,,False,0,False,0,2,TN_no_pred_no_helmet_and_no_label3
val,D:\Desktop\capstone\data\merged\ppe_split\val\images\construction_image1036.jpg,D:\Desktop\capstone\data\merged\ppe_split\val\labels\construction_image1036.txt,,False,0,False,0,1,TN_no_pred_no_helmet_and_no_label3
val,D:\Desktop\capstone\data\merged\ppe_split\val\images\construction_image1041.jpg,D:\Desktop\capstone\data\merged\ppe_split\val\labels\construction_image1041.txt,,False,0,False,0,1,TN_no_pred_no_helmet_and_no_label3
val,D:\Desktop\capstone\data\merged\ppe_split\val\images\construction_image1042.jpg,D:\Desktop\capstone\data\merged\ppe_split\val\labels\construction_image1042.txt,,False,0,False,0,1,TN_no_pred_no_helmet_and_no_label3
val,D:\Desktop\capstone\data\merged\ppe_split\val\images\construction_image1043.jpg,D:\Desktop\capstone\data\merged\ppe_split\val\labels\construction_image1043.txt,,False,0,False,0,1,TN_no_pred_no_helmet_and_no_label3
val,D:\Desktop\capstone\data\merged\ppe_split\val\images\construction_image1044.jpg,D:\Desktop\capstone\data\merged\ppe_split\val\labels\construction_image1044.txt,,False,0,False,0,1,TN_no_pred_no_helmet_and_no_label3
val,D:\Desktop\capstone\data\merged\ppe_split\val\images\construction_image1047.jpg,D:\Desktop\capstone\data\merged\ppe_split\val\labels\construction_image1047.txt,,False,0,False,0,1,TN_no_pred_no_helmet_and_no_label3
val,D:\Desktop\capstone\data\merged\ppe_split\val\images\construction_image1054.jpg,D:\Desktop\capstone\data\merged\ppe_split\val\labels\construction_image1054.txt,,False,0,False,0,1,TN_no_pred_no_helmet_and_no_label3
val,D:\Desktop\capstone\data\merged\ppe_split\val\images\construction_image1056.jpg,D:\Desktop\capstone\data\merged\ppe_split\val\labels\construction_image1056.txt,,False,0,False,0,1,TN_no_pred_no_helmet_and_no_label3
val,D:\Desktop\capstone\data\merged\ppe_split\val\images\construction_image1061.jpg,D:\Desktop\capstone\data\merged\ppe_split\val\labels\construction_image1061.txt,,False,0,False,0,1,TN_no_pred_no_helmet_and_no_label3
val,D:\Desktop\capstone\data\merged\ppe_split\val\images\construction_image1062.jpg,D:\Desktop\capstone\data\merged\ppe_split\val\labels\construction_image1062.txt,,False,0,False,0,2,TN_no_pred_no_helmet_and_no_label3
val,D:\Desktop\capstone\data\merged\ppe_split\val\images\construction_image1063.jpg,D:\Desktop\capstone\data\merged\ppe_split\val\labels\construction_image1063.txt,,False,0,False,0,1,TN_no_pred_no_helmet_and_no_label3
val,D:\Desktop\capstone\data\merged\ppe_split\val\images\construction_image1064.jpg,D:\Desktop\capstone\data\merged\ppe_split\val\labels\construction_image1064.txt,,False,0,False,0,1,TN_no_pred_no_helmet_and_no_label3
val,D:\Desktop\capstone\data\merged\ppe_split\val\images\construction_image1068.jpg,D:\Desktop\capstone\data\merged\ppe_split\val\labels\construction_image1068.txt,,False,0,False,0,2,TN_no_pred_no_helmet_and_no_label3
val,D:\Desktop\capstone\data\merged\ppe_split\val\images\construction_image107.jpg,D:\Desktop\capstone\data\merged\ppe_split\val\labels\construction_image107.txt,,False,0,False,0,1,TN_no_pred_no_helmet_and_no_label3
val,D:\Desktop\capstone\data\merged\ppe_split\val\images\construction_image1077.jpg,D:\Desktop\capstone\data\merged\ppe_split\val\labels\construction_image1077.txt,,False,0,False,0,1,TN_no_pred_no_helmet_and_no_label3
val,D:\Desktop\capstone\data\merged\ppe_split\val\images\construction_image1078.jpeg,D:\Desktop\capstone\data\merged\ppe_split\val\labels\construction_image1078.txt,,False,0,False,0,1,TN_no_pred_no_helmet_and_no_label3
val,D:\Desktop\capstone\data\merged\ppe_split\val\images\construction_image1081.jpg,D:\Desktop\capstone\data\merged\ppe_split\val\labels\construction_image1081.txt,,False,0,False,0,1,TN_no_pred_no_helmet_and_no_label3
val,D:\Desktop\capstone\data\merged\ppe_split\val\images\construction_image1082.jpg,D:\Desktop\capstone\data\merged\ppe_split\val\labels\construction_image1082.txt,,False,0,False,0,1,TN_no_pred_no_helmet_and_no_label3
val,D:\Desktop\capstone\data\merged\ppe_split\val\images\construction_image1090.jpeg,D:\Desktop\capstone\data\merged\ppe_split\val\labels\construction_image1090.txt,,False,0,True,2,3,FP_pred_no_helmet_but_no_label3
val,D:\Desktop\capstone\data\merged\ppe_split\val\images\construction_image1093.jpg,D:\Desktop\capstone\data\merged\ppe_split\val\labels\construction_image1093.txt,,False,0,False,0,1,TN_no_pred_no_helmet_and_no_label3
val,D:\Desktop\capstone\data\merged\ppe_split\val\images\construction_image1094.jpg,D:\Desktop\capstone\data\merged\ppe_split\val\labels\construction_image1094.txt,,False,0,False,0,1,TN_no_pred_no_helmet_and_no_label3
val,D:\Desktop\capstone\data\merged\ppe_split\val\images\construction_image1095.jpg,D:\Desktop\capstone\data\merged\ppe_split\val\labels\construction_image1095.txt,,False,0,False,0,1,TN_no_pred_no_helmet_and_no_label3
val,D:\Desktop\capstone\data\merged\ppe_split\val\images\construction_image1101.jpg,D:\Desktop\capstone\data\merged\ppe_split\val\labels\construction_image1101.txt,,False,0,False,0,1,TN_no_pred_no_helmet_and_no_label3
val,D:\Desktop\capstone\data\merged\ppe_split\val\images\construction_image1117.jpg,D:\Desktop\capstone\data\merged\ppe_split\val\labels\construction_image1117.txt,,True,1,False,0,0,FN_label3_but_not_pred_no_helmet
val,D:\Desktop\capstone\data\merged\ppe_split\val\images\construction_image1118.jpg,D:\Desktop\capstone\data\merged\ppe_split\val\labels\construction_image1118.txt,,True,2,True,1,1,TP_pred_no_helmet_and_label3
val,D:\Desktop\capstone\data\merged\ppe_split\val\images\construction_image112.jpeg,D:\Desktop\capstone\data\merged\ppe_split\val\labels\construction_image112.txt,,False,0,True,1,1,FP_pred_no_helmet_but_no_label3
val,D:\Desktop\capstone\data\merged\ppe_split\val\images\construction_image1122.jpg,D:\Desktop\capstone\data\merged\ppe_split\val\labels\construction_image1122.txt,,True,3,False,0,0,FN_label3_but_not_pred_no_helmet
val,D:\Desktop\capstone\data\merged\ppe_split\val\images\construction_image1126.jpg,D:\Desktop\capstone\data\merged\ppe_split\val\labels\construction_image1126.txt,,True,2,True,3,5,TP_pred_no_helmet_and_label3
val,D:\Desktop\capstone\data\merged\ppe_split\val\images\construction_image1127.jpg,D:\Desktop\capstone\data\merged\ppe_split\val\labels\construction_image1127.txt,,True,1,False,0,0,FN_label3_but_not_pred_no_helmet
val,D:\Desktop\capstone\data\merged\ppe_split\val\images\construction_image1128.jpg,D:\Desktop\capstone\data\merged\ppe_split\val\labels\construction_image1128.txt,,True,2,True,2,2,TP_pred_no_helmet_and_label3
val,D:\Desktop\capstone\data\merged\ppe_split\val\images\construction_image1138.jpg,D:\Desktop\capstone\data\merged\ppe_split\val\labels\construction_image1138.txt,,True,2,True,2,2,TP_pred_no_helmet_and_label3
val,D:\Desktop\capstone\data\merged\ppe_split\val\images\construction_image114.jpg,D:\Desktop\capstone\data\merged\ppe_split\val\labels\construction_image114.txt,,False,0,False,0,2,TN_no_pred_no_helmet_and_no_label3
val,D:\Desktop\capstone\data\merged\ppe_split\val\images\construction_image1141.jpg,D:\Desktop\capstone\data\merged\ppe_split\val\labels\construction_image1141.txt,,True,6,True,1,1,TP_pred_no_helmet_and_label3
val,D:\Desktop\capstone\data\merged\ppe_split\val\images\construction_image1143.jpg,D:\Desktop\capstone\data\merged\ppe_split\val\labels\construction_image1143.txt,,False,0,True,1,1,FP_pred_no_helmet_but_no_label3
val,D:\Desktop\capstone\data\merged\ppe_split\val\images\construction_image1147.jpg,D:\Desktop\capstone\data\merged\ppe_split\val\labels\construction_image1147.txt,,True,1,False,0,0,FN_label3_but_not_pred_no_helmet
val,D:\Desktop\capstone\data\merged\ppe_split\val\images\construction_image1150.jpg,D:\Desktop\capstone\data\merged\ppe_split\val\labels\construction_image1150.txt,,True,1,False,0,1,FN_label3_but_not_pred_no_helmet
val,D:\Desktop\capstone\data\merged\ppe_split\val\images\construction_image1156.jpg,D:\Desktop\capstone\data\merged\ppe_split\val\labels\construction_image1156.txt,,True,7,False,0,6,FN_label3_but_not_pred_no_helmet
val,D:\Desktop\capstone\data\merged\ppe_split\val\images\construction_image1158.jpg,D:\Desktop\capstone\data\merged\ppe_split\val\labels\construction_image1158.txt,,True,1,True,1,1,TP_pred_no_helmet_and_label3
val,D:\Desktop\capstone\data\merged\ppe_split\val\images\construction_image1159.jpg,D:\Desktop\capstone\data\merged\ppe_split\val\labels\construction_image1159.txt,,True,1,True,1,1,TP_pred_no_helmet_and_label3
val,D:\Desktop\capstone\data\merged\ppe_split\val\images\construction_image1161.jpg,D:\Desktop\capstone\data\merged\ppe_split\val\labels\construction_image1161.txt,,True,1,True,1,1,TP_pred_no_helmet_and_label3
val,D:\Desktop\capstone\data\merged\ppe_split\val\images\construction_image1162.jpg,D:\Desktop\capstone\data\merged\ppe_split\val\labels\construction_image1162.txt,,True,8,True,2,9,TP_pred_no_helmet_and_label3
val,D:\Desktop\capstone\data\merged\ppe_split\val\images\construction_image1163.jpg,D:\Desktop\capstone\data\merged\ppe_split\val\labels\construction_image1163.txt,,True,1,False,0,0,FN_label3_but_not_pred_no_helmet
val,D:\Desktop\capstone\data\merged\ppe_split\val\images\construction_image1166.jpg,D:\Desktop\capstone\data\merged\ppe_split\val\labels\construction_image1166.txt,,True,1,True,1,1,TP_pred_no_helmet_and_label3
val,D:\Desktop\capstone\data\merged\ppe_split\val\images\construction_image1170.jpg,D:\Desktop\capstone\data\merged\ppe_split\val\labels\construction_image1170.txt,,True,1,False,0,0,FN_label3_but_not_pred_no_helmet
val,D:\Desktop\capstone\data\merged\ppe_split\val\images\construction_image1173.jpg,D:\Desktop\capstone\data\merged\ppe_split\val\labels\construction_image1173.txt,,False,0,True,1,1,FP_pred_no_helmet_but_no_label3
val,D:\Desktop\capstone\data\merged\ppe_split\val\images\construction_image1176.jpg,D:\Desktop\capstone\data\merged\ppe_split\val\labels\construction_image1176.txt,,True,2,True,1,1,TP_pred_no_helmet_and_label3
val,D:\Desktop\capstone\data\merged\ppe_split\val\images\construction_image1177.jpg,D:\Desktop\capstone\data\merged\ppe_split\val\labels\construction_image1177.txt,,True,1,False,0,0,FN_label3_but_not_pred_no_helmet
val,D:\Desktop\capstone\data\merged\ppe_split\val\images\construction_image1180.jpg,D:\Desktop\capstone\data\merged\ppe_split\val\labels\construction_image1180.txt,,True,1,True,1,1,TP_pred_no_helmet_and_label3
val,D:\Desktop\capstone\data\merged\ppe_split\val\images\construction_image1185.jpg,D:\Desktop\capstone\data\merged\ppe_split\val\labels\construction_image1185.txt,,True,2,False,0,2,FN_label3_but_not_pred_no_helmet
val,D:\Desktop\capstone\data\merged\ppe_split\val\images\construction_image1186.jpg,D:\Desktop\capstone\data\merged\ppe_split\val\labels\construction_image1186.txt,,True,4,True,3,3,TP_pred_no_helmet_and_label3
val,D:\Desktop\capstone\data\merged\ppe_split\val\images\construction_image1188.jpg,D:\Desktop\capstone\data\merged\ppe_split\val\labels\construction_image1188.txt,,True,1,True,1,1,TP_pred_no_helmet_and_label3
val,D:\Desktop\capstone\data\merged\ppe_split\val\images\construction_image119.jpg,D:\Desktop\capstone\data\merged\ppe_split\val\labels\construction_image119.txt,,False,0,False,0,3,TN_no_pred_no_helmet_and_no_label3
val,D:\Desktop\capstone\data\merged\ppe_split\val\images\construction_image1191.jpg,D:\Desktop\capstone\data\merged\ppe_split\val\labels\construction_image1191.txt,,True,1,True,1,1,TP_pred_no_helmet_and_label3
val,D:\Desktop\capstone\data\merged\ppe_split\val\images\construction_image1196.jpg,D:\Desktop\capstone\data\merged\ppe_split\val\labels\construction_image1196.txt,,True,2,False,0,0,FN_label3_but_not_pred_no_helmet
val,D:\Desktop\capstone\data\merged\ppe_split\val\images\construction_image1202.jpg,D:\Desktop\capstone\data\merged\ppe_split\val\labels\construction_image1202.txt,,True,1,True,1,1,TP_pred_no_helmet_and_label3
val,D:\Desktop\capstone\data\merged\ppe_split\val\images\construction_image1207.jpg,D:\Desktop\capstone\data\merged\ppe_split\val\labels\construction_image1207.txt,,True,2,False,0,2,FN_label3_but_not_pred_no_helmet
val,D:\Desktop\capstone\data\merged\ppe_split\val\images\construction_image1216.jpg,D:\Desktop\capstone\data\merged\ppe_split\val\labels\construction_image1216.txt,,False,0,False,0,3,TN_no_pred_no_helmet_and_no_label3
val,D:\Desktop\capstone\data\merged\ppe_split\val\images\construction_image1219.jpg,D:\Desktop\capstone\data\merged\ppe_split\val\labels\construction_image1219.txt,,True,1,True,1,1,TP_pred_no_helmet_and_label3
val,D:\Desktop\capstone\data\merged\ppe_split\val\images\construction_image1221.jpg,D:\Desktop\capstone\data\merged\ppe_split\val\labels\construction_image1221.txt,,True,1,False,0,0,FN_label3_but_not_pred_no_helmet
val,D:\Desktop\capstone\data\merged\ppe_split\val\images\construction_image1225.jpg,D:\Desktop\capstone\data\merged\ppe_split\val\labels\construction_image1225.txt,,True,1,False,0,0,FN_label3_but_not_pred_no_helmet
val,D:\Desktop\capstone\data\merged\ppe_split\val\images\construction_image1226.jpg,D:\Desktop\capstone\data\merged\ppe_split\val\labels\construction_image1226.txt,,True,1,True,1,1,TP_pred_no_helmet_and_label3
val,D:\Desktop\capstone\data\merged\ppe_split\val\images\construction_image1233.jpg,D:\Desktop\capstone\data\merged\ppe_split\val\labels\construction_image1233.txt,,True,5,False,0,0,FN_label3_but_not_pred_no_helmet
val,D:\Desktop\capstone\data\merged\ppe_split\val\images\construction_image1236.jpg,D:\Desktop\capstone\data\merged\ppe_split\val\labels\construction_image1236.txt,,True,1,False,0,0,FN_label3_but_not_pred_no_helmet
val,D:\Desktop\capstone\data\merged\ppe_split\val\images\construction_image1240.jpg,D:\Desktop\capstone\data\merged\ppe_split\val\labels\construction_image1240.txt,,True,1,True,1,1,TP_pred_no_helmet_and_label3
val,D:\Desktop\capstone\data\merged\ppe_split\val\images\construction_image1243.jpg,D:\Desktop\capstone\data\merged\ppe_split\val\labels\construction_image1243.txt,,True,1,True,1,1,TP_pred_no_helmet_and_label3
val,D:\Desktop\capstone\data\merged\ppe_split\val\images\construction_image1245.jpg,D:\Desktop\capstone\data\merged\ppe_split\val\labels\construction_image1245.txt,,True,1,False,0,1,FN_label3_but_not_pred_no_helmet
val,D:\Desktop\capstone\data\merged\ppe_split\val\images\construction_image1246.jpg,D:\Desktop\capstone\data\merged\ppe_split\val\labels\construction_image1246.txt,,True,1,True,1,2,TP_pred_no_helmet_and_label3
val,D:\Desktop\capstone\data\merged\ppe_split\val\images\construction_image1249.jpg,D:\Desktop\capstone\data\merged\ppe_split\val\labels\construction_image1249.txt,,True,2,False,0,0,FN_label3_but_not_pred_no_helmet
val,D:\Desktop\capstone\data\merged\ppe_split\val\images\construction_image1250.jpg,D:\Desktop\capstone\data\merged\ppe_split\val\labels\construction_image1250.txt,,True,1,False,0,0,FN_label3_but_not_pred_no_helmet
val,D:\Desktop\capstone\data\merged\ppe_split\val\images\construction_image1253.jpg,D:\Desktop\capstone\data\merged\ppe_split\val\labels\construction_image1253.txt,,True,1,True,1,1,TP_pred_no_helmet_and_label3
val,D:\Desktop\capstone\data\merged\ppe_split\val\images\construction_image1254.jpg,D:\Desktop\capstone\data\merged\ppe_split\val\labels\construction_image1254.txt,,True,1,True,1,1,TP_pred_no_helmet_and_label3
val,D:\Desktop\capstone\data\merged\ppe_split\val\images\construction_image1255.jpg,D:\Desktop\capstone\data\merged\ppe_split\val\labels\construction_image1255.txt,,True,1,True,1,1,TP_pred_no_helmet_and_label3
val,D:\Desktop\capstone\data\merged\ppe_split\val\images\construction_image1259.jpg,D:\Desktop\capstone\data\merged\ppe_split\val\labels\construction_image1259.txt,,True,3,True,2,2,TP_pred_no_helmet_and_label3
val,D:\Desktop\capstone\data\merged\ppe_split\val\images\construction_image126.jpg,D:\Desktop\capstone\data\merged\ppe_split\val\labels\construction_image126.txt,,False,0,False,0,6,TN_no_pred_no_helmet_and_no_label3
val,D:\Desktop\capstone\data\merged\ppe_split\val\images\construction_image1266.jpg,D:\Desktop\capstone\data\merged\ppe_split\val\labels\construction_image1266.txt,,True,1,True,1,1,TP_pred_no_helmet_and_label3
val,D:\Desktop\capstone\data\merged\ppe_split\val\images\construction_image1279.jpg,D:\Desktop\capstone\data\merged\ppe_split\val\labels\construction_image1279.txt,,True,2,False,0,1,FN_label3_but_not_pred_no_helmet
val,D:\Desktop\capstone\data\merged\ppe_split\val\images\construction_image1282.jpg,D:\Desktop\capstone\data\merged\ppe_split\val\labels\construction_image1282.txt,,True,1,False,0,0,FN_label3_but_not_pred_no_helmet
val,D:\Desktop\capstone\data\merged\ppe_split\val\images\construction_image1284.jpg,D:\Desktop\capstone\data\merged\ppe_split\val\labels\construction_image1284.txt,,True,2,False,0,0,FN_label3_but_not_pred_no_helmet
val,D:\Desktop\capstone\data\merged\ppe_split\val\images\construction_image1285.jpg,D:\Desktop\capstone\data\merged\ppe_split\val\labels\construction_image1285.txt,,True,3,True,2,2,TP_pred_no_helmet_and_label3
val,D:\Desktop\capstone\data\merged\ppe_split\val\images\construction_image1288.jpg,D:\Desktop\capstone\data\merged\ppe_split\val\labels\construction_image1288.txt,,True,2,False,0,1,FN_label3_but_not_pred_no_helmet
val,D:\Desktop\capstone\data\merged\ppe_split\val\images\construction_image129.jpg,D:\Desktop\capstone\data\merged\ppe_split\val\labels\construction_image129.txt,,False,0,True,6,6,FP_pred_no_helmet_but_no_label3
val,D:\Desktop\capstone\data\merged\ppe_split\val\images\construction_image1295.jpg,D:\Desktop\capstone\data\merged\ppe_split\val\labels\construction_image1295.txt,,True,1,False,0,0,FN_label3_but_not_pred_no_helmet
val,D:\Desktop\capstone\data\merged\ppe_split\val\images\construction_image1297.jpg,D:\Desktop\capstone\data\merged\ppe_split\val\labels\construction_image1297.txt,,True,5,True,2,2,TP_pred_no_helmet_and_label3
val,D:\Desktop\capstone\data\merged\ppe_split\val\images\construction_image1302.jpg,D:\Desktop\capstone\data\merged\ppe_split\val\labels\construction_image1302.txt,,True,2,True,1,1,TP_pred_no_helmet_and_label3
val,D:\Desktop\capstone\data\merged\ppe_split\val\images\construction_image1303.jpg,D:\Desktop\capstone\data\merged\ppe_split\val\labels\construction_image1303.txt,,True,1,True,1,1,TP_pred_no_helmet_and_label3
val,D:\Desktop\capstone\data\merged\ppe_split\val\images\construction_image1308.jpg,D:\Desktop\capstone\data\merged\ppe_split\val\labels\construction_image1308.txt,,True,1,False,0,1,FN_label3_but_not_pred_no_helmet
val,D:\Desktop\capstone\data\merged\ppe_split\val\images\construction_image1310.jpg,D:\Desktop\capstone\data\merged\ppe_split\val\labels\construction_image1310.txt,,True,1,True,1,1,TP_pred_no_helmet_and_label3
val,D:\Desktop\capstone\data\merged\ppe_split\val\images\construction_image1311.jpg,D:\Desktop\capstone\data\merged\ppe_split\val\labels\construction_image1311.txt,,True,1,True,1,1,TP_pred_no_helmet_and_label3
val,D:\Desktop\capstone\data\merged\ppe_split\val\images\construction_image1318.jpg,D:\Desktop\capstone\data\merged\ppe_split\val\labels\construction_image1318.txt,,True,1,True,1,1,TP_pred_no_helmet_and_label3
val,D:\Desktop\capstone\data\merged\ppe_split\val\images\construction_image1320.jpg,D:\Desktop\capstone\data\merged\ppe_split\val\labels\construction_image1320.txt,,True,1,False,0,0,FN_label3_but_not_pred_no_helmet
val,D:\Desktop\capstone\data\merged\ppe_split\val\images\construction_image1321.jpg,D:\Desktop\capstone\data\merged\ppe_split\val\labels\construction_image1321.txt,,True,3,False,0,0,FN_label3_but_not_pred_no_helmet
val,D:\Desktop\capstone\data\merged\ppe_split\val\images\construction_image1322.jpg,D:\Desktop\capstone\data\merged\ppe_split\val\labels\construction_image1322.txt,,True,1,True,1,1,TP_pred_no_helmet_and_label3
val,D:\Desktop\capstone\data\merged\ppe_split\val\images\construction_image1325.jpg,D:\Desktop\capstone\data\merged\ppe_split\val\labels\construction_image1325.txt,,True,1,True,1,1,TP_pred_no_helmet_and_label3
val,D:\Desktop\capstone\data\merged\ppe_split\val\images\construction_image1327.jpg,D:\Desktop\capstone\data\merged\ppe_split\val\labels\construction_image1327.txt,,True,1,False,0,0,FN_label3_but_not_pred_no_helmet
val,D:\Desktop\capstone\data\merged\ppe_split\val\images\construction_image1328.jpg,D:\Desktop\capstone\data\merged\ppe_split\val\labels\construction_image1328.txt,,True,3,True,3,3,TP_pred_no_helmet_and_label3
val,D:\Desktop\capstone\data\merged\ppe_split\val\images\construction_image1334.jpg,D:\Desktop\capstone\data\merged\ppe_split\val\labels\construction_image1334.txt,,True,1,True,1,1,TP_pred_no_helmet_and_label3
val,D:\Desktop\capstone\data\merged\ppe_split\val\images\construction_image1335.jpg,D:\Desktop\capstone\data\merged\ppe_split\val\labels\construction_image1335.txt,,True,1,False,0,0,FN_label3_but_not_pred_no_helmet
val,D:\Desktop\capstone\data\merged\ppe_split\val\images\construction_image1340.jpg,D:\Desktop\capstone\data\merged\ppe_split\val\labels\construction_image1340.txt,,True,1,True,1,1,TP_pred_no_helmet_and_label3
val,D:\Desktop\capstone\data\merged\ppe_split\val\images\construction_image1348.jpg,D:\Desktop\capstone\data\merged\ppe_split\val\labels\construction_image1348.txt,,True,1,True,1,1,TP_pred_no_helmet_and_label3
val,D:\Desktop\capstone\data\merged\ppe_split\val\images\construction_image1349.jpg,D:\Desktop\capstone\data\merged\ppe_split\val\labels\construction_image1349.txt,,True,1,False,0,1,FN_label3_but_not_pred_no_helmet
val,D:\Desktop\capstone\data\merged\ppe_split\val\images\construction_image1351.jpg,D:\Desktop\capstone\data\merged\ppe_split\val\labels\construction_image1351.txt,,True,2,False,0,0,FN_label3_but_not_pred_no_helmet
val,D:\Desktop\capstone\data\merged\ppe_split\val\images\construction_image1352.jpg,D:\Desktop\capstone\data\merged\ppe_split\val\labels\construction_image1352.txt,,True,1,True,1,1,TP_pred_no_helmet_and_label3
val,D:\Desktop\capstone\data\merged\ppe_split\val\images\construction_image1355.jpg,D:\Desktop\capstone\data\merged\ppe_split\val\labels\construction_image1355.txt,,True,3,False,0,1,FN_label3_but_not_pred_no_helmet
val,D:\Desktop\capstone\data\merged\ppe_split\val\images\construction_image1357.jpg,D:\Desktop\capstone\data\merged\ppe_split\val\labels\construction_image1357.txt,,False,0,False,0,2,TN_no_pred_no_helmet_and_no_label3
val,D:\Desktop\capstone\data\merged\ppe_split\val\images\construction_image1366.jpg,D:\Desktop\capstone\data\merged\ppe_split\val\labels\construction_image1366.txt,,True,1,False,0,0,FN_label3_but_not_pred_no_helmet
val,D:\Desktop\capstone\data\merged\ppe_split\val\images\construction_image1368.jpg,D:\Desktop\capstone\data\merged\ppe_split\val\labels\construction_image1368.txt,,True,6,False,0,5,FN_label3_but_not_pred_no_helmet
val,D:\Desktop\capstone\data\merged\ppe_split\val\images\construction_image1374.jpg,D:\Desktop\capstone\data\merged\ppe_split\val\labels\construction_image1374.txt,,True,4,True,1,1,TP_pred_no_helmet_and_label3
val,D:\Desktop\capstone\data\merged\ppe_split\val\images\construction_image1376.jpg,D:\Desktop\capstone\data\merged\ppe_split\val\labels\construction_image1376.txt,,True,1,True,1,1,TP_pred_no_helmet_and_label3
val,D:\Desktop\capstone\data\merged\ppe_split\val\images\construction_image1378.jpg,D:\Desktop\capstone\data\merged\ppe_split\val\labels\construction_image1378.txt,,True,1,False,0,0,FN_label3_but_not_pred_no_helmet
val,D:\Desktop\capstone\data\merged\ppe_split\val\images\construction_image138.jpg,D:\Desktop\capstone\data\merged\ppe_split\val\labels\construction_image138.txt,,False,0,True,1,1,FP_pred_no_helmet_but_no_label3
val,D:\Desktop\capstone\data\merged\ppe_split\val\images\construction_image1382.jpg,D:\Desktop\capstone\data\merged\ppe_split\val\labels\construction_image1382.txt,,True,1,True,1,1,TP_pred_no_helmet_and_label3
val,D:\Desktop\capstone\data\merged\ppe_split\val\images\construction_image1384.jpg,D:\Desktop\capstone\data\merged\ppe_split\val\labels\construction_image1384.txt,,True,1,False,0,0,FN_label3_but_not_pred_no_helmet
val,D:\Desktop\capstone\data\merged\ppe_split\val\images\construction_image1385.jpg,D:\Desktop\capstone\data\merged\ppe_split\val\labels\construction_image1385.txt,,True,1,True,1,1,TP_pred_no_helmet_and_label3
val,D:\Desktop\capstone\data\merged\ppe_split\val\images\construction_image1387.jpg,D:\Desktop\capstone\data\merged\ppe_split\val\labels\construction_image1387.txt,,True,1,False,0,0,FN_label3_but_not_pred_no_helmet
val,D:\Desktop\capstone\data\merged\ppe_split\val\images\construction_image139.jpg,D:\Desktop\capstone\data\merged\ppe_split\val\labels\construction_image139.txt,,False,0,False,0,1,TN_no_pred_no_helmet_and_no_label3
val,D:\Desktop\capstone\data\merged\ppe_split\val\images\construction_image1395.jpg,D:\Desktop\capstone\data\merged\ppe_split\val\labels\construction_image1395.txt,,True,2,False,0,0,FN_label3_but_not_pred_no_helmet
val,D:\Desktop\capstone\data\merged\ppe_split\val\images\construction_image1398.jpg,D:\Desktop\capstone\data\merged\ppe_split\val\labels\construction_image1398.txt,,True,1,False,0,1,FN_label3_but_not_pred_no_helmet
val,D:\Desktop\capstone\data\merged\ppe_split\val\images\construction_image1399.jpg,D:\Desktop\capstone\data\merged\ppe_split\val\labels\construction_image1399.txt,,True,1,False,0,0,FN_label3_but_not_pred_no_helmet
val,D:\Desktop\capstone\data\merged\ppe_split\val\images\construction_image1401.jpg,D:\Desktop\capstone\data\merged\ppe_split\val\labels\construction_image1401.txt,,True,1,True,1,1,TP_pred_no_helmet_and_label3
val,D:\Desktop\capstone\data\merged\ppe_split\val\images\construction_image1405.jpg,D:\Desktop\capstone\data\merged\ppe_split\val\labels\construction_image1405.txt,,True,2,False,0,0,FN_label3_but_not_pred_no_helmet
val,D:\Desktop\capstone\data\merged\ppe_split\val\images\construction_image1409.jpg,D:\Desktop\capstone\data\merged\ppe_split\val\labels\construction_image1409.txt,,True,1,True,1,1,TP_pred_no_helmet_and_label3
val,D:\Desktop\capstone\data\merged\ppe_split\val\images\construction_image1414.jpg,D:\Desktop\capstone\data\merged\ppe_split\val\labels\construction_image1414.txt,,True,1,True,1,1,TP_pred_no_helmet_and_label3
val,D:\Desktop\capstone\data\merged\ppe_split\val\images\construction_image143.jpg,D:\Desktop\capstone\data\merged\ppe_split\val\labels\construction_image143.txt,,False,0,False,0,2,TN_no_pred_no_helmet_and_no_label3
val,D:\Desktop\capstone\data\merged\ppe_split\val\images\construction_image145.jpg,D:\Desktop\capstone\data\merged\ppe_split\val\labels\construction_image145.txt,,False,0,False,0,4,TN_no_pred_no_helmet_and_no_label3
val,D:\Desktop\capstone\data\merged\ppe_split\val\images\construction_image148.jpg,D:\Desktop\capstone\data\merged\ppe_split\val\labels\construction_image148.txt,,False,0,True,1,2,FP_pred_no_helmet_but_no_label3
val,D:\Desktop\capstone\data\merged\ppe_split\val\images\construction_image15.jpg,D:\Desktop\capstone\data\merged\ppe_split\val\labels\construction_image15.txt,,False,0,False,0,1,TN_no_pred_no_helmet_and_no_label3
val,D:\Desktop\capstone\data\merged\ppe_split\val\images\construction_image152.jpeg,D:\Desktop\capstone\data\merged\ppe_split\val\labels\construction_image152.txt,,False,0,False,0,2,TN_no_pred_no_helmet_and_no_label3
val,D:\Desktop\capstone\data\merged\ppe_split\val\images\construction_image155.jpeg,D:\Desktop\capstone\data\merged\ppe_split\val\labels\construction_image155.txt,,False,0,False,0,2,TN_no_pred_no_helmet_and_no_label3
val,D:\Desktop\capstone\data\merged\ppe_split\val\images\construction_image158.jpeg,D:\Desktop\capstone\data\merged\ppe_split\val\labels\construction_image158.txt,,False,0,False,0,1,TN_no_pred_no_helmet_and_no_label3
val,D:\Desktop\capstone\data\merged\ppe_split\val\images\construction_image170.jpg,D:\Desktop\capstone\data\merged\ppe_split\val\labels\construction_image170.txt,,False,0,False,0,1,TN_no_pred_no_helmet_and_no_label3
val,D:\Desktop\capstone\data\merged\ppe_split\val\images\construction_image174.jpg,D:\Desktop\capstone\data\merged\ppe_split\val\labels\construction_image174.txt,,False,0,True,1,1,FP_pred_no_helmet_but_no_label3
val,D:\Desktop\capstone\data\merged\ppe_split\val\images\construction_image18.jpeg,D:\Desktop\capstone\data\merged\ppe_split\val\labels\construction_image18.txt,,False,0,False,0,1,TN_no_pred_no_helmet_and_no_label3
val,D:\Desktop\capstone\data\merged\ppe_split\val\images\construction_image187.jpg,D:\Desktop\capstone\data\merged\ppe_split\val\labels\construction_image187.txt,,False,0,False,0,1,TN_no_pred_no_helmet_and_no_label3
val,D:\Desktop\capstone\data\merged\ppe_split\val\images\construction_image189.jpg,D:\Desktop\capstone\data\merged\ppe_split\val\labels\construction_image189.txt,,False,0,False,0,2,TN_no_pred_no_helmet_and_no_label3
val,D:\Desktop\capstone\data\merged\ppe_split\val\images\construction_image19.jpeg,D:\Desktop\capstone\data\merged\ppe_split\val\labels\construction_image19.txt,,False,0,False,0,0,TN_no_pred_no_helmet_and_no_label3
val,D:\Desktop\capstone\data\merged\ppe_split\val\images\construction_image192.jpg,D:\Desktop\capstone\data\merged\ppe_split\val\labels\construction_image192.txt,,False,0,False,0,1,TN_no_pred_no_helmet_and_no_label3
val,D:\Desktop\capstone\data\merged\ppe_split\val\images\construction_image195.jpg,D:\Desktop\capstone\data\merged\ppe_split\val\labels\construction_image195.txt,,False,0,False,0,0,TN_no_pred_no_helmet_and_no_label3
val,D:\Desktop\capstone\data\merged\ppe_split\val\images\construction_image197.jpg,D:\Desktop\capstone\data\merged\ppe_split\val\labels\construction_image197.txt,,False,0,False,0,1,TN_no_pred_no_helmet_and_no_label3
val,D:\Desktop\capstone\data\merged\ppe_split\val\images\construction_image200.jpg,D:\Desktop\capstone\data\merged\ppe_split\val\labels\construction_image200.txt,,False,0,False,0,1,TN_no_pred_no_helmet_and_no_label3
val,D:\Desktop\capstone\data\merged\ppe_split\val\images\construction_image204.jpg,D:\Desktop\capstone\data\merged\ppe_split\val\labels\construction_image204.txt,,False,0,False,0,2,TN_no_pred_no_helmet_and_no_label3
val,D:\Desktop\capstone\data\merged\ppe_split\val\images\construction_image213.jpg,D:\Desktop\capstone\data\merged\ppe_split\val\labels\construction_image213.txt,,False,0,True,1,1,FP_pred_no_helmet_but_no_label3
val,D:\Desktop\capstone\data\merged\ppe_split\val\images\construction_image217.jpg,D:\Desktop\capstone\data\merged\ppe_split\val\labels\construction_image217.txt,,False,0,False,0,2,TN_no_pred_no_helmet_and_no_label3
val,D:\Desktop\capstone\data\merged\ppe_split\val\images\construction_image218.jpg,D:\Desktop\capstone\data\merged\ppe_split\val\labels\construction_image218.txt,,False,0,False,0,1,TN_no_pred_no_helmet_and_no_label3
val,D:\Desktop\capstone\data\merged\ppe_split\val\images\construction_image220.jpg,D:\Desktop\capstone\data\merged\ppe_split\val\labels\construction_image220.txt,,False,0,False,0,1,TN_no_pred_no_helmet_and_no_label3
val,D:\Desktop\capstone\data\merged\ppe_split\val\images\construction_image221.jpg,D:\Desktop\capstone\data\merged\ppe_split\val\labels\construction_image221.txt,,False,0,False,0,1,TN_no_pred_no_helmet_and_no_label3
val,D:\Desktop\capstone\data\merged\ppe_split\val\images\construction_image222.jpg,D:\Desktop\capstone\data\merged\ppe_split\val\labels\construction_image222.txt,,False,0,False,0,2,TN_no_pred_no_helmet_and_no_label3
val,D:\Desktop\capstone\data\merged\ppe_split\val\images\construction_image227.jpg,D:\Desktop\capstone\data\merged\ppe_split\val\labels\construction_image227.txt,,False,0,False,0,2,TN_no_pred_no_helmet_and_no_label3
val,D:\Desktop\capstone\data\merged\ppe_split\val\images\construction_image235.jpg,D:\Desktop\capstone\data\merged\ppe_split\val\labels\construction_image235.txt,,False,0,False,0,1,TN_no_pred_no_helmet_and_no_label3
val,D:\Desktop\capstone\data\merged\ppe_split\val\images\construction_image248.jpg,D:\Desktop\capstone\data\merged\ppe_split\val\labels\construction_image248.txt,,False,0,False,0,1,TN_no_pred_no_helmet_and_no_label3
val,D:\Desktop\capstone\data\merged\ppe_split\val\images\construction_image251.jpg,D:\Desktop\capstone\data\merged\ppe_split\val\labels\construction_image251.txt,,False,0,False,0,2,TN_no_pred_no_helmet_and_no_label3
val,D:\Desktop\capstone\data\merged\ppe_split\val\images\construction_image252.jpg,D:\Desktop\capstone\data\merged\ppe_split\val\labels\construction_image252.txt,,False,0,False,0,1,TN_no_pred_no_helmet_and_no_label3
val,D:\Desktop\capstone\data\merged\ppe_split\val\images\construction_image255.jpg,D:\Desktop\capstone\data\merged\ppe_split\val\labels\construction_image255.txt,,False,0,False,0,1,TN_no_pred_no_helmet_and_no_label3
val,D:\Desktop\capstone\data\merged\ppe_split\val\images\construction_image256.jpg,D:\Desktop\capstone\data\merged\ppe_split\val\labels\construction_image256.txt,,False,0,False,0,1,TN_no_pred_no_helmet_and_no_label3
val,D:\Desktop\capstone\data\merged\ppe_split\val\images\construction_image258.jpg,D:\Desktop\capstone\data\merged\ppe_split\val\labels\construction_image258.txt,,False,0,False,0,1,TN_no_pred_no_helmet_and_no_label3
val,D:\Desktop\capstone\data\merged\ppe_split\val\images\construction_image26.jpeg,D:\Desktop\capstone\data\merged\ppe_split\val\labels\construction_image26.txt,,False,0,False,0,2,TN_no_pred_no_helmet_and_no_label3
val,D:\Desktop\capstone\data\merged\ppe_split\val\images\construction_image260.jpg,D:\Desktop\capstone\data\merged\ppe_split\val\labels\construction_image260.txt,,False,0,False,0,1,TN_no_pred_no_helmet_and_no_label3
val,D:\Desktop\capstone\data\merged\ppe_split\val\images\construction_image272.jpg,D:\Desktop\capstone\data\merged\ppe_split\val\labels\construction_image272.txt,,False,0,False,0,1,TN_no_pred_no_helmet_and_no_label3
val,D:\Desktop\capstone\data\merged\ppe_split\val\images\construction_image275.jpg,D:\Desktop\capstone\data\merged\ppe_split\val\labels\construction_image275.txt,,False,0,False,0,0,TN_no_pred_no_helmet_and_no_label3
val,D:\Desktop\capstone\data\merged\ppe_split\val\images\construction_image276.jpg,D:\Desktop\capstone\data\merged\ppe_split\val\labels\construction_image276.txt,,False,0,False,0,1,TN_no_pred_no_helmet_and_no_label3
val,D:\Desktop\capstone\data\merged\ppe_split\val\images\construction_image279.jpg,D:\Desktop\capstone\data\merged\ppe_split\val\labels\construction_image279.txt,,False,0,False,0,1,TN_no_pred_no_helmet_and_no_label3
val,D:\Desktop\capstone\data\merged\ppe_split\val\images\construction_image28.jpeg,D:\Desktop\capstone\data\merged\ppe_split\val\labels\construction_image28.txt,,False,0,True,1,2,FP_pred_no_helmet_but_no_label3
val,D:\Desktop\capstone\data\merged\ppe_split\val\images\construction_image280.jpg,D:\Desktop\capstone\data\merged\ppe_split\val\labels\construction_image280.txt,,False,0,False,0,1,TN_no_pred_no_helmet_and_no_label3
val,D:\Desktop\capstone\data\merged\ppe_split\val\images\construction_image281.jpg,D:\Desktop\capstone\data\merged\ppe_split\val\labels\construction_image281.txt,,False,0,False,0,1,TN_no_pred_no_helmet_and_no_label3
val,D:\Desktop\capstone\data\merged\ppe_split\val\images\construction_image284.jpg,D:\Desktop\capstone\data\merged\ppe_split\val\labels\construction_image284.txt,,False,0,True,1,1,FP_pred_no_helmet_but_no_label3
val,D:\Desktop\capstone\data\merged\ppe_split\val\images\construction_image285.jpg,D:\Desktop\capstone\data\merged\ppe_split\val\labels\construction_image285.txt,,False,0,False,0,1,TN_no_pred_no_helmet_and_no_label3
val,D:\Desktop\capstone\data\merged\ppe_split\val\images\construction_image286.jpg,D:\Desktop\capstone\data\merged\ppe_split\val\labels\construction_image286.txt,,False,0,False,0,1,TN_no_pred_no_helmet_and_no_label3
val,D:\Desktop\capstone\data\merged\ppe_split\val\images\construction_image289.jpg,D:\Desktop\capstone\data\merged\ppe_split\val\labels\construction_image289.txt,,False,0,False,0,1,TN_no_pred_no_helmet_and_no_label3
val,D:\Desktop\capstone\data\merged\ppe_split\val\images\construction_image29.jpeg,D:\Desktop\capstone\data\merged\ppe_split\val\labels\construction_image29.txt,,False,0,False,0,1,TN_no_pred_no_helmet_and_no_label3
val,D:\Desktop\capstone\data\merged\ppe_split\val\images\construction_image291.jpg,D:\Desktop\capstone\data\merged\ppe_split\val\labels\construction_image291.txt,,False,0,False,0,1,TN_no_pred_no_helmet_and_no_label3
val,D:\Desktop\capstone\data\merged\ppe_split\val\images\construction_image299.jpg,D:\Desktop\capstone\data\merged\ppe_split\val\labels\construction_image299.txt,,False,0,False,0,1,TN_no_pred_no_helmet_and_no_label3
val,D:\Desktop\capstone\data\merged\ppe_split\val\images\construction_image30.jpeg,D:\Desktop\capstone\data\merged\ppe_split\val\labels\construction_image30.txt,,False,0,False,0,0,TN_no_pred_no_helmet_and_no_label3
val,D:\Desktop\capstone\data\merged\ppe_split\val\images\construction_image301.jpg,D:\Desktop\capstone\data\merged\ppe_split\val\labels\construction_image301.txt,,False,0,False,0,1,TN_no_pred_no_helmet_and_no_label3
val,D:\Desktop\capstone\data\merged\ppe_split\val\images\construction_image307.jpg,D:\Desktop\capstone\data\merged\ppe_split\val\labels\construction_image307.txt,,False,0,False,0,3,TN_no_pred_no_helmet_and_no_label3
val,D:\Desktop\capstone\data\merged\ppe_split\val\images\construction_image308.jpg,D:\Desktop\capstone\data\merged\ppe_split\val\labels\construction_image308.txt,,False,0,False,0,6,TN_no_pred_no_helmet_and_no_label3
val,D:\Desktop\capstone\data\merged\ppe_split\val\images\construction_image310.jpg,D:\Desktop\capstone\data\merged\ppe_split\val\labels\construction_image310.txt,,False,0,False,0,0,TN_no_pred_no_helmet_and_no_label3
val,D:\Desktop\capstone\data\merged\ppe_split\val\images\construction_image312.jpg,D:\Desktop\capstone\data\merged\ppe_split\val\labels\construction_image312.txt,,False,0,False,0,0,TN_no_pred_no_helmet_and_no_label3
val,D:\Desktop\capstone\data\merged\ppe_split\val\images\construction_image326.jpg,D:\Desktop\capstone\data\merged\ppe_split\val\labels\construction_image326.txt,,False,0,False,0,0,TN_no_pred_no_helmet_and_no_label3
val,D:\Desktop\capstone\data\merged\ppe_split\val\images\construction_image327.jpeg,D:\Desktop\capstone\data\merged\ppe_split\val\labels\construction_image327.txt,,False,0,False,0,1,TN_no_pred_no_helmet_and_no_label3
val,D:\Desktop\capstone\data\merged\ppe_split\val\images\construction_image33.jpg,D:\Desktop\capstone\data\merged\ppe_split\val\labels\construction_image33.txt,,False,0,False,0,1,TN_no_pred_no_helmet_and_no_label3
val,D:\Desktop\capstone\data\merged\ppe_split\val\images\construction_image331.jpg,D:\Desktop\capstone\data\merged\ppe_split\val\labels\construction_image331.txt,,False,0,True,2,2,FP_pred_no_helmet_but_no_label3
val,D:\Desktop\capstone\data\merged\ppe_split\val\images\construction_image335.jpg,D:\Desktop\capstone\data\merged\ppe_split\val\labels\construction_image335.txt,,False,0,False,0,1,TN_no_pred_no_helmet_and_no_label3
val,D:\Desktop\capstone\data\merged\ppe_split\val\images\construction_image339.jpg,D:\Desktop\capstone\data\merged\ppe_split\val\labels\construction_image339.txt,,False,0,False,0,1,TN_no_pred_no_helmet_and_no_label3
val,D:\Desktop\capstone\data\merged\ppe_split\val\images\construction_image342.jpg,D:\Desktop\capstone\data\merged\ppe_split\val\labels\construction_image342.txt,,False,0,False,0,0,TN_no_pred_no_helmet_and_no_label3
val,D:\Desktop\capstone\data\merged\ppe_split\val\images\construction_image349.jpg,D:\Desktop\capstone\data\merged\ppe_split\val\labels\construction_image349.txt,,False,0,False,0,0,TN_no_pred_no_helmet_and_no_label3
val,D:\Desktop\capstone\data\merged\ppe_split\val\images\construction_image351.jpg,D:\Desktop\capstone\data\merged\ppe_split\val\labels\construction_image351.txt,,False,0,False,0,1,TN_no_pred_no_helmet_and_no_label3
val,D:\Desktop\capstone\data\merged\ppe_split\val\images\construction_image354.jpg,D:\Desktop\capstone\data\merged\ppe_split\val\labels\construction_image354.txt,,False,0,False,0,1,TN_no_pred_no_helmet_and_no_label3
val,D:\Desktop\capstone\data\merged\ppe_split\val\images\construction_image356.jpg,D:\Desktop\capstone\data\merged\ppe_split\val\labels\construction_image356.txt,,False,0,False,0,1,TN_no_pred_no_helmet_and_no_label3
val,D:\Desktop\capstone\data\merged\ppe_split\val\images\construction_image363.jpg,D:\Desktop\capstone\data\merged\ppe_split\val\labels\construction_image363.txt,,False,0,False,0,1,TN_no_pred_no_helmet_and_no_label3
val,D:\Desktop\capstone\data\merged\ppe_split\val\images\construction_image364.jpg,D:\Desktop\capstone\data\merged\ppe_split\val\labels\construction_image364.txt,,False,0,False,0,1,TN_no_pred_no_helmet_and_no_label3
val,D:\Desktop\capstone\data\merged\ppe_split\val\images\construction_image367.jpg,D:\Desktop\capstone\data\merged\ppe_split\val\labels\construction_image367.txt,,False,0,False,0,1,TN_no_pred_no_helmet_and_no_label3
val,D:\Desktop\capstone\data\merged\ppe_split\val\images\construction_image372.jpg,D:\Desktop\capstone\data\merged\ppe_split\val\labels\construction_image372.txt,,False,0,False,0,1,TN_no_pred_no_helmet_and_no_label3
val,D:\Desktop\capstone\data\merged\ppe_split\val\images\construction_image374.jpg,D:\Desktop\capstone\data\merged\ppe_split\val\labels\construction_image374.txt,,False,0,False,0,1,TN_no_pred_no_helmet_and_no_label3
val,D:\Desktop\capstone\data\merged\ppe_split\val\images\construction_image378.jpg,D:\Desktop\capstone\data\merged\ppe_split\val\labels\construction_image378.txt,,False,0,False,0,1,TN_no_pred_no_helmet_and_no_label3
val,D:\Desktop\capstone\data\merged\ppe_split\val\images\construction_image379.jpg,D:\Desktop\capstone\data\merged\ppe_split\val\labels\construction_image379.txt,,False,0,False,0,1,TN_no_pred_no_helmet_and_no_label3
val,D:\Desktop\capstone\data\merged\ppe_split\val\images\construction_image382.jpg,D:\Desktop\capstone\data\merged\ppe_split\val\labels\construction_image382.txt,,False,0,False,0,1,TN_no_pred_no_helmet_and_no_label3
val,D:\Desktop\capstone\data\merged\ppe_split\val\images\construction_image386.jpg,D:\Desktop\capstone\data\merged\ppe_split\val\labels\construction_image386.txt,,False,0,False,0,1,TN_no_pred_no_helmet_and_no_label3
val,D:\Desktop\capstone\data\merged\ppe_split\val\images\construction_image388.jpg,D:\Desktop\capstone\data\merged\ppe_split\val\labels\construction_image388.txt,,False,0,False,0,1,TN_no_pred_no_helmet_and_no_label3
val,D:\Desktop\capstone\data\merged\ppe_split\val\images\construction_image39.jpeg,D:\Desktop\capstone\data\merged\ppe_split\val\labels\construction_image39.txt,,False,0,True,1,1,FP_pred_no_helmet_but_no_label3
val,D:\Desktop\capstone\data\merged\ppe_split\val\images\construction_image397.jpg,D:\Desktop\capstone\data\merged\ppe_split\val\labels\construction_image397.txt,,False,0,False,0,1,TN_no_pred_no_helmet_and_no_label3
val,D:\Desktop\capstone\data\merged\ppe_split\val\images\construction_image398.jpg,D:\Desktop\capstone\data\merged\ppe_split\val\labels\construction_image398.txt,,False,0,False,0,1,TN_no_pred_no_helmet_and_no_label3
val,D:\Desktop\capstone\data\merged\ppe_split\val\images\construction_image399.jpg,D:\Desktop\capstone\data\merged\ppe_split\val\labels\construction_image399.txt,,False,0,False,0,1,TN_no_pred_no_helmet_and_no_label3
val,D:\Desktop\capstone\data\merged\ppe_split\val\images\construction_image405.jpg,D:\Desktop\capstone\data\merged\ppe_split\val\labels\construction_image405.txt,,False,0,False,0,1,TN_no_pred_no_helmet_and_no_label3
val,D:\Desktop\capstone\data\merged\ppe_split\val\images\construction_image41.jpeg,D:\Desktop\capstone\data\merged\ppe_split\val\labels\construction_image41.txt,,False,0,False,0,3,TN_no_pred_no_helmet_and_no_label3
val,D:\Desktop\capstone\data\merged\ppe_split\val\images\construction_image410.jpg,D:\Desktop\capstone\data\merged\ppe_split\val\labels\construction_image410.txt,,False,0,True,1,1,FP_pred_no_helmet_but_no_label3
val,D:\Desktop\capstone\data\merged\ppe_split\val\images\construction_image412.jpg,D:\Desktop\capstone\data\merged\ppe_split\val\labels\construction_image412.txt,,False,0,False,0,1,TN_no_pred_no_helmet_and_no_label3
val,D:\Desktop\capstone\data\merged\ppe_split\val\images\construction_image413.jpg,D:\Desktop\capstone\data\merged\ppe_split\val\labels\construction_image413.txt,,False,0,False,0,1,TN_no_pred_no_helmet_and_no_label3
val,D:\Desktop\capstone\data\merged\ppe_split\val\images\construction_image421.jpg,D:\Desktop\capstone\data\merged\ppe_split\val\labels\construction_image421.txt,,False,0,False,0,0,TN_no_pred_no_helmet_and_no_label3
val,D:\Desktop\capstone\data\merged\ppe_split\val\images\construction_image424.jpg,D:\Desktop\capstone\data\merged\ppe_split\val\labels\construction_image424.txt,,False,0,False,0,1,TN_no_pred_no_helmet_and_no_label3
val,D:\Desktop\capstone\data\merged\ppe_split\val\images\construction_image426.jpg,D:\Desktop\capstone\data\merged\ppe_split\val\labels\construction_image426.txt,,False,0,False,0,2,TN_no_pred_no_helmet_and_no_label3
val,D:\Desktop\capstone\data\merged\ppe_split\val\images\construction_image427.jpg,D:\Desktop\capstone\data\merged\ppe_split\val\labels\construction_image427.txt,,False,0,False,0,1,TN_no_pred_no_helmet_and_no_label3
val,D:\Desktop\capstone\data\merged\ppe_split\val\images\construction_image428.jpg,D:\Desktop\capstone\data\merged\ppe_split\val\labels\construction_image428.txt,,False,0,False,0,1,TN_no_pred_no_helmet_and_no_label3
val,D:\Desktop\capstone\data\merged\ppe_split\val\images\construction_image429.jpg,D:\Desktop\capstone\data\merged\ppe_split\val\labels\construction_image429.txt,,False,0,False,0,1,TN_no_pred_no_helmet_and_no_label3
val,D:\Desktop\capstone\data\merged\ppe_split\val\images\construction_image433.jpg,D:\Desktop\capstone\data\merged\ppe_split\val\labels\construction_image433.txt,,False,0,False,0,0,TN_no_pred_no_helmet_and_no_label3
val,D:\Desktop\capstone\data\merged\ppe_split\val\images\construction_image434.jpg,D:\Desktop\capstone\data\merged\ppe_split\val\labels\construction_image434.txt,,False,0,False,0,1,TN_no_pred_no_helmet_and_no_label3
val,D:\Desktop\capstone\data\merged\ppe_split\val\images\construction_image436.jpg,D:\Desktop\capstone\data\merged\ppe_split\val\labels\construction_image436.txt,,False,0,False,0,2,TN_no_pred_no_helmet_and_no_label3
val,D:\Desktop\capstone\data\merged\ppe_split\val\images\construction_image438.jpg,D:\Desktop\capstone\data\merged\ppe_split\val\labels\construction_image438.txt,,False,0,False,0,1,TN_no_pred_no_helmet_and_no_label3
val,D:\Desktop\capstone\data\merged\ppe_split\val\images\construction_image440.jpg,D:\Desktop\capstone\data\merged\ppe_split\val\labels\construction_image440.txt,,False,0,False,0,1,TN_no_pred_no_helmet_and_no_label3
val,D:\Desktop\capstone\data\merged\ppe_split\val\images\construction_image443.jpg,D:\Desktop\capstone\data\merged\ppe_split\val\labels\construction_image443.txt,,False,0,False,0,1,TN_no_pred_no_helmet_and_no_label3
val,D:\Desktop\capstone\data\merged\ppe_split\val\images\construction_image448.jpg,D:\Desktop\capstone\data\merged\ppe_split\val\labels\construction_image448.txt,,False,0,True,1,2,FP_pred_no_helmet_but_no_label3
val,D:\Desktop\capstone\data\merged\ppe_split\val\images\construction_image45.jpg,D:\Desktop\capstone\data\merged\ppe_split\val\labels\construction_image45.txt,,False,0,False,0,1,TN_no_pred_no_helmet_and_no_label3
val,D:\Desktop\capstone\data\merged\ppe_split\val\images\construction_image454.jpg,D:\Desktop\capstone\data\merged\ppe_split\val\labels\construction_image454.txt,,False,0,False,0,0,TN_no_pred_no_helmet_and_no_label3
val,D:\Desktop\capstone\data\merged\ppe_split\val\images\construction_image455.jpg,D:\Desktop\capstone\data\merged\ppe_split\val\labels\construction_image455.txt,,False,0,False,0,0,TN_no_pred_no_helmet_and_no_label3
val,D:\Desktop\capstone\data\merged\ppe_split\val\images\construction_image456.jpg,D:\Desktop\capstone\data\merged\ppe_split\val\labels\construction_image456.txt,,False,0,False,0,1,TN_no_pred_no_helmet_and_no_label3
val,D:\Desktop\capstone\data\merged\ppe_split\val\images\construction_image458.jpg,D:\Desktop\capstone\data\merged\ppe_split\val\labels\construction_image458.txt,,False,0,False,0,1,TN_no_pred_no_helmet_and_no_label3
val,D:\Desktop\capstone\data\merged\ppe_split\val\images\construction_image469.jpg,D:\Desktop\capstone\data\merged\ppe_split\val\labels\construction_image469.txt,,False,0,False,0,4,TN_no_pred_no_helmet_and_no_label3
val,D:\Desktop\capstone\data\merged\ppe_split\val\images\construction_image471.jpg,D:\Desktop\capstone\data\merged\ppe_split\val\labels\construction_image471.txt,,False,0,False,0,1,TN_no_pred_no_helmet_and_no_label3
val,D:\Desktop\capstone\data\merged\ppe_split\val\images\construction_image474.jpeg,D:\Desktop\capstone\data\merged\ppe_split\val\labels\construction_image474.txt,,False,0,False,0,0,TN_no_pred_no_helmet_and_no_label3
val,D:\Desktop\capstone\data\merged\ppe_split\val\images\construction_image48.jpeg,D:\Desktop\capstone\data\merged\ppe_split\val\labels\construction_image48.txt,,False,0,False,0,1,TN_no_pred_no_helmet_and_no_label3
val,D:\Desktop\capstone\data\merged\ppe_split\val\images\construction_image480.jpg,D:\Desktop\capstone\data\merged\ppe_split\val\labels\construction_image480.txt,,False,0,False,0,0,TN_no_pred_no_helmet_and_no_label3
val,D:\Desktop\capstone\data\merged\ppe_split\val\images\construction_image486.jpg,D:\Desktop\capstone\data\merged\ppe_split\val\labels\construction_image486.txt,,False,0,True,1,1,FP_pred_no_helmet_but_no_label3
val,D:\Desktop\capstone\data\merged\ppe_split\val\images\construction_image49.jpg,D:\Desktop\capstone\data\merged\ppe_split\val\labels\construction_image49.txt,,False,0,False,0,2,TN_no_pred_no_helmet_and_no_label3
val,D:\Desktop\capstone\data\merged\ppe_split\val\images\construction_image490.jpg,D:\Desktop\capstone\data\merged\ppe_split\val\labels\construction_image490.txt,,False,0,False,0,0,TN_no_pred_no_helmet_and_no_label3
val,D:\Desktop\capstone\data\merged\ppe_split\val\images\construction_image492.jpg,D:\Desktop\capstone\data\merged\ppe_split\val\labels\construction_image492.txt,,False,0,False,0,1,TN_no_pred_no_helmet_and_no_label3
val,D:\Desktop\capstone\data\merged\ppe_split\val\images\construction_image494.jpg,D:\Desktop\capstone\data\merged\ppe_split\val\labels\construction_image494.txt,,False,0,False,0,1,TN_no_pred_no_helmet_and_no_label3
val,D:\Desktop\capstone\data\merged\ppe_split\val\images\construction_image496.jpg,D:\Desktop\capstone\data\merged\ppe_split\val\labels\construction_image496.txt,,False,0,False,0,1,TN_no_pred_no_helmet_and_no_label3
val,D:\Desktop\capstone\data\merged\ppe_split\val\images\construction_image498.jpg,D:\Desktop\capstone\data\merged\ppe_split\val\labels\construction_image498.txt,,False,0,False,0,3,TN_no_pred_no_helmet_and_no_label3
val,D:\Desktop\capstone\data\merged\ppe_split\val\images\construction_image5.jpeg,D:\Desktop\capstone\data\merged\ppe_split\val\labels\construction_image5.txt,,False,0,False,0,1,TN_no_pred_no_helmet_and_no_label3
val,D:\Desktop\capstone\data\merged\ppe_split\val\images\construction_image503.jpg,D:\Desktop\capstone\data\merged\ppe_split\val\labels\construction_image503.txt,,False,0,False,0,1,TN_no_pred_no_helmet_and_no_label3
val,D:\Desktop\capstone\data\merged\ppe_split\val\images\construction_image504.jpg,D:\Desktop\capstone\data\merged\ppe_split\val\labels\construction_image504.txt,,False,0,False,0,1,TN_no_pred_no_helmet_and_no_label3
val,D:\Desktop\capstone\data\merged\ppe_split\val\images\construction_image507.jpg,D:\Desktop\capstone\data\merged\ppe_split\val\labels\construction_image507.txt,,False,0,False,0,1,TN_no_pred_no_helmet_and_no_label3
val,D:\Desktop\capstone\data\merged\ppe_split\val\images\construction_image51.jpeg,D:\Desktop\capstone\data\merged\ppe_split\val\labels\construction_image51.txt,,False,0,False,0,0,TN_no_pred_no_helmet_and_no_label3
val,D:\Desktop\capstone\data\merged\ppe_split\val\images\construction_image516.jpg,D:\Desktop\capstone\data\merged\ppe_split\val\labels\construction_image516.txt,,False,0,False,0,1,TN_no_pred_no_helmet_and_no_label3
val,D:\Desktop\capstone\data\merged\ppe_split\val\images\construction_image525.jpeg,D:\Desktop\capstone\data\merged\ppe_split\val\labels\construction_image525.txt,,False,0,False,0,1,TN_no_pred_no_helmet_and_no_label3
val,D:\Desktop\capstone\data\merged\ppe_split\val\images\construction_image528.jpg,D:\Desktop\capstone\data\merged\ppe_split\val\labels\construction_image528.txt,,False,0,False,0,2,TN_no_pred_no_helmet_and_no_label3
val,D:\Desktop\capstone\data\merged\ppe_split\val\images\construction_image531.jpg,D:\Desktop\capstone\data\merged\ppe_split\val\labels\construction_image531.txt,,False,0,False,0,0,TN_no_pred_no_helmet_and_no_label3
val,D:\Desktop\capstone\data\merged\ppe_split\val\images\construction_image54.jpg,D:\Desktop\capstone\data\merged\ppe_split\val\labels\construction_image54.txt,,False,0,True,1,1,FP_pred_no_helmet_but_no_label3
val,D:\Desktop\capstone\data\merged\ppe_split\val\images\construction_image540.jpg,D:\Desktop\capstone\data\merged\ppe_split\val\labels\construction_image540.txt,,False,0,False,0,0,TN_no_pred_no_helmet_and_no_label3
val,D:\Desktop\capstone\data\merged\ppe_split\val\images\construction_image545.jpg,D:\Desktop\capstone\data\merged\ppe_split\val\labels\construction_image545.txt,,False,0,False,0,1,TN_no_pred_no_helmet_and_no_label3
val,D:\Desktop\capstone\data\merged\ppe_split\val\images\construction_image555.jpg,D:\Desktop\capstone\data\merged\ppe_split\val\labels\construction_image555.txt,,False,0,False,0,0,TN_no_pred_no_helmet_and_no_label3
val,D:\Desktop\capstone\data\merged\ppe_split\val\images\construction_image556.jpg,D:\Desktop\capstone\data\merged\ppe_split\val\labels\construction_image556.txt,,False,0,False,0,0,TN_no_pred_no_helmet_and_no_label3
val,D:\Desktop\capstone\data\merged\ppe_split\val\images\construction_image559.jpg,D:\Desktop\capstone\data\merged\ppe_split\val\labels\construction_image559.txt,,False,0,False,0,1,TN_no_pred_no_helmet_and_no_label3
val,D:\Desktop\capstone\data\merged\ppe_split\val\images\construction_image564.jpg,D:\Desktop\capstone\data\merged\ppe_split\val\labels\construction_image564.txt,,False,0,False,0,1,TN_no_pred_no_helmet_and_no_label3
val,D:\Desktop\capstone\data\merged\ppe_split\val\images\construction_image569.jpg,D:\Desktop\capstone\data\merged\ppe_split\val\labels\construction_image569.txt,,False,0,False,0,0,TN_no_pred_no_helmet_and_no_label3
val,D:\Desktop\capstone\data\merged\ppe_split\val\images\construction_image575.jpg,D:\Desktop\capstone\data\merged\ppe_split\val\labels\construction_image575.txt,,False,0,False,0,1,TN_no_pred_no_helmet_and_no_label3
val,D:\Desktop\capstone\data\merged\ppe_split\val\images\construction_image578.jpg,D:\Desktop\capstone\data\merged\ppe_split\val\labels\construction_image578.txt,,False,0,False,0,1,TN_no_pred_no_helmet_and_no_label3
val,D:\Desktop\capstone\data\merged\ppe_split\val\images\construction_image581.jpg,D:\Desktop\capstone\data\merged\ppe_split\val\labels\construction_image581.txt,,False,0,False,0,2,TN_no_pred_no_helmet_and_no_label3
val,D:\Desktop\capstone\data\merged\ppe_split\val\images\construction_image583.jpg,D:\Desktop\capstone\data\merged\ppe_split\val\labels\construction_image583.txt,,False,0,False,0,1,TN_no_pred_no_helmet_and_no_label3
val,D:\Desktop\capstone\data\merged\ppe_split\val\images\construction_image588.jpg,D:\Desktop\capstone\data\merged\ppe_split\val\labels\construction_image588.txt,,False,0,False,0,1,TN_no_pred_no_helmet_and_no_label3
val,D:\Desktop\capstone\data\merged\ppe_split\val\images\construction_image589.jpg,D:\Desktop\capstone\data\merged\ppe_split\val\labels\construction_image589.txt,,False,0,False,0,1,TN_no_pred_no_helmet_and_no_label3
val,D:\Desktop\capstone\data\merged\ppe_split\val\images\construction_image591.jpg,D:\Desktop\capstone\data\merged\ppe_split\val\labels\construction_image591.txt,,False,0,False,0,1,TN_no_pred_no_helmet_and_no_label3
val,D:\Desktop\capstone\data\merged\ppe_split\val\images\construction_image592.jpg,D:\Desktop\capstone\data\merged\ppe_split\val\labels\construction_image592.txt,,False,0,False,0,1,TN_no_pred_no_helmet_and_no_label3
val,D:\Desktop\capstone\data\merged\ppe_split\val\images\construction_image599.jpg,D:\Desktop\capstone\data\merged\ppe_split\val\labels\construction_image599.txt,,False,0,False,0,1,TN_no_pred_no_helmet_and_no_label3
val,D:\Desktop\capstone\data\merged\ppe_split\val\images\construction_image600.jpg,D:\Desktop\capstone\data\merged\ppe_split\val\labels\construction_image600.txt,,False,0,False,0,5,TN_no_pred_no_helmet_and_no_label3
val,D:\Desktop\capstone\data\merged\ppe_split\val\images\construction_image602.jpg,D:\Desktop\capstone\data\merged\ppe_split\val\labels\construction_image602.txt,,False,0,False,0,9,TN_no_pred_no_helmet_and_no_label3
val,D:\Desktop\capstone\data\merged\ppe_split\val\images\construction_image604.jpg,D:\Desktop\capstone\data\merged\ppe_split\val\labels\construction_image604.txt,,False,0,False,0,0,TN_no_pred_no_helmet_and_no_label3
val,D:\Desktop\capstone\data\merged\ppe_split\val\images\construction_image606.jpg,D:\Desktop\capstone\data\merged\ppe_split\val\labels\construction_image606.txt,,False,0,False,0,1,TN_no_pred_no_helmet_and_no_label3
val,D:\Desktop\capstone\data\merged\ppe_split\val\images\construction_image613.jpg,D:\Desktop\capstone\data\merged\ppe_split\val\labels\construction_image613.txt,,False,0,False,0,5,TN_no_pred_no_helmet_and_no_label3
val,D:\Desktop\capstone\data\merged\ppe_split\val\images\construction_image622.jpg,D:\Desktop\capstone\data\merged\ppe_split\val\labels\construction_image622.txt,,False,0,False,0,0,TN_no_pred_no_helmet_and_no_label3
val,D:\Desktop\capstone\data\merged\ppe_split\val\images\construction_image623.jpg,D:\Desktop\capstone\data\merged\ppe_split\val\labels\construction_image623.txt,,False,0,False,0,1,TN_no_pred_no_helmet_and_no_label3
val,D:\Desktop\capstone\data\merged\ppe_split\val\images\construction_image626.jpg,D:\Desktop\capstone\data\merged\ppe_split\val\labels\construction_image626.txt,,False,0,False,0,1,TN_no_pred_no_helmet_and_no_label3
val,D:\Desktop\capstone\data\merged\ppe_split\val\images\construction_image631.jpeg,D:\Desktop\capstone\data\merged\ppe_split\val\labels\construction_image631.txt,,False,0,True,2,3,FP_pred_no_helmet_but_no_label3
val,D:\Desktop\capstone\data\merged\ppe_split\val\images\construction_image632.jpg,D:\Desktop\capstone\data\merged\ppe_split\val\labels\construction_image632.txt,,False,0,True,2,2,FP_pred_no_helmet_but_no_label3
val,D:\Desktop\capstone\data\merged\ppe_split\val\images\construction_image64.jpeg,D:\Desktop\capstone\data\merged\ppe_split\val\labels\construction_image64.txt,,False,0,False,0,2,TN_no_pred_no_helmet_and_no_label3
val,D:\Desktop\capstone\data\merged\ppe_split\val\images\construction_image642.jpeg,D:\Desktop\capstone\data\merged\ppe_split\val\labels\construction_image642.txt,,False,0,False,0,1,TN_no_pred_no_helmet_and_no_label3
val,D:\Desktop\capstone\data\merged\ppe_split\val\images\construction_image647.jpg,D:\Desktop\capstone\data\merged\ppe_split\val\labels\construction_image647.txt,,False,0,False,0,2,TN_no_pred_no_helmet_and_no_label3
val,D:\Desktop\capstone\data\merged\ppe_split\val\images\construction_image657.jpg,D:\Desktop\capstone\data\merged\ppe_split\val\labels\construction_image657.txt,,False,0,False,0,1,TN_no_pred_no_helmet_and_no_label3
val,D:\Desktop\capstone\data\merged\ppe_split\val\images\construction_image659.jpg,D:\Desktop\capstone\data\merged\ppe_split\val\labels\construction_image659.txt,,False,0,False,0,4,TN_no_pred_no_helmet_and_no_label3
val,D:\Desktop\capstone\data\merged\ppe_split\val\images\construction_image665.jpg,D:\Desktop\capstone\data\merged\ppe_split\val\labels\construction_image665.txt,,False,0,False,0,1,TN_no_pred_no_helmet_and_no_label3
val,D:\Desktop\capstone\data\merged\ppe_split\val\images\construction_image667.jpg,D:\Desktop\capstone\data\merged\ppe_split\val\labels\construction_image667.txt,,False,0,False,0,1,TN_no_pred_no_helmet_and_no_label3
val,D:\Desktop\capstone\data\merged\ppe_split\val\images\construction_image671.jpeg,D:\Desktop\capstone\data\merged\ppe_split\val\labels\construction_image671.txt,,False,0,False,0,1,TN_no_pred_no_helmet_and_no_label3
val,D:\Desktop\capstone\data\merged\ppe_split\val\images\construction_image677.jpeg,D:\Desktop\capstone\data\merged\ppe_split\val\labels\construction_image677.txt,,False,0,False,0,2,TN_no_pred_no_helmet_and_no_label3
val,D:\Desktop\capstone\data\merged\ppe_split\val\images\construction_image683.jpg,D:\Desktop\capstone\data\merged\ppe_split\val\labels\construction_image683.txt,,False,0,False,0,1,TN_no_pred_no_helmet_and_no_label3
val,D:\Desktop\capstone\data\merged\ppe_split\val\images\construction_image688.jpeg,D:\Desktop\capstone\data\merged\ppe_split\val\labels\construction_image688.txt,,False,0,False,0,1,TN_no_pred_no_helmet_and_no_label3
val,D:\Desktop\capstone\data\merged\ppe_split\val\images\construction_image69.jpeg,D:\Desktop\capstone\data\merged\ppe_split\val\labels\construction_image69.txt,,False,0,False,0,1,TN_no_pred_no_helmet_and_no_label3
val,D:\Desktop\capstone\data\merged\ppe_split\val\images\construction_image703.jpeg,D:\Desktop\capstone\data\merged\ppe_split\val\labels\construction_image703.txt,,False,0,False,0,1,TN_no_pred_no_helmet_and_no_label3
val,D:\Desktop\capstone\data\merged\ppe_split\val\images\construction_image706.jpeg,D:\Desktop\capstone\data\merged\ppe_split\val\labels\construction_image706.txt,,False,0,False,0,1,TN_no_pred_no_helmet_and_no_label3
val,D:\Desktop\capstone\data\merged\ppe_split\val\images\construction_image707.jpg,D:\Desktop\capstone\data\merged\ppe_split\val\labels\construction_image707.txt,,False,0,True,1,2,FP_pred_no_helmet_but_no_label3
val,D:\Desktop\capstone\data\merged\ppe_split\val\images\construction_image71.jpg,D:\Desktop\capstone\data\merged\ppe_split\val\labels\construction_image71.txt,,False,0,False,0,1,TN_no_pred_no_helmet_and_no_label3
val,D:\Desktop\capstone\data\merged\ppe_split\val\images\construction_image712.jpg,D:\Desktop\capstone\data\merged\ppe_split\val\labels\construction_image712.txt,,False,0,False,0,1,TN_no_pred_no_helmet_and_no_label3
val,D:\Desktop\capstone\data\merged\ppe_split\val\images\construction_image715.jpg,D:\Desktop\capstone\data\merged\ppe_split\val\labels\construction_image715.txt,,False,0,False,0,2,TN_no_pred_no_helmet_and_no_label3
val,D:\Desktop\capstone\data\merged\ppe_split\val\images\construction_image727.jpg,D:\Desktop\capstone\data\merged\ppe_split\val\labels\construction_image727.txt,,False,0,False,0,2,TN_no_pred_no_helmet_and_no_label3
val,D:\Desktop\capstone\data\merged\ppe_split\val\images\construction_image730.jpg,D:\Desktop\capstone\data\merged\ppe_split\val\labels\construction_image730.txt,,False,0,False,0,1,TN_no_pred_no_helmet_and_no_label3
val,D:\Desktop\capstone\data\merged\ppe_split\val\images\construction_image734.jpeg,D:\Desktop\capstone\data\merged\ppe_split\val\labels\construction_image734.txt,,False,0,False,0,0,TN_no_pred_no_helmet_and_no_label3
val,D:\Desktop\capstone\data\merged\ppe_split\val\images\construction_image736.jpg,D:\Desktop\capstone\data\merged\ppe_split\val\labels\construction_image736.txt,,False,0,False,0,1,TN_no_pred_no_helmet_and_no_label3
val,D:\Desktop\capstone\data\merged\ppe_split\val\images\construction_image741.jpg,D:\Desktop\capstone\data\merged\ppe_split\val\labels\construction_image741.txt,,False,0,True,1,1,FP_pred_no_helmet_but_no_label3
val,D:\Desktop\capstone\data\merged\ppe_split\val\images\construction_image743.jpg,D:\Desktop\capstone\data\merged\ppe_split\val\labels\construction_image743.txt,,False,0,False,0,1,TN_no_pred_no_helmet_and_no_label3
val,D:\Desktop\capstone\data\merged\ppe_split\val\images\construction_image745.jpg,D:\Desktop\capstone\data\merged\ppe_split\val\labels\construction_image745.txt,,False,0,True,1,1,FP_pred_no_helmet_but_no_label3
val,D:\Desktop\capstone\data\merged\ppe_split\val\images\construction_image746.jpg,D:\Desktop\capstone\data\merged\ppe_split\val\labels\construction_image746.txt,,False,0,False,0,0,TN_no_pred_no_helmet_and_no_label3
val,D:\Desktop\capstone\data\merged\ppe_split\val\images\construction_image748.jpeg,D:\Desktop\capstone\data\merged\ppe_split\val\labels\construction_image748.txt,,False,0,False,0,1,TN_no_pred_no_helmet_and_no_label3
val,D:\Desktop\capstone\data\merged\ppe_split\val\images\construction_image75.jpg,D:\Desktop\capstone\data\merged\ppe_split\val\labels\construction_image75.txt,,False,0,False,0,2,TN_no_pred_no_helmet_and_no_label3
val,D:\Desktop\capstone\data\merged\ppe_split\val\images\construction_image750.jpg,D:\Desktop\capstone\data\merged\ppe_split\val\labels\construction_image750.txt,,False,0,False,0,1,TN_no_pred_no_helmet_and_no_label3
val,D:\Desktop\capstone\data\merged\ppe_split\val\images\construction_image753.jpg,D:\Desktop\capstone\data\merged\ppe_split\val\labels\construction_image753.txt,,False,0,False,0,0,TN_no_pred_no_helmet_and_no_label3
val,D:\Desktop\capstone\data\merged\ppe_split\val\images\construction_image757.jpg,D:\Desktop\capstone\data\merged\ppe_split\val\labels\construction_image757.txt,,False,0,False,0,1,TN_no_pred_no_helmet_and_no_label3
val,D:\Desktop\capstone\data\merged\ppe_split\val\images\construction_image768.jpg,D:\Desktop\capstone\data\merged\ppe_split\val\labels\construction_image768.txt,,False,0,False,0,1,TN_no_pred_no_helmet_and_no_label3
val,D:\Desktop\capstone\data\merged\ppe_split\val\images\construction_image775.jpg,D:\Desktop\capstone\data\merged\ppe_split\val\labels\construction_image775.txt,,False,0,False,0,0,TN_no_pred_no_helmet_and_no_label3
val,D:\Desktop\capstone\data\merged\ppe_split\val\images\construction_image780.jpg,D:\Desktop\capstone\data\merged\ppe_split\val\labels\construction_image780.txt,,False,0,False,0,0,TN_no_pred_no_helmet_and_no_label3
val,D:\Desktop\capstone\data\merged\ppe_split\val\images\construction_image782.jpg,D:\Desktop\capstone\data\merged\ppe_split\val\labels\construction_image782.txt,,False,0,False,0,1,TN_no_pred_no_helmet_and_no_label3
val,D:\Desktop\capstone\data\merged\ppe_split\val\images\construction_image789.jpg,D:\Desktop\capstone\data\merged\ppe_split\val\labels\construction_image789.txt,,False,0,False,0,3,TN_no_pred_no_helmet_and_no_label3
val,D:\Desktop\capstone\data\merged\ppe_split\val\images\construction_image792.jpg,D:\Desktop\capstone\data\merged\ppe_split\val\labels\construction_image792.txt,,False,0,False,0,0,TN_no_pred_no_helmet_and_no_label3
val,D:\Desktop\capstone\data\merged\ppe_split\val\images\construction_image793.jpg,D:\Desktop\capstone\data\merged\ppe_split\val\labels\construction_image793.txt,,False,0,True,1,1,FP_pred_no_helmet_but_no_label3
val,D:\Desktop\capstone\data\merged\ppe_split\val\images\construction_image8.jpeg,D:\Desktop\capstone\data\merged\ppe_split\val\labels\construction_image8.txt,,False,0,False,0,1,TN_no_pred_no_helmet_and_no_label3
val,D:\Desktop\capstone\data\merged\ppe_split\val\images\construction_image80.jpg,D:\Desktop\capstone\data\merged\ppe_split\val\labels\construction_image80.txt,,False,0,False,0,1,TN_no_pred_no_helmet_and_no_label3
val,D:\Desktop\capstone\data\merged\ppe_split\val\images\construction_image802.jpg,D:\Desktop\capstone\data\merged\ppe_split\val\labels\construction_image802.txt,,False,0,False,0,1,TN_no_pred_no_helmet_and_no_label3
val,D:\Desktop\capstone\data\merged\ppe_split\val\images\construction_image81.jpg,D:\Desktop\capstone\data\merged\ppe_split\val\labels\construction_image81.txt,,False,0,False,0,1,TN_no_pred_no_helmet_and_no_label3
val,D:\Desktop\capstone\data\merged\ppe_split\val\images\construction_image811.jpg,D:\Desktop\capstone\data\merged\ppe_split\val\labels\construction_image811.txt,,False,0,False,0,1,TN_no_pred_no_helmet_and_no_label3
val,D:\Desktop\capstone\data\merged\ppe_split\val\images\construction_image813.jpg,D:\Desktop\capstone\data\merged\ppe_split\val\labels\construction_image813.txt,,False,0,False,0,1,TN_no_pred_no_helmet_and_no_label3
val,D:\Desktop\capstone\data\merged\ppe_split\val\images\construction_image814.jpg,D:\Desktop\capstone\data\merged\ppe_split\val\labels\construction_image814.txt,,False,0,False,0,1,TN_no_pred_no_helmet_and_no_label3
val,D:\Desktop\capstone\data\merged\ppe_split\val\images\construction_image815.jpg,D:\Desktop\capstone\data\merged\ppe_split\val\labels\construction_image815.txt,,False,0,False,0,1,TN_no_pred_no_helmet_and_no_label3
val,D:\Desktop\capstone\data\merged\ppe_split\val\images\construction_image819.jpg,D:\Desktop\capstone\data\merged\ppe_split\val\labels\construction_image819.txt,,False,0,False,0,1,TN_no_pred_no_helmet_and_no_label3
val,D:\Desktop\capstone\data\merged\ppe_split\val\images\construction_image822.jpg,D:\Desktop\capstone\data\merged\ppe_split\val\labels\construction_image822.txt,,False,0,False,0,1,TN_no_pred_no_helmet_and_no_label3
val,D:\Desktop\capstone\data\merged\ppe_split\val\images\construction_image828.jpg,D:\Desktop\capstone\data\merged\ppe_split\val\labels\construction_image828.txt,,False,0,False,0,1,TN_no_pred_no_helmet_and_no_label3
val,D:\Desktop\capstone\data\merged\ppe_split\val\images\construction_image83.jpg,D:\Desktop\capstone\data\merged\ppe_split\val\labels\construction_image83.txt,,False,0,False,0,1,TN_no_pred_no_helmet_and_no_label3
val,D:\Desktop\capstone\data\merged\ppe_split\val\images\construction_image833.jpg,D:\Desktop\capstone\data\merged\ppe_split\val\labels\construction_image833.txt,,False,0,False,0,1,TN_no_pred_no_helmet_and_no_label3
val,D:\Desktop\capstone\data\merged\ppe_split\val\images\construction_image835.jpg,D:\Desktop\capstone\data\merged\ppe_split\val\labels\construction_image835.txt,,False,0,False,0,2,TN_no_pred_no_helmet_and_no_label3
val,D:\Desktop\capstone\data\merged\ppe_split\val\images\construction_image836.jpg,D:\Desktop\capstone\data\merged\ppe_split\val\labels\construction_image836.txt,,False,0,False,0,1,TN_no_pred_no_helmet_and_no_label3
val,D:\Desktop\capstone\data\merged\ppe_split\val\images\construction_image837.jpg,D:\Desktop\capstone\data\merged\ppe_split\val\labels\construction_image837.txt,,False,0,False,0,1,TN_no_pred_no_helmet_and_no_label3
val,D:\Desktop\capstone\data\merged\ppe_split\val\images\construction_image838.jpg,D:\Desktop\capstone\data\merged\ppe_split\val\labels\construction_image838.txt,,False,0,False,0,1,TN_no_pred_no_helmet_and_no_label3
val,D:\Desktop\capstone\data\merged\ppe_split\val\images\construction_image84.jpg,D:\Desktop\capstone\data\merged\ppe_split\val\labels\construction_image84.txt,,False,0,True,1,1,FP_pred_no_helmet_but_no_label3
val,D:\Desktop\capstone\data\merged\ppe_split\val\images\construction_image840.jpeg,D:\Desktop\capstone\data\merged\ppe_split\val\labels\construction_image840.txt,,False,0,False,0,1,TN_no_pred_no_helmet_and_no_label3
val,D:\Desktop\capstone\data\merged\ppe_split\val\images\construction_image841.jpg,D:\Desktop\capstone\data\merged\ppe_split\val\labels\construction_image841.txt,,False,0,False,0,0,TN_no_pred_no_helmet_and_no_label3
val,D:\Desktop\capstone\data\merged\ppe_split\val\images\construction_image842.jpg,D:\Desktop\capstone\data\merged\ppe_split\val\labels\construction_image842.txt,,False,0,False,0,1,TN_no_pred_no_helmet_and_no_label3
val,D:\Desktop\capstone\data\merged\ppe_split\val\images\construction_image844.jpg,D:\Desktop\capstone\data\merged\ppe_split\val\labels\construction_image844.txt,,False,0,False,0,1,TN_no_pred_no_helmet_and_no_label3
val,D:\Desktop\capstone\data\merged\ppe_split\val\images\construction_image847.jpeg,D:\Desktop\capstone\data\merged\ppe_split\val\labels\construction_image847.txt,,False,0,False,0,2,TN_no_pred_no_helmet_and_no_label3
val,D:\Desktop\capstone\data\merged\ppe_split\val\images\construction_image848.jpg,D:\Desktop\capstone\data\merged\ppe_split\val\labels\construction_image848.txt,,False,0,True,2,6,FP_pred_no_helmet_but_no_label3
val,D:\Desktop\capstone\data\merged\ppe_split\val\images\construction_image850.jpg,D:\Desktop\capstone\data\merged\ppe_split\val\labels\construction_image850.txt,,False,0,False,0,1,TN_no_pred_no_helmet_and_no_label3
val,D:\Desktop\capstone\data\merged\ppe_split\val\images\construction_image851.jpg,D:\Desktop\capstone\data\merged\ppe_split\val\labels\construction_image851.txt,,False,0,False,0,1,TN_no_pred_no_helmet_and_no_label3
val,D:\Desktop\capstone\data\merged\ppe_split\val\images\construction_image853.jpg,D:\Desktop\capstone\data\merged\ppe_split\val\labels\construction_image853.txt,,False,0,False,0,2,TN_no_pred_no_helmet_and_no_label3
val,D:\Desktop\capstone\data\merged\ppe_split\val\images\construction_image854.jpg,D:\Desktop\capstone\data\merged\ppe_split\val\labels\construction_image854.txt,,False,0,False,0,1,TN_no_pred_no_helmet_and_no_label3
val,D:\Desktop\capstone\data\merged\ppe_split\val\images\construction_image855.jpg,D:\Desktop\capstone\data\merged\ppe_split\val\labels\construction_image855.txt,,False,0,False,0,1,TN_no_pred_no_helmet_and_no_label3
val,D:\Desktop\capstone\data\merged\ppe_split\val\images\construction_image856.jpg,D:\Desktop\capstone\data\merged\ppe_split\val\labels\construction_image856.txt,,False,0,False,0,1,TN_no_pred_no_helmet_and_no_label3
val,D:\Desktop\capstone\data\merged\ppe_split\val\images\construction_image857.jpg,D:\Desktop\capstone\data\merged\ppe_split\val\labels\construction_image857.txt,,False,0,False,0,1,TN_no_pred_no_helmet_and_no_label3
val,D:\Desktop\capstone\data\merged\ppe_split\val\images\construction_image862.jpg,D:\Desktop\capstone\data\merged\ppe_split\val\labels\construction_image862.txt,,False,0,False,0,1,TN_no_pred_no_helmet_and_no_label3
val,D:\Desktop\capstone\data\merged\ppe_split\val\images\construction_image870.jpg,D:\Desktop\capstone\data\merged\ppe_split\val\labels\construction_image870.txt,,False,0,False,0,1,TN_no_pred_no_helmet_and_no_label3
val,D:\Desktop\capstone\data\merged\ppe_split\val\images\construction_image874.jpeg,D:\Desktop\capstone\data\merged\ppe_split\val\labels\construction_image874.txt,,False,0,False,0,2,TN_no_pred_no_helmet_and_no_label3
val,D:\Desktop\capstone\data\merged\ppe_split\val\images\construction_image88.jpg,D:\Desktop\capstone\data\merged\ppe_split\val\labels\construction_image88.txt,,False,0,False,0,1,TN_no_pred_no_helmet_and_no_label3
val,D:\Desktop\capstone\data\merged\ppe_split\val\images\construction_image881.jpg,D:\Desktop\capstone\data\merged\ppe_split\val\labels\construction_image881.txt,,False,0,False,0,1,TN_no_pred_no_helmet_and_no_label3
val,D:\Desktop\capstone\data\merged\ppe_split\val\images\construction_image882.jpg,D:\Desktop\capstone\data\merged\ppe_split\val\labels\construction_image882.txt,,False,0,False,0,1,TN_no_pred_no_helmet_and_no_label3
val,D:\Desktop\capstone\data\merged\ppe_split\val\images\construction_image883.jpg,D:\Desktop\capstone\data\merged\ppe_split\val\labels\construction_image883.txt,,False,0,False,0,1,TN_no_pred_no_helmet_and_no_label3
val,D:\Desktop\capstone\data\merged\ppe_split\val\images\construction_image886.jpeg,D:\Desktop\capstone\data\merged\ppe_split\val\labels\construction_image886.txt,,False,0,False,0,2,TN_no_pred_no_helmet_and_no_label3
val,D:\Desktop\capstone\data\merged\ppe_split\val\images\construction_image889.jpg,D:\Desktop\capstone\data\merged\ppe_split\val\labels\construction_image889.txt,,False,0,False,0,1,TN_no_pred_no_helmet_and_no_label3
val,D:\Desktop\capstone\data\merged\ppe_split\val\images\construction_image892.jpg,D:\Desktop\capstone\data\merged\ppe_split\val\labels\construction_image892.txt,,False,0,False,0,1,TN_no_pred_no_helmet_and_no_label3
val,D:\Desktop\capstone\data\merged\ppe_split\val\images\construction_image893.jpg,D:\Desktop\capstone\data\merged\ppe_split\val\labels\construction_image893.txt,,False,0,False,0,1,TN_no_pred_no_helmet_and_no_label3
val,D:\Desktop\capstone\data\merged\ppe_split\val\images\construction_image90.jpg,D:\Desktop\capstone\data\merged\ppe_split\val\labels\construction_image90.txt,,False,0,False,0,1,TN_no_pred_no_helmet_and_no_label3
val,D:\Desktop\capstone\data\merged\ppe_split\val\images\construction_image900.jpg,D:\Desktop\capstone\data\merged\ppe_split\val\labels\construction_image900.txt,,False,0,False,0,1,TN_no_pred_no_helmet_and_no_label3
val,D:\Desktop\capstone\data\merged\ppe_split\val\images\construction_image906.jpg,D:\Desktop\capstone\data\merged\ppe_split\val\labels\construction_image906.txt,,False,0,False,0,1,TN_no_pred_no_helmet_and_no_label3
val,D:\Desktop\capstone\data\merged\ppe_split\val\images\construction_image91.jpg,D:\Desktop\capstone\data\merged\ppe_split\val\labels\construction_image91.txt,,False,0,False,0,1,TN_no_pred_no_helmet_and_no_label3
val,D:\Desktop\capstone\data\merged\ppe_split\val\images\construction_image914.jpeg,D:\Desktop\capstone\data\merged\ppe_split\val\labels\construction_image914.txt,,False,0,False,0,3,TN_no_pred_no_helmet_and_no_label3
val,D:\Desktop\capstone\data\merged\ppe_split\val\images\construction_image92.jpg,D:\Desktop\capstone\data\merged\ppe_split\val\labels\construction_image92.txt,,False,0,False,0,1,TN_no_pred_no_helmet_and_no_label3
val,D:\Desktop\capstone\data\merged\ppe_split\val\images\construction_image920.jpg,D:\Desktop\capstone\data\merged\ppe_split\val\labels\construction_image920.txt,,False,0,False,0,9,TN_no_pred_no_helmet_and_no_label3
val,D:\Desktop\capstone\data\merged\ppe_split\val\images\construction_image925.jpg,D:\Desktop\capstone\data\merged\ppe_split\val\labels\construction_image925.txt,,False,0,False,0,1,TN_no_pred_no_helmet_and_no_label3
val,D:\Desktop\capstone\data\merged\ppe_split\val\images\construction_image926.jpg,D:\Desktop\capstone\data\merged\ppe_split\val\labels\construction_image926.txt,,False,0,False,0,1,TN_no_pred_no_helmet_and_no_label3
val,D:\Desktop\capstone\data\merged\ppe_split\val\images\construction_image93.jpg,D:\Desktop\capstone\data\merged\ppe_split\val\labels\construction_image93.txt,,False,0,False,0,1,TN_no_pred_no_helmet_and_no_label3
val,D:\Desktop\capstone\data\merged\ppe_split\val\images\construction_image936.jpg,D:\Desktop\capstone\data\merged\ppe_split\val\labels\construction_image936.txt,,False,0,False,0,1,TN_no_pred_no_helmet_and_no_label3
val,D:\Desktop\capstone\data\merged\ppe_split\val\images\construction_image937.jpg,D:\Desktop\capstone\data\merged\ppe_split\val\labels\construction_image937.txt,,False,0,False,0,1,TN_no_pred_no_helmet_and_no_label3
val,D:\Desktop\capstone\data\merged\ppe_split\val\images\construction_image939.jpeg,D:\Desktop\capstone\data\merged\ppe_split\val\labels\construction_image939.txt,,False,0,False,0,2,TN_no_pred_no_helmet_and_no_label3
val,D:\Desktop\capstone\data\merged\ppe_split\val\images\construction_image94.jpg,D:\Desktop\capstone\data\merged\ppe_split\val\labels\construction_image94.txt,,False,0,False,0,1,TN_no_pred_no_helmet_and_no_label3
val,D:\Desktop\capstone\data\merged\ppe_split\val\images\construction_image948.jpg,D:\Desktop\capstone\data\merged\ppe_split\val\labels\construction_image948.txt,,False,0,False,0,1,TN_no_pred_no_helmet_and_no_label3
val,D:\Desktop\capstone\data\merged\ppe_split\val\images\construction_image949.jpg,D:\Desktop\capstone\data\merged\ppe_split\val\labels\construction_image949.txt,,False,0,False,0,2,TN_no_pred_no_helmet_and_no_label3
val,D:\Desktop\capstone\data\merged\ppe_split\val\images\construction_image95.jpg,D:\Desktop\capstone\data\merged\ppe_split\val\labels\construction_image95.txt,,False,0,False,0,1,TN_no_pred_no_helmet_and_no_label3
val,D:\Desktop\capstone\data\merged\ppe_split\val\images\construction_image953.jpg,D:\Desktop\capstone\data\merged\ppe_split\val\labels\construction_image953.txt,,False,0,False,0,1,TN_no_pred_no_helmet_and_no_label3
val,D:\Desktop\capstone\data\merged\ppe_split\val\images\construction_image957.jpg,D:\Desktop\capstone\data\merged\ppe_split\val\labels\construction_image957.txt,,False,0,False,0,1,TN_no_pred_no_helmet_and_no_label3
val,D:\Desktop\capstone\data\merged\ppe_split\val\images\construction_image959.jpg,D:\Desktop\capstone\data\merged\ppe_split\val\labels\construction_image959.txt,,False,0,False,0,1,TN_no_pred_no_helmet_and_no_label3
val,D:\Desktop\capstone\data\merged\ppe_split\val\images\construction_image962.jpg,D:\Desktop\capstone\data\merged\ppe_split\val\labels\construction_image962.txt,,False,0,False,0,3,TN_no_pred_no_helmet_and_no_label3
val,D:\Desktop\capstone\data\merged\ppe_split\val\images\construction_image963.jpeg,D:\Desktop\capstone\data\merged\ppe_split\val\labels\construction_image963.txt,,False,0,False,0,1,TN_no_pred_no_helmet_and_no_label3
val,D:\Desktop\capstone\data\merged\ppe_split\val\images\construction_image969.jpg,D:\Desktop\capstone\data\merged\ppe_split\val\labels\construction_image969.txt,,False,0,False,0,1,TN_no_pred_no_helmet_and_no_label3
val,D:\Desktop\capstone\data\merged\ppe_split\val\images\construction_image970.jpeg,D:\Desktop\capstone\data\merged\ppe_split\val\labels\construction_image970.txt,,False,0,True,1,1,FP_pred_no_helmet_but_no_label3
val,D:\Desktop\capstone\data\merged\ppe_split\val\images\construction_image972.jpg,D:\Desktop\capstone\data\merged\ppe_split\val\labels\construction_image972.txt,,False,0,False,0,1,TN_no_pred_no_helmet_and_no_label3
val,D:\Desktop\capstone\data\merged\ppe_split\val\images\construction_image973.jpg,D:\Desktop\capstone\data\merged\ppe_split\val\labels\construction_image973.txt,,False,0,False,0,1,TN_no_pred_no_helmet_and_no_label3
val,D:\Desktop\capstone\data\merged\ppe_split\val\images\construction_image975.jpg,D:\Desktop\capstone\data\merged\ppe_split\val\labels\construction_image975.txt,,False,0,False,0,1,TN_no_pred_no_helmet_and_no_label3
val,D:\Desktop\capstone\data\merged\ppe_split\val\images\construction_image978.jpg,D:\Desktop\capstone\data\merged\ppe_split\val\labels\construction_image978.txt,,False,0,False,0,1,TN_no_pred_no_helmet_and_no_label3
val,D:\Desktop\capstone\data\merged\ppe_split\val\images\construction_image982.jpg,D:\Desktop\capstone\data\merged\ppe_split\val\labels\construction_image982.txt,,False,0,False,0,0,TN_no_pred_no_helmet_and_no_label3
val,D:\Desktop\capstone\data\merged\ppe_split\val\images\construction_image983.jpg,D:\Desktop\capstone\data\merged\ppe_split\val\labels\construction_image983.txt,,False,0,False,0,1,TN_no_pred_no_helmet_and_no_label3
val,D:\Desktop\capstone\data\merged\ppe_split\val\images\construction_image984.jpg,D:\Desktop\capstone\data\merged\ppe_split\val\labels\construction_image984.txt,,False,0,False,0,1,TN_no_pred_no_helmet_and_no_label3
val,D:\Desktop\capstone\data\merged\ppe_split\val\images\construction_image986.jpg,D:\Desktop\capstone\data\merged\ppe_split\val\labels\construction_image986.txt,,False,0,False,0,1,TN_no_pred_no_helmet_and_no_label3
val,D:\Desktop\capstone\data\merged\ppe_split\val\images\construction_image99.jpeg,D:\Desktop\capstone\data\merged\ppe_split\val\labels\construction_image99.txt,,False,0,True,1,2,FP_pred_no_helmet_but_no_label3
val,D:\Desktop\capstone\data\merged\ppe_split\val\images\construction_image991.jpg,D:\Desktop\capstone\data\merged\ppe_split\val\labels\construction_image991.txt,,False,0,False,0,1,TN_no_pred_no_helmet_and_no_label3
val,D:\Desktop\capstone\data\merged\ppe_split\val\images\construction_image995.jpg,D:\Desktop\capstone\data\merged\ppe_split\val\labels\construction_image995.txt,,False,0,False,0,1,TN_no_pred_no_helmet_and_no_label3
val,D:\Desktop\capstone\data\merged\ppe_split\val\images\construction_image996.jpg,D:\Desktop\capstone\data\merged\ppe_split\val\labels\construction_image996.txt,,False,0,False,0,1,TN_no_pred_no_helmet_and_no_label3
val,D:\Desktop\capstone\data\merged\ppe_split\val\images\construction_image998.jpg,D:\Desktop\capstone\data\merged\ppe_split\val\labels\construction_image998.txt,,False,0,False,0,1,TN_no_pred_no_helmet_and_no_label3
val,D:\Desktop\capstone\data\merged\ppe_split\val\images\construction_test_image1014.jpg,D:\Desktop\capstone\data\merged\ppe_split\val\labels\construction_test_image1014.txt,,False,0,False,0,1,TN_no_pred_no_helmet_and_no_label3
val,D:\Desktop\capstone\data\merged\ppe_split\val\images\construction_test_image1019.jpg,D:\Desktop\capstone\data\merged\ppe_split\val\labels\construction_test_image1019.txt,,False,0,False,0,1,TN_no_pred_no_helmet_and_no_label3
val,D:\Desktop\capstone\data\merged\ppe_split\val\images\construction_test_image1065.jpg,D:\Desktop\capstone\data\merged\ppe_split\val\labels\construction_test_image1065.txt,,False,0,False,0,1,TN_no_pred_no_helmet_and_no_label3
val,D:\Desktop\capstone\data\merged\ppe_split\val\images\construction_test_image1076.jpg,D:\Desktop\capstone\data\merged\ppe_split\val\labels\construction_test_image1076.txt,,False,0,False,0,1,TN_no_pred_no_helmet_and_no_label3
val,D:\Desktop\capstone\data\merged\ppe_split\val\images\construction_test_image1089.jpg,D:\Desktop\capstone\data\merged\ppe_split\val\labels\construction_test_image1089.txt,,False,0,False,0,1,TN_no_pred_no_helmet_and_no_label3
val,D:\Desktop\capstone\data\merged\ppe_split\val\images\construction_test_image1114.jpg,D:\Desktop\capstone\data\merged\ppe_split\val\labels\construction_test_image1114.txt,,False,0,False,0,1,TN_no_pred_no_helmet_and_no_label3
val,D:\Desktop\capstone\data\merged\ppe_split\val\images\construction_test_image1120.jpg,D:\Desktop\capstone\data\merged\ppe_split\val\labels\construction_test_image1120.txt,,True,1,True,1,1,TP_pred_no_helmet_and_label3
val,D:\Desktop\capstone\data\merged\ppe_split\val\images\construction_test_image1132.jpg,D:\Desktop\capstone\data\merged\ppe_split\val\labels\construction_test_image1132.txt,,True,1,False,0,0,FN_label3_but_not_pred_no_helmet
val,D:\Desktop\capstone\data\merged\ppe_split\val\images\construction_test_image1139.jpg,D:\Desktop\capstone\data\merged\ppe_split\val\labels\construction_test_image1139.txt,,True,1,True,1,1,TP_pred_no_helmet_and_label3
val,D:\Desktop\capstone\data\merged\ppe_split\val\images\construction_test_image122.jpeg,D:\Desktop\capstone\data\merged\ppe_split\val\labels\construction_test_image122.txt,,False,0,False,0,1,TN_no_pred_no_helmet_and_no_label3
val,D:\Desktop\capstone\data\merged\ppe_split\val\images\construction_test_image1231.jpg,D:\Desktop\capstone\data\merged\ppe_split\val\labels\construction_test_image1231.txt,,True,2,True,2,2,TP_pred_no_helmet_and_label3
val,D:\Desktop\capstone\data\merged\ppe_split\val\images\construction_test_image1252.jpg,D:\Desktop\capstone\data\merged\ppe_split\val\labels\construction_test_image1252.txt,,True,1,False,0,0,FN_label3_but_not_pred_no_helmet
val,D:\Desktop\capstone\data\merged\ppe_split\val\images\construction_test_image1256.jpg,D:\Desktop\capstone\data\merged\ppe_split\val\labels\construction_test_image1256.txt,,True,3,True,4,4,TP_pred_no_helmet_and_label3
val,D:\Desktop\capstone\data\merged\ppe_split\val\images\construction_test_image1293.jpg,D:\Desktop\capstone\data\merged\ppe_split\val\labels\construction_test_image1293.txt,,True,1,False,0,0,FN_label3_but_not_pred_no_helmet
val,D:\Desktop\capstone\data\merged\ppe_split\val\images\construction_test_image140.jpg,D:\Desktop\capstone\data\merged\ppe_split\val\labels\construction_test_image140.txt,,False,0,False,0,2,TN_no_pred_no_helmet_and_no_label3
val,D:\Desktop\capstone\data\merged\ppe_split\val\images\construction_test_image1406.jpg,D:\Desktop\capstone\data\merged\ppe_split\val\labels\construction_test_image1406.txt,,False,0,False,0,1,TN_no_pred_no_helmet_and_no_label3
val,D:\Desktop\capstone\data\merged\ppe_split\val\images\construction_test_image167.jpg,D:\Desktop\capstone\data\merged\ppe_split\val\labels\construction_test_image167.txt,,False,0,False,0,7,TN_no_pred_no_helmet_and_no_label3
val,D:\Desktop\capstone\data\merged\ppe_split\val\images\construction_test_image168.jpg,D:\Desktop\capstone\data\merged\ppe_split\val\labels\construction_test_image168.txt,,False,0,False,0,1,TN_no_pred_no_helmet_and_no_label3
val,D:\Desktop\capstone\data\merged\ppe_split\val\images\construction_test_image169.jpg,D:\Desktop\capstone\data\merged\ppe_split\val\labels\construction_test_image169.txt,,False,0,False,0,0,TN_no_pred_no_helmet_and_no_label3
val,D:\Desktop\capstone\data\merged\ppe_split\val\images\construction_test_image180.jpg,D:\Desktop\capstone\data\merged\ppe_split\val\labels\construction_test_image180.txt,,False,0,False,0,0,TN_no_pred_no_helmet_and_no_label3
val,D:\Desktop\capstone\data\merged\ppe_split\val\images\construction_test_image190.jpg,D:\Desktop\capstone\data\merged\ppe_split\val\labels\construction_test_image190.txt,,False,0,True,1,1,FP_pred_no_helmet_but_no_label3
val,D:\Desktop\capstone\data\merged\ppe_split\val\images\construction_test_image231.jpg,D:\Desktop\capstone\data\merged\ppe_split\val\labels\construction_test_image231.txt,,False,0,False,0,0,TN_no_pred_no_helmet_and_no_label3
val,D:\Desktop\capstone\data\merged\ppe_split\val\images\construction_test_image345.jpg,D:\Desktop\capstone\data\merged\ppe_split\val\labels\construction_test_image345.txt,,False,0,False,0,1,TN_no_pred_no_helmet_and_no_label3
val,D:\Desktop\capstone\data\merged\ppe_split\val\images\construction_test_image381.jpg,D:\Desktop\capstone\data\merged\ppe_split\val\labels\construction_test_image381.txt,,False,0,False,0,0,TN_no_pred_no_helmet_and_no_label3
val,D:\Desktop\capstone\data\merged\ppe_split\val\images\construction_test_image389.jpg,D:\Desktop\capstone\data\merged\ppe_split\val\labels\construction_test_image389.txt,,False,0,False,0,1,TN_no_pred_no_helmet_and_no_label3
val,D:\Desktop\capstone\data\merged\ppe_split\val\images\construction_test_image401.jpg,D:\Desktop\capstone\data\merged\ppe_split\val\labels\construction_test_image401.txt,,False,0,False,0,1,TN_no_pred_no_helmet_and_no_label3
val,D:\Desktop\capstone\data\merged\ppe_split\val\images\construction_test_image431.jpg,D:\Desktop\capstone\data\merged\ppe_split\val\labels\construction_test_image431.txt,,False,0,False,0,1,TN_no_pred_no_helmet_and_no_label3
val,D:\Desktop\capstone\data\merged\ppe_split\val\images\construction_test_image459.jpg,D:\Desktop\capstone\data\merged\ppe_split\val\labels\construction_test_image459.txt,,False,0,False,0,0,TN_no_pred_no_helmet_and_no_label3
val,D:\Desktop\capstone\data\merged\ppe_split\val\images\construction_test_image470.jpeg,D:\Desktop\capstone\data\merged\ppe_split\val\labels\construction_test_image470.txt,,False,0,False,0,1,TN_no_pred_no_helmet_and_no_label3
val,D:\Desktop\capstone\data\merged\ppe_split\val\images\construction_test_image481.jpg,D:\Desktop\capstone\data\merged\ppe_split\val\labels\construction_test_image481.txt,,False,0,False,0,3,TN_no_pred_no_helmet_and_no_label3
val,D:\Desktop\capstone\data\merged\ppe_split\val\images\construction_test_image484.jpg,D:\Desktop\capstone\data\merged\ppe_split\val\labels\construction_test_image484.txt,,False,0,False,0,0,TN_no_pred_no_helmet_and_no_label3
val,D:\Desktop\capstone\data\merged\ppe_split\val\images\construction_test_image502.jpg,D:\Desktop\capstone\data\merged\ppe_split\val\labels\construction_test_image502.txt,,False,0,False,0,1,TN_no_pred_no_helmet_and_no_label3
val,D:\Desktop\capstone\data\merged\ppe_split\val\images\construction_test_image536.jpg,D:\Desktop\capstone\data\merged\ppe_split\val\labels\construction_test_image536.txt,,False,0,False,0,8,TN_no_pred_no_helmet_and_no_label3
val,D:\Desktop\capstone\data\merged\ppe_split\val\images\construction_test_image538.jpg,D:\Desktop\capstone\data\merged\ppe_split\val\labels\construction_test_image538.txt,,False,0,False,0,6,TN_no_pred_no_helmet_and_no_label3
val,D:\Desktop\capstone\data\merged\ppe_split\val\images\construction_test_image548.jpg,D:\Desktop\capstone\data\merged\ppe_split\val\labels\construction_test_image548.txt,,False,0,False,0,2,TN_no_pred_no_helmet_and_no_label3
val,D:\Desktop\capstone\data\merged\ppe_split\val\images\construction_test_image585.jpg,D:\Desktop\capstone\data\merged\ppe_split\val\labels\construction_test_image585.txt,,False,0,False,0,1,TN_no_pred_no_helmet_and_no_label3
val,D:\Desktop\capstone\data\merged\ppe_split\val\images\construction_test_image6.jpeg,D:\Desktop\capstone\data\merged\ppe_split\val\labels\construction_test_image6.txt,,False,0,False,0,1,TN_no_pred_no_helmet_and_no_label3
val,D:\Desktop\capstone\data\merged\ppe_split\val\images\construction_test_image612.jpg,D:\Desktop\capstone\data\merged\ppe_split\val\labels\construction_test_image612.txt,,False,0,False,0,6,TN_no_pred_no_helmet_and_no_label3
val,D:\Desktop\capstone\data\merged\ppe_split\val\images\construction_test_image616.jpg,D:\Desktop\capstone\data\merged\ppe_split\val\labels\construction_test_image616.txt,,False,0,True,1,2,FP_pred_no_helmet_but_no_label3
val,D:\Desktop\capstone\data\merged\ppe_split\val\images\construction_test_image619.jpeg,D:\Desktop\capstone\data\merged\ppe_split\val\labels\construction_test_image619.txt,,False,0,False,0,2,TN_no_pred_no_helmet_and_no_label3
val,D:\Desktop\capstone\data\merged\ppe_split\val\images\construction_test_image63.jpg,D:\Desktop\capstone\data\merged\ppe_split\val\labels\construction_test_image63.txt,,False,0,False,0,1,TN_no_pred_no_helmet_and_no_label3
val,D:\Desktop\capstone\data\merged\ppe_split\val\images\construction_test_image696.jpg,D:\Desktop\capstone\data\merged\ppe_split\val\labels\construction_test_image696.txt,,False,0,False,0,1,TN_no_pred_no_helmet_and_no_label3
val,D:\Desktop\capstone\data\merged\ppe_split\val\images\construction_test_image714.jpeg,D:\Desktop\capstone\data\merged\ppe_split\val\labels\construction_test_image714.txt,,False,0,False,0,0,TN_no_pred_no_helmet_and_no_label3
val,D:\Desktop\capstone\data\merged\ppe_split\val\images\construction_test_image722.jpeg,D:\Desktop\capstone\data\merged\ppe_split\val\labels\construction_test_image722.txt,,False,0,False,0,0,TN_no_pred_no_helmet_and_no_label3
val,D:\Desktop\capstone\data\merged\ppe_split\val\images\construction_test_image739.jpeg,D:\Desktop\capstone\data\merged\ppe_split\val\labels\construction_test_image739.txt,,False,0,False,0,1,TN_no_pred_no_helmet_and_no_label3
val,D:\Desktop\capstone\data\merged\ppe_split\val\images\construction_test_image796.jpg,D:\Desktop\capstone\data\merged\ppe_split\val\labels\construction_test_image796.txt,,False,0,False,0,7,TN_no_pred_no_helmet_and_no_label3
val,D:\Desktop\capstone\data\merged\ppe_split\val\images\construction_test_image805.jpg,D:\Desktop\capstone\data\merged\ppe_split\val\labels\construction_test_image805.txt,,False,0,False,0,1,TN_no_pred_no_helmet_and_no_label3
val,D:\Desktop\capstone\data\merged\ppe_split\val\images\construction_test_image810.jpg,D:\Desktop\capstone\data\merged\ppe_split\val\labels\construction_test_image810.txt,,False,0,True,1,1,FP_pred_no_helmet_but_no_label3
val,D:\Desktop\capstone\data\merged\ppe_split\val\images\construction_test_image825.jpg,D:\Desktop\capstone\data\merged\ppe_split\val\labels\construction_test_image825.txt,,False,0,False,0,1,TN_no_pred_no_helmet_and_no_label3
val,D:\Desktop\capstone\data\merged\ppe_split\val\images\construction_test_image884.jpg,D:\Desktop\capstone\data\merged\ppe_split\val\labels\construction_test_image884.txt,,False,0,False,0,1,TN_no_pred_no_helmet_and_no_label3
val,D:\Desktop\capstone\data\merged\ppe_split\val\images\construction_test_image913.jpg,D:\Desktop\capstone\data\merged\ppe_split\val\labels\construction_test_image913.txt,,False,0,False,0,1,TN_no_pred_no_helmet_and_no_label3
val,D:\Desktop\capstone\data\merged\ppe_split\val\images\construction_test_image921.jpg,D:\Desktop\capstone\data\merged\ppe_split\val\labels\construction_test_image921.txt,,False,0,False,0,1,TN_no_pred_no_helmet_and_no_label3
val,D:\Desktop\capstone\data\merged\ppe_split\val\images\construction_test_image922.jpg,D:\Desktop\capstone\data\merged\ppe_split\val\labels\construction_test_image922.txt,,False,0,False,0,1,TN_no_pred_no_helmet_and_no_label3
val,D:\Desktop\capstone\data\merged\ppe_split\val\images\construction_test_image935.jpg,D:\Desktop\capstone\data\merged\ppe_split\val\labels\construction_test_image935.txt,,False,0,False,0,1,TN_no_pred_no_helmet_and_no_label3
val,D:\Desktop\capstone\data\merged\ppe_split\val\images\construction_test_image987.jpg,D:\Desktop\capstone\data\merged\ppe_split\val\labels\construction_test_image987.txt,,False,0,False,0,1,TN_no_pred_no_helmet_and_no_label3
val,D:\Desktop\capstone\data\merged\ppe_split\val\images\shwd_000006.jpg,D:\Desktop\capstone\data\merged\ppe_split\val\labels\shwd_000006.txt,,False,0,True,2,3,FP_pred_no_helmet_but_no_label3
val,D:\Desktop\capstone\data\merged\ppe_split\val\images\shwd_000008.jpg,D:\Desktop\capstone\data\merged\ppe_split\val\labels\shwd_000008.txt,,False,0,False,0,2,TN_no_pred_no_helmet_and_no_label3
val,D:\Desktop\capstone\data\merged\ppe_split\val\images\shwd_000011.jpg,D:\Desktop\capstone\data\merged\ppe_split\val\labels\shwd_000011.txt,,False,0,False,0,1,TN_no_pred_no_helmet_and_no_label3
val,D:\Desktop\capstone\data\merged\ppe_split\val\images\shwd_000023.jpg,D:\Desktop\capstone\data\merged\ppe_split\val\labels\shwd_000023.txt,,False,0,True,1,1,FP_pred_no_helmet_but_no_label3
val,D:\Desktop\capstone\data\merged\ppe_split\val\images\shwd_000032.jpg,D:\Desktop\capstone\data\merged\ppe_split\val\labels\shwd_000032.txt,,False,0,False,0,10,TN_no_pred_no_helmet_and_no_label3
val,D:\Desktop\capstone\data\merged\ppe_split\val\images\shwd_000034.jpg,D:\Desktop\capstone\data\merged\ppe_split\val\labels\shwd_000034.txt,,False,0,False,0,2,TN_no_pred_no_helmet_and_no_label3
val,D:\Desktop\capstone\data\merged\ppe_split\val\images\shwd_000038.jpg,D:\Desktop\capstone\data\merged\ppe_split\val\labels\shwd_000038.txt,,False,0,False,0,1,TN_no_pred_no_helmet_and_no_label3
val,D:\Desktop\capstone\data\merged\ppe_split\val\images\shwd_000044.jpg,D:\Desktop\capstone\data\merged\ppe_split\val\labels\shwd_000044.txt,,False,0,False,0,7,TN_no_pred_no_helmet_and_no_label3
val,D:\Desktop\capstone\data\merged\ppe_split\val\images\shwd_000051.jpg,D:\Desktop\capstone\data\merged\ppe_split\val\labels\shwd_000051.txt,,False,0,False,0,1,TN_no_pred_no_helmet_and_no_label3
val,D:\Desktop\capstone\data\merged\ppe_split\val\images\shwd_000054.jpg,D:\Desktop\capstone\data\merged\ppe_split\val\labels\shwd_000054.txt,,False,0,False,0,2,TN_no_pred_no_helmet_and_no_label3
val,D:\Desktop\capstone\data\merged\ppe_split\val\images\shwd_000058.jpg,D:\Desktop\capstone\data\merged\ppe_split\val\labels\shwd_000058.txt,,False,0,False,0,0,TN_no_pred_no_helmet_and_no_label3
val,D:\Desktop\capstone\data\merged\ppe_split\val\images\shwd_000063.jpg,D:\Desktop\capstone\data\merged\ppe_split\val\labels\shwd_000063.txt,,False,0,False,0,0,TN_no_pred_no_helmet_and_no_label3
val,D:\Desktop\capstone\data\merged\ppe_split\val\images\shwd_000067.jpg,D:\Desktop\capstone\data\merged\ppe_split\val\labels\shwd_000067.txt,,False,0,False,0,3,TN_no_pred_no_helmet_and_no_label3
val,D:\Desktop\capstone\data\merged\ppe_split\val\images\shwd_000079.jpg,D:\Desktop\capstone\data\merged\ppe_split\val\labels\shwd_000079.txt,,False,0,False,0,0,TN_no_pred_no_helmet_and_no_label3
val,D:\Desktop\capstone\data\merged\ppe_split\val\images\shwd_000084.jpg,D:\Desktop\capstone\data\merged\ppe_split\val\labels\shwd_000084.txt,,False,0,True,1,1,FP_pred_no_helmet_but_no_label3
val,D:\Desktop\capstone\data\merged\ppe_split\val\images\shwd_000089.jpg,D:\Desktop\capstone\data\merged\ppe_split\val\labels\shwd_000089.txt,,False,0,False,0,1,TN_no_pred_no_helmet_and_no_label3
val,D:\Desktop\capstone\data\merged\ppe_split\val\images\shwd_000093.jpg,D:\Desktop\capstone\data\merged\ppe_split\val\labels\shwd_000093.txt,,False,0,False,0,2,TN_no_pred_no_helmet_and_no_label3
val,D:\Desktop\capstone\data\merged\ppe_split\val\images\shwd_000094.jpg,D:\Desktop\capstone\data\merged\ppe_split\val\labels\shwd_000094.txt,,False,0,False,0,0,TN_no_pred_no_helmet_and_no_label3
val,D:\Desktop\capstone\data\merged\ppe_split\val\images\shwd_000098.jpg,D:\Desktop\capstone\data\merged\ppe_split\val\labels\shwd_000098.txt,,False,0,False,0,2,TN_no_pred_no_helmet_and_no_label3
val,D:\Desktop\capstone\data\merged\ppe_split\val\images\shwd_000100.jpg,D:\Desktop\capstone\data\merged\ppe_split\val\labels\shwd_000100.txt,,False,0,False,0,1,TN_no_pred_no_helmet_and_no_label3
val,D:\Desktop\capstone\data\merged\ppe_split\val\images\shwd_000104.jpg,D:\Desktop\capstone\data\merged\ppe_split\val\labels\shwd_000104.txt,,False,0,False,0,1,TN_no_pred_no_helmet_and_no_label3
val,D:\Desktop\capstone\data\merged\ppe_split\val\images\shwd_000114.jpg,D:\Desktop\capstone\data\merged\ppe_split\val\labels\shwd_000114.txt,,False,0,False,0,1,TN_no_pred_no_helmet_and_no_label3
val,D:\Desktop\capstone\data\merged\ppe_split\val\images\shwd_000115.jpg,D:\Desktop\capstone\data\merged\ppe_split\val\labels\shwd_000115.txt,,False,0,False,0,4,TN_no_pred_no_helmet_and_no_label3
val,D:\Desktop\capstone\data\merged\ppe_split\val\images\shwd_000116.jpg,D:\Desktop\capstone\data\merged\ppe_split\val\labels\shwd_000116.txt,,False,0,False,0,2,TN_no_pred_no_helmet_and_no_label3
val,D:\Desktop\capstone\data\merged\ppe_split\val\images\shwd_000121.jpg,D:\Desktop\capstone\data\merged\ppe_split\val\labels\shwd_000121.txt,,False,0,False,0,1,TN_no_pred_no_helmet_and_no_label3
val,D:\Desktop\capstone\data\merged\ppe_split\val\images\shwd_000125.jpg,D:\Desktop\capstone\data\merged\ppe_split\val\labels\shwd_000125.txt,,False,0,True,1,2,FP_pred_no_helmet_but_no_label3
val,D:\Desktop\capstone\data\merged\ppe_split\val\images\shwd_000133.jpg,D:\Desktop\capstone\data\merged\ppe_split\val\labels\shwd_000133.txt,,False,0,False,0,0,TN_no_pred_no_helmet_and_no_label3
val,D:\Desktop\capstone\data\merged\ppe_split\val\images\shwd_000135.jpg,D:\Desktop\capstone\data\merged\ppe_split\val\labels\shwd_000135.txt,,False,0,False,0,2,TN_no_pred_no_helmet_and_no_label3
val,D:\Desktop\capstone\data\merged\ppe_split\val\images\shwd_000136.jpg,D:\Desktop\capstone\data\merged\ppe_split\val\labels\shwd_000136.txt,,False,0,False,0,4,TN_no_pred_no_helmet_and_no_label3
val,D:\Desktop\capstone\data\merged\ppe_split\val\images\shwd_000138.jpg,D:\Desktop\capstone\data\merged\ppe_split\val\labels\shwd_000138.txt,,False,0,False,0,2,TN_no_pred_no_helmet_and_no_label3
val,D:\Desktop\capstone\data\merged\ppe_split\val\images\shwd_000150.jpg,D:\Desktop\capstone\data\merged\ppe_split\val\labels\shwd_000150.txt,,False,0,False,0,1,TN_no_pred_no_helmet_and_no_label3
val,D:\Desktop\capstone\data\merged\ppe_split\val\images\shwd_000156.jpg,D:\Desktop\capstone\data\merged\ppe_split\val\labels\shwd_000156.txt,,False,0,False,0,5,TN_no_pred_no_helmet_and_no_label3
val,D:\Desktop\capstone\data\merged\ppe_split\val\images\shwd_000158.jpg,D:\Desktop\capstone\data\merged\ppe_split\val\labels\shwd_000158.txt,,False,0,False,0,1,TN_no_pred_no_helmet_and_no_label3
val,D:\Desktop\capstone\data\merged\ppe_split\val\images\shwd_000165.jpg,D:\Desktop\capstone\data\merged\ppe_split\val\labels\shwd_000165.txt,,False,0,False,0,2,TN_no_pred_no_helmet_and_no_label3
val,D:\Desktop\capstone\data\merged\ppe_split\val\images\shwd_000178.jpg,D:\Desktop\capstone\data\merged\ppe_split\val\labels\shwd_000178.txt,,False,0,False,0,3,TN_no_pred_no_helmet_and_no_label3
val,D:\Desktop\capstone\data\merged\ppe_split\val\images\shwd_000185.jpg,D:\Desktop\capstone\data\merged\ppe_split\val\labels\shwd_000185.txt,,False,0,True,1,2,FP_pred_no_helmet_but_no_label3
val,D:\Desktop\capstone\data\merged\ppe_split\val\images\shwd_000186.jpg,D:\Desktop\capstone\data\merged\ppe_split\val\labels\shwd_000186.txt,,False,0,False,0,3,TN_no_pred_no_helmet_and_no_label3
val,D:\Desktop\capstone\data\merged\ppe_split\val\images\shwd_000188.jpg,D:\Desktop\capstone\data\merged\ppe_split\val\labels\shwd_000188.txt,,False,0,False,0,3,TN_no_pred_no_helmet_and_no_label3
val,D:\Desktop\capstone\data\merged\ppe_split\val\images\shwd_000203.jpg,D:\Desktop\capstone\data\merged\ppe_split\val\labels\shwd_000203.txt,,False,0,True,1,1,FP_pred_no_helmet_but_no_label3
val,D:\Desktop\capstone\data\merged\ppe_split\val\images\shwd_000219.jpg,D:\Desktop\capstone\data\merged\ppe_split\val\labels\shwd_000219.txt,,False,0,False,0,1,TN_no_pred_no_helmet_and_no_label3
val,D:\Desktop\capstone\data\merged\ppe_split\val\images\shwd_000221.jpg,D:\Desktop\capstone\data\merged\ppe_split\val\labels\shwd_000221.txt,,False,0,False,0,10,TN_no_pred_no_helmet_and_no_label3
val,D:\Desktop\capstone\data\merged\ppe_split\val\images\shwd_000229.jpg,D:\Desktop\capstone\data\merged\ppe_split\val\labels\shwd_000229.txt,,False,0,False,0,0,TN_no_pred_no_helmet_and_no_label3
val,D:\Desktop\capstone\data\merged\ppe_split\val\images\shwd_000232.jpg,D:\Desktop\capstone\data\merged\ppe_split\val\labels\shwd_000232.txt,,False,0,True,1,2,FP_pred_no_helmet_but_no_label3
val,D:\Desktop\capstone\data\merged\ppe_split\val\images\shwd_000234.jpg,D:\Desktop\capstone\data\merged\ppe_split\val\labels\shwd_000234.txt,,False,0,False,0,1,TN_no_pred_no_helmet_and_no_label3
val,D:\Desktop\capstone\data\merged\ppe_split\val\images\shwd_000245.jpg,D:\Desktop\capstone\data\merged\ppe_split\val\labels\shwd_000245.txt,,False,0,True,1,2,FP_pred_no_helmet_but_no_label3
val,D:\Desktop\capstone\data\merged\ppe_split\val\images\shwd_000261.jpg,D:\Desktop\capstone\data\merged\ppe_split\val\labels\shwd_000261.txt,,False,0,False,0,0,TN_no_pred_no_helmet_and_no_label3
val,D:\Desktop\capstone\data\merged\ppe_split\val\images\shwd_000262.jpg,D:\Desktop\capstone\data\merged\ppe_split\val\labels\shwd_000262.txt,,False,0,True,1,3,FP_pred_no_helmet_but_no_label3
val,D:\Desktop\capstone\data\merged\ppe_split\val\images\shwd_000268.jpg,D:\Desktop\capstone\data\merged\ppe_split\val\labels\shwd_000268.txt,,False,0,False,0,2,TN_no_pred_no_helmet_and_no_label3
val,D:\Desktop\capstone\data\merged\ppe_split\val\images\shwd_000287.jpg,D:\Desktop\capstone\data\merged\ppe_split\val\labels\shwd_000287.txt,,False,0,False,0,1,TN_no_pred_no_helmet_and_no_label3
val,D:\Desktop\capstone\data\merged\ppe_split\val\images\shwd_000289.jpg,D:\Desktop\capstone\data\merged\ppe_split\val\labels\shwd_000289.txt,,False,0,False,0,2,TN_no_pred_no_helmet_and_no_label3
val,D:\Desktop\capstone\data\merged\ppe_split\val\images\shwd_000298.jpg,D:\Desktop\capstone\data\merged\ppe_split\val\labels\shwd_000298.txt,,False,0,False,0,3,TN_no_pred_no_helmet_and_no_label3
val,D:\Desktop\capstone\data\merged\ppe_split\val\images\shwd_000305.jpg,D:\Desktop\capstone\data\merged\ppe_split\val\labels\shwd_000305.txt,,False,0,False,0,2,TN_no_pred_no_helmet_and_no_label3
val,D:\Desktop\capstone\data\merged\ppe_split\val\images\shwd_000309.jpg,D:\Desktop\capstone\data\merged\ppe_split\val\labels\shwd_000309.txt,,False,0,False,0,5,TN_no_pred_no_helmet_and_no_label3
val,D:\Desktop\capstone\data\merged\ppe_split\val\images\shwd_000314.jpg,D:\Desktop\capstone\data\merged\ppe_split\val\labels\shwd_000314.txt,,False,0,False,0,1,TN_no_pred_no_helmet_and_no_label3
val,D:\Desktop\capstone\data\merged\ppe_split\val\images\shwd_000315.jpg,D:\Desktop\capstone\data\merged\ppe_split\val\labels\shwd_000315.txt,,False,0,True,1,1,FP_pred_no_helmet_but_no_label3
val,D:\Desktop\capstone\data\merged\ppe_split\val\images\shwd_000319.jpg,D:\Desktop\capstone\data\merged\ppe_split\val\labels\shwd_000319.txt,,False,0,False,0,1,TN_no_pred_no_helmet_and_no_label3
val,D:\Desktop\capstone\data\merged\ppe_split\val\images\shwd_000321.jpg,D:\Desktop\capstone\data\merged\ppe_split\val\labels\shwd_000321.txt,,False,0,False,0,8,TN_no_pred_no_helmet_and_no_label3
val,D:\Desktop\capstone\data\merged\ppe_split\val\images\shwd_000325.jpg,D:\Desktop\capstone\data\merged\ppe_split\val\labels\shwd_000325.txt,,False,0,False,0,1,TN_no_pred_no_helmet_and_no_label3
val,D:\Desktop\capstone\data\merged\ppe_split\val\images\shwd_000334.jpg,D:\Desktop\capstone\data\merged\ppe_split\val\labels\shwd_000334.txt,,False,0,False,0,1,TN_no_pred_no_helmet_and_no_label3
val,D:\Desktop\capstone\data\merged\ppe_split\val\images\shwd_000345.jpg,D:\Desktop\capstone\data\merged\ppe_split\val\labels\shwd_000345.txt,,False,0,False,0,2,TN_no_pred_no_helmet_and_no_label3
val,D:\Desktop\capstone\data\merged\ppe_split\val\images\shwd_000348.jpg,D:\Desktop\capstone\data\merged\ppe_split\val\labels\shwd_000348.txt,,False,0,True,1,2,FP_pred_no_helmet_but_no_label3
val,D:\Desktop\capstone\data\merged\ppe_split\val\images\shwd_000350.jpg,D:\Desktop\capstone\data\merged\ppe_split\val\labels\shwd_000350.txt,,False,0,False,0,1,TN_no_pred_no_helmet_and_no_label3
val,D:\Desktop\capstone\data\merged\ppe_split\val\images\shwd_000366.jpg,D:\Desktop\capstone\data\merged\ppe_split\val\labels\shwd_000366.txt,,False,0,False,0,5,TN_no_pred_no_helmet_and_no_label3
val,D:\Desktop\capstone\data\merged\ppe_split\val\images\shwd_000375.jpg,D:\Desktop\capstone\data\merged\ppe_split\val\labels\shwd_000375.txt,,False,0,False,0,0,TN_no_pred_no_helmet_and_no_label3
val,D:\Desktop\capstone\data\merged\ppe_split\val\images\shwd_000378.jpg,D:\Desktop\capstone\data\merged\ppe_split\val\labels\shwd_000378.txt,,False,0,False,0,3,TN_no_pred_no_helmet_and_no_label3
val,D:\Desktop\capstone\data\merged\ppe_split\val\images\shwd_000390.jpg,D:\Desktop\capstone\data\merged\ppe_split\val\labels\shwd_000390.txt,,False,0,False,0,0,TN_no_pred_no_helmet_and_no_label3
val,D:\Desktop\capstone\data\merged\ppe_split\val\images\shwd_000395.jpg,D:\Desktop\capstone\data\merged\ppe_split\val\labels\shwd_000395.txt,,False,0,False,0,2,TN_no_pred_no_helmet_and_no_label3
val,D:\Desktop\capstone\data\merged\ppe_split\val\images\shwd_000396.jpg,D:\Desktop\capstone\data\merged\ppe_split\val\labels\shwd_000396.txt,,False,0,False,0,3,TN_no_pred_no_helmet_and_no_label3
val,D:\Desktop\capstone\data\merged\ppe_split\val\images\shwd_000403.jpg,D:\Desktop\capstone\data\merged\ppe_split\val\labels\shwd_000403.txt,,False,0,False,0,2,TN_no_pred_no_helmet_and_no_label3
val,D:\Desktop\capstone\data\merged\ppe_split\val\images\shwd_000411.jpg,D:\Desktop\capstone\data\merged\ppe_split\val\labels\shwd_000411.txt,,False,0,False,0,4,TN_no_pred_no_helmet_and_no_label3
val,D:\Desktop\capstone\data\merged\ppe_split\val\images\shwd_000414.jpg,D:\Desktop\capstone\data\merged\ppe_split\val\labels\shwd_000414.txt,,False,0,True,1,1,FP_pred_no_helmet_but_no_label3
val,D:\Desktop\capstone\data\merged\ppe_split\val\images\shwd_000423.jpg,D:\Desktop\capstone\data\merged\ppe_split\val\labels\shwd_000423.txt,,False,0,True,2,3,FP_pred_no_helmet_but_no_label3
val,D:\Desktop\capstone\data\merged\ppe_split\val\images\shwd_000428.jpg,D:\Desktop\capstone\data\merged\ppe_split\val\labels\shwd_000428.txt,,False,0,False,0,1,TN_no_pred_no_helmet_and_no_label3
val,D:\Desktop\capstone\data\merged\ppe_split\val\images\shwd_000430.jpg,D:\Desktop\capstone\data\merged\ppe_split\val\labels\shwd_000430.txt,,False,0,False,0,3,TN_no_pred_no_helmet_and_no_label3
val,D:\Desktop\capstone\data\merged\ppe_split\val\images\shwd_000431.jpg,D:\Desktop\capstone\data\merged\ppe_split\val\labels\shwd_000431.txt,,False,0,False,0,0,TN_no_pred_no_helmet_and_no_label3
val,D:\Desktop\capstone\data\merged\ppe_split\val\images\shwd_000438.jpg,D:\Desktop\capstone\data\merged\ppe_split\val\labels\shwd_000438.txt,,False,0,False,0,1,TN_no_pred_no_helmet_and_no_label3
val,D:\Desktop\capstone\data\merged\ppe_split\val\images\shwd_000441.jpg,D:\Desktop\capstone\data\merged\ppe_split\val\labels\shwd_000441.txt,,False,0,False,0,4,TN_no_pred_no_helmet_and_no_label3
val,D:\Desktop\capstone\data\merged\ppe_split\val\images\shwd_000446.jpg,D:\Desktop\capstone\data\merged\ppe_split\val\labels\shwd_000446.txt,,False,0,False,0,0,TN_no_pred_no_helmet_and_no_label3
val,D:\Desktop\capstone\data\merged\ppe_split\val\images\shwd_000447.jpg,D:\Desktop\capstone\data\merged\ppe_split\val\labels\shwd_000447.txt,,False,0,True,1,8,FP_pred_no_helmet_but_no_label3
val,D:\Desktop\capstone\data\merged\ppe_split\val\images\shwd_000452.jpg,D:\Desktop\capstone\data\merged\ppe_split\val\labels\shwd_000452.txt,,False,0,False,0,0,TN_no_pred_no_helmet_and_no_label3
val,D:\Desktop\capstone\data\merged\ppe_split\val\images\shwd_000457.jpg,D:\Desktop\capstone\data\merged\ppe_split\val\labels\shwd_000457.txt,,False,0,False,0,2,TN_no_pred_no_helmet_and_no_label3
val,D:\Desktop\capstone\data\merged\ppe_split\val\images\shwd_000459.jpg,D:\Desktop\capstone\data\merged\ppe_split\val\labels\shwd_000459.txt,,False,0,True,1,3,FP_pred_no_helmet_but_no_label3
val,D:\Desktop\capstone\data\merged\ppe_split\val\images\shwd_000461.jpg,D:\Desktop\capstone\data\merged\ppe_split\val\labels\shwd_000461.txt,,False,0,False,0,9,TN_no_pred_no_helmet_and_no_label3
val,D:\Desktop\capstone\data\merged\ppe_split\val\images\shwd_000463.jpg,D:\Desktop\capstone\data\merged\ppe_split\val\labels\shwd_000463.txt,,False,0,False,0,0,TN_no_pred_no_helmet_and_no_label3
val,D:\Desktop\capstone\data\merged\ppe_split\val\images\shwd_000464.jpg,D:\Desktop\capstone\data\merged\ppe_split\val\labels\shwd_000464.txt,,False,0,False,0,3,TN_no_pred_no_helmet_and_no_label3
val,D:\Desktop\capstone\data\merged\ppe_split\val\images\shwd_000487.jpg,D:\Desktop\capstone\data\merged\ppe_split\val\labels\shwd_000487.txt,,False,0,False,0,5,TN_no_pred_no_helmet_and_no_label3
val,D:\Desktop\capstone\data\merged\ppe_split\val\images\shwd_000498.jpg,D:\Desktop\capstone\data\merged\ppe_split\val\labels\shwd_000498.txt,,False,0,False,0,3,TN_no_pred_no_helmet_and_no_label3
val,D:\Desktop\capstone\data\merged\ppe_split\val\images\shwd_000503.jpg,D:\Desktop\capstone\data\merged\ppe_split\val\labels\shwd_000503.txt,,False,0,False,0,1,TN_no_pred_no_helmet_and_no_label3
val,D:\Desktop\capstone\data\merged\ppe_split\val\images\shwd_000508.jpg,D:\Desktop\capstone\data\merged\ppe_split\val\labels\shwd_000508.txt,,False,0,False,0,1,TN_no_pred_no_helmet_and_no_label3
val,D:\Desktop\capstone\data\merged\ppe_split\val\images\shwd_000515.jpg,D:\Desktop\capstone\data\merged\ppe_split\val\labels\shwd_000515.txt,,False,0,False,0,1,TN_no_pred_no_helmet_and_no_label3
val,D:\Desktop\capstone\data\merged\ppe_split\val\images\shwd_000517.jpg,D:\Desktop\capstone\data\merged\ppe_split\val\labels\shwd_000517.txt,,False,0,False,0,9,TN_no_pred_no_helmet_and_no_label3
val,D:\Desktop\capstone\data\merged\ppe_split\val\images\shwd_000527.jpg,D:\Desktop\capstone\data\merged\ppe_split\val\labels\shwd_000527.txt,,False,0,False,0,1,TN_no_pred_no_helmet_and_no_label3
val,D:\Desktop\capstone\data\merged\ppe_split\val\images\shwd_000532.jpg,D:\Desktop\capstone\data\merged\ppe_split\val\labels\shwd_000532.txt,,False,0,False,0,1,TN_no_pred_no_helmet_and_no_label3
val,D:\Desktop\capstone\data\merged\ppe_split\val\images\shwd_000538.jpg,D:\Desktop\capstone\data\merged\ppe_split\val\labels\shwd_000538.txt,,False,0,False,0,4,TN_no_pred_no_helmet_and_no_label3
val,D:\Desktop\capstone\data\merged\ppe_split\val\images\shwd_000540.jpg,D:\Desktop\capstone\data\merged\ppe_split\val\labels\shwd_000540.txt,,False,0,False,0,0,TN_no_pred_no_helmet_and_no_label3
val,D:\Desktop\capstone\data\merged\ppe_split\val\images\shwd_000548.jpg,D:\Desktop\capstone\data\merged\ppe_split\val\labels\shwd_000548.txt,,False,0,True,1,1,FP_pred_no_helmet_but_no_label3
val,D:\Desktop\capstone\data\merged\ppe_split\val\images\shwd_000549.jpg,D:\Desktop\capstone\data\merged\ppe_split\val\labels\shwd_000549.txt,,False,0,False,0,1,TN_no_pred_no_helmet_and_no_label3
val,D:\Desktop\capstone\data\merged\ppe_split\val\images\shwd_000557.jpg,D:\Desktop\capstone\data\merged\ppe_split\val\labels\shwd_000557.txt,,False,0,False,0,1,TN_no_pred_no_helmet_and_no_label3
val,D:\Desktop\capstone\data\merged\ppe_split\val\images\shwd_000558.jpg,D:\Desktop\capstone\data\merged\ppe_split\val\labels\shwd_000558.txt,,False,0,False,0,6,TN_no_pred_no_helmet_and_no_label3
val,D:\Desktop\capstone\data\merged\ppe_split\val\images\shwd_000562.jpg,D:\Desktop\capstone\data\merged\ppe_split\val\labels\shwd_000562.txt,,False,0,True,1,3,FP_pred_no_helmet_but_no_label3
val,D:\Desktop\capstone\data\merged\ppe_split\val\images\shwd_000565.jpg,D:\Desktop\capstone\data\merged\ppe_split\val\labels\shwd_000565.txt,,False,0,False,0,4,TN_no_pred_no_helmet_and_no_label3
val,D:\Desktop\capstone\data\merged\ppe_split\val\images\shwd_000567.jpg,D:\Desktop\capstone\data\merged\ppe_split\val\labels\shwd_000567.txt,,False,0,True,3,3,FP_pred_no_helmet_but_no_label3
val,D:\Desktop\capstone\data\merged\ppe_split\val\images\shwd_000573.jpg,D:\Desktop\capstone\data\merged\ppe_split\val\labels\shwd_000573.txt,,False,0,False,0,1,TN_no_pred_no_helmet_and_no_label3
val,D:\Desktop\capstone\data\merged\ppe_split\val\images\shwd_000574.jpg,D:\Desktop\capstone\data\merged\ppe_split\val\labels\shwd_000574.txt,,False,0,True,1,3,FP_pred_no_helmet_but_no_label3
val,D:\Desktop\capstone\data\merged\ppe_split\val\images\shwd_000575.jpg,D:\Desktop\capstone\data\merged\ppe_split\val\labels\shwd_000575.txt,,False,0,True,2,5,FP_pred_no_helmet_but_no_label3
val,D:\Desktop\capstone\data\merged\ppe_split\val\images\shwd_000576.jpg,D:\Desktop\capstone\data\merged\ppe_split\val\labels\shwd_000576.txt,,False,0,True,1,1,FP_pred_no_helmet_but_no_label3
val,D:\Desktop\capstone\data\merged\ppe_split\val\images\shwd_000577.jpg,D:\Desktop\capstone\data\merged\ppe_split\val\labels\shwd_000577.txt,,False,0,False,0,2,TN_no_pred_no_helmet_and_no_label3
val,D:\Desktop\capstone\data\merged\ppe_split\val\images\shwd_000581.jpg,D:\Desktop\capstone\data\merged\ppe_split\val\labels\shwd_000581.txt,,False,0,False,0,2,TN_no_pred_no_helmet_and_no_label3
val,D:\Desktop\capstone\data\merged\ppe_split\val\images\shwd_000593.jpg,D:\Desktop\capstone\data\merged\ppe_split\val\labels\shwd_000593.txt,,False,0,False,0,0,TN_no_pred_no_helmet_and_no_label3
val,D:\Desktop\capstone\data\merged\ppe_split\val\images\shwd_000599.jpg,D:\Desktop\capstone\data\merged\ppe_split\val\labels\shwd_000599.txt,,False,0,False,0,2,TN_no_pred_no_helmet_and_no_label3
val,D:\Desktop\capstone\data\merged\ppe_split\val\images\shwd_000607.jpg,D:\Desktop\capstone\data\merged\ppe_split\val\labels\shwd_000607.txt,,False,0,False,0,1,TN_no_pred_no_helmet_and_no_label3
val,D:\Desktop\capstone\data\merged\ppe_split\val\images\shwd_000609.jpg,D:\Desktop\capstone\data\merged\ppe_split\val\labels\shwd_000609.txt,,False,0,False,0,0,TN_no_pred_no_helmet_and_no_label3
val,D:\Desktop\capstone\data\merged\ppe_split\val\images\shwd_000610.jpg,D:\Desktop\capstone\data\merged\ppe_split\val\labels\shwd_000610.txt,,False,0,False,0,1,TN_no_pred_no_helmet_and_no_label3
val,D:\Desktop\capstone\data\merged\ppe_split\val\images\shwd_000624.jpg,D:\Desktop\capstone\data\merged\ppe_split\val\labels\shwd_000624.txt,,False,0,False,0,0,TN_no_pred_no_helmet_and_no_label3
val,D:\Desktop\capstone\data\merged\ppe_split\val\images\shwd_000625.jpg,D:\Desktop\capstone\data\merged\ppe_split\val\labels\shwd_000625.txt,,False,0,False,0,1,TN_no_pred_no_helmet_and_no_label3
val,D:\Desktop\capstone\data\merged\ppe_split\val\images\shwd_000629.jpg,D:\Desktop\capstone\data\merged\ppe_split\val\labels\shwd_000629.txt,,False,0,True,1,1,FP_pred_no_helmet_but_no_label3
val,D:\Desktop\capstone\data\merged\ppe_split\val\images\shwd_000632.jpg,D:\Desktop\capstone\data\merged\ppe_split\val\labels\shwd_000632.txt,,False,0,True,1,7,FP_pred_no_helmet_but_no_label3
val,D:\Desktop\capstone\data\merged\ppe_split\val\images\shwd_000636.jpg,D:\Desktop\capstone\data\merged\ppe_split\val\labels\shwd_000636.txt,,False,0,False,0,1,TN_no_pred_no_helmet_and_no_label3
val,D:\Desktop\capstone\data\merged\ppe_split\val\images\shwd_000637.jpg,D:\Desktop\capstone\data\merged\ppe_split\val\labels\shwd_000637.txt,,False,0,False,0,4,TN_no_pred_no_helmet_and_no_label3
val,D:\Desktop\capstone\data\merged\ppe_split\val\images\shwd_000638.jpg,D:\Desktop\capstone\data\merged\ppe_split\val\labels\shwd_000638.txt,,False,0,False,0,2,TN_no_pred_no_helmet_and_no_label3
val,D:\Desktop\capstone\data\merged\ppe_split\val\images\shwd_000652.jpg,D:\Desktop\capstone\data\merged\ppe_split\val\labels\shwd_000652.txt,,False,0,False,0,0,TN_no_pred_no_helmet_and_no_label3
val,D:\Desktop\capstone\data\merged\ppe_split\val\images\shwd_000653.jpg,D:\Desktop\capstone\data\merged\ppe_split\val\labels\shwd_000653.txt,,False,0,False,0,1,TN_no_pred_no_helmet_and_no_label3
val,D:\Desktop\capstone\data\merged\ppe_split\val\images\shwd_000658.jpg,D:\Desktop\capstone\data\merged\ppe_split\val\labels\shwd_000658.txt,,False,0,False,0,5,TN_no_pred_no_helmet_and_no_label3
val,D:\Desktop\capstone\data\merged\ppe_split\val\images\shwd_000660.jpg,D:\Desktop\capstone\data\merged\ppe_split\val\labels\shwd_000660.txt,,False,0,False,0,4,TN_no_pred_no_helmet_and_no_label3
val,D:\Desktop\capstone\data\merged\ppe_split\val\images\shwd_000661.jpg,D:\Desktop\capstone\data\merged\ppe_split\val\labels\shwd_000661.txt,,False,0,False,0,6,TN_no_pred_no_helmet_and_no_label3
val,D:\Desktop\capstone\data\merged\ppe_split\val\images\shwd_000662.jpg,D:\Desktop\capstone\data\merged\ppe_split\val\labels\shwd_000662.txt,,False,0,False,0,2,TN_no_pred_no_helmet_and_no_label3
val,D:\Desktop\capstone\data\merged\ppe_split\val\images\shwd_000672.jpg,D:\Desktop\capstone\data\merged\ppe_split\val\labels\shwd_000672.txt,,False,0,False,0,5,TN_no_pred_no_helmet_and_no_label3
val,D:\Desktop\capstone\data\merged\ppe_split\val\images\shwd_000673.jpg,D:\Desktop\capstone\data\merged\ppe_split\val\labels\shwd_000673.txt,,False,0,False,0,4,TN_no_pred_no_helmet_and_no_label3
val,D:\Desktop\capstone\data\merged\ppe_split\val\images\shwd_000674.jpg,D:\Desktop\capstone\data\merged\ppe_split\val\labels\shwd_000674.txt,,False,0,False,0,2,TN_no_pred_no_helmet_and_no_label3
val,D:\Desktop\capstone\data\merged\ppe_split\val\images\shwd_000678.jpg,D:\Desktop\capstone\data\merged\ppe_split\val\labels\shwd_000678.txt,,False,0,False,0,1,TN_no_pred_no_helmet_and_no_label3
val,D:\Desktop\capstone\data\merged\ppe_split\val\images\shwd_000684.jpg,D:\Desktop\capstone\data\merged\ppe_split\val\labels\shwd_000684.txt,,False,0,True,1,8,FP_pred_no_helmet_but_no_label3
val,D:\Desktop\capstone\data\merged\ppe_split\val\images\shwd_000690.jpg,D:\Desktop\capstone\data\merged\ppe_split\val\labels\shwd_000690.txt,,False,0,False,0,1,TN_no_pred_no_helmet_and_no_label3
val,D:\Desktop\capstone\data\merged\ppe_split\val\images\shwd_000693.jpg,D:\Desktop\capstone\data\merged\ppe_split\val\labels\shwd_000693.txt,,False,0,False,0,1,TN_no_pred_no_helmet_and_no_label3
val,D:\Desktop\capstone\data\merged\ppe_split\val\images\shwd_000694.jpg,D:\Desktop\capstone\data\merged\ppe_split\val\labels\shwd_000694.txt,,False,0,False,0,1,TN_no_pred_no_helmet_and_no_label3
val,D:\Desktop\capstone\data\merged\ppe_split\val\images\shwd_000695.jpg,D:\Desktop\capstone\data\merged\ppe_split\val\labels\shwd_000695.txt,,False,0,False,0,2,TN_no_pred_no_helmet_and_no_label3
val,D:\Desktop\capstone\data\merged\ppe_split\val\images\shwd_000696.jpg,D:\Desktop\capstone\data\merged\ppe_split\val\labels\shwd_000696.txt,,False,0,False,0,1,TN_no_pred_no_helmet_and_no_label3
val,D:\Desktop\capstone\data\merged\ppe_split\val\images\shwd_000698.jpg,D:\Desktop\capstone\data\merged\ppe_split\val\labels\shwd_000698.txt,,False,0,False,0,1,TN_no_pred_no_helmet_and_no_label3
val,D:\Desktop\capstone\data\merged\ppe_split\val\images\shwd_000706.jpg,D:\Desktop\capstone\data\merged\ppe_split\val\labels\shwd_000706.txt,,False,0,False,0,1,TN_no_pred_no_helmet_and_no_label3
val,D:\Desktop\capstone\data\merged\ppe_split\val\images\shwd_000709.jpg,D:\Desktop\capstone\data\merged\ppe_split\val\labels\shwd_000709.txt,,False,0,False,0,1,TN_no_pred_no_helmet_and_no_label3
val,D:\Desktop\capstone\data\merged\ppe_split\val\images\shwd_000710.jpg,D:\Desktop\capstone\data\merged\ppe_split\val\labels\shwd_000710.txt,,False,0,False,0,3,TN_no_pred_no_helmet_and_no_label3
val,D:\Desktop\capstone\data\merged\ppe_split\val\images\shwd_000716.jpg,D:\Desktop\capstone\data\merged\ppe_split\val\labels\shwd_000716.txt,,False,0,False,0,2,TN_no_pred_no_helmet_and_no_label3
val,D:\Desktop\capstone\data\merged\ppe_split\val\images\shwd_000722.jpg,D:\Desktop\capstone\data\merged\ppe_split\val\labels\shwd_000722.txt,,False,0,False,0,4,TN_no_pred_no_helmet_and_no_label3
val,D:\Desktop\capstone\data\merged\ppe_split\val\images\shwd_000725.jpg,D:\Desktop\capstone\data\merged\ppe_split\val\labels\shwd_000725.txt,,False,0,False,0,2,TN_no_pred_no_helmet_and_no_label3
val,D:\Desktop\capstone\data\merged\ppe_split\val\images\shwd_000728.jpg,D:\Desktop\capstone\data\merged\ppe_split\val\labels\shwd_000728.txt,,False,0,False,0,3,TN_no_pred_no_helmet_and_no_label3
val,D:\Desktop\capstone\data\merged\ppe_split\val\images\shwd_000732.jpg,D:\Desktop\capstone\data\merged\ppe_split\val\labels\shwd_000732.txt,,False,0,False,0,2,TN_no_pred_no_helmet_and_no_label3
val,D:\Desktop\capstone\data\merged\ppe_split\val\images\shwd_000748.jpg,D:\Desktop\capstone\data\merged\ppe_split\val\labels\shwd_000748.txt,,False,0,False,0,0,TN_no_pred_no_helmet_and_no_label3
val,D:\Desktop\capstone\data\merged\ppe_split\val\images\shwd_000751.jpg,D:\Desktop\capstone\data\merged\ppe_split\val\labels\shwd_000751.txt,,False,0,False,0,0,TN_no_pred_no_helmet_and_no_label3
val,D:\Desktop\capstone\data\merged\ppe_split\val\images\shwd_000752.jpg,D:\Desktop\capstone\data\merged\ppe_split\val\labels\shwd_000752.txt,,False,0,False,0,1,TN_no_pred_no_helmet_and_no_label3
val,D:\Desktop\capstone\data\merged\ppe_split\val\images\shwd_000755.jpg,D:\Desktop\capstone\data\merged\ppe_split\val\labels\shwd_000755.txt,,False,0,False,0,4,TN_no_pred_no_helmet_and_no_label3
val,D:\Desktop\capstone\data\merged\ppe_split\val\images\shwd_000756.jpg,D:\Desktop\capstone\data\merged\ppe_split\val\labels\shwd_000756.txt,,False,0,False,0,1,TN_no_pred_no_helmet_and_no_label3
val,D:\Desktop\capstone\data\merged\ppe_split\val\images\shwd_000757.jpg,D:\Desktop\capstone\data\merged\ppe_split\val\labels\shwd_000757.txt,,False,0,False,0,1,TN_no_pred_no_helmet_and_no_label3
val,D:\Desktop\capstone\data\merged\ppe_split\val\images\shwd_000761.jpg,D:\Desktop\capstone\data\merged\ppe_split\val\labels\shwd_000761.txt,,False,0,False,0,2,TN_no_pred_no_helmet_and_no_label3
val,D:\Desktop\capstone\data\merged\ppe_split\val\images\shwd_000769.jpg,D:\Desktop\capstone\data\merged\ppe_split\val\labels\shwd_000769.txt,,False,0,False,0,1,TN_no_pred_no_helmet_and_no_label3
val,D:\Desktop\capstone\data\merged\ppe_split\val\images\shwd_000770.jpg,D:\Desktop\capstone\data\merged\ppe_split\val\labels\shwd_000770.txt,,False,0,False,0,1,TN_no_pred_no_helmet_and_no_label3
val,D:\Desktop\capstone\data\merged\ppe_split\val\images\shwd_000771.jpg,D:\Desktop\capstone\data\merged\ppe_split\val\labels\shwd_000771.txt,,False,0,False,0,1,TN_no_pred_no_helmet_and_no_label3
val,D:\Desktop\capstone\data\merged\ppe_split\val\images\shwd_000779.jpg,D:\Desktop\capstone\data\merged\ppe_split\val\labels\shwd_000779.txt,,False,0,False,0,1,TN_no_pred_no_helmet_and_no_label3
val,D:\Desktop\capstone\data\merged\ppe_split\val\images\shwd_000782.jpg,D:\Desktop\capstone\data\merged\ppe_split\val\labels\shwd_000782.txt,,False,0,False,0,1,TN_no_pred_no_helmet_and_no_label3
val,D:\Desktop\capstone\data\merged\ppe_split\val\images\shwd_000786.jpg,D:\Desktop\capstone\data\merged\ppe_split\val\labels\shwd_000786.txt,,False,0,False,0,1,TN_no_pred_no_helmet_and_no_label3
val,D:\Desktop\capstone\data\merged\ppe_split\val\images\shwd_000794.jpg,D:\Desktop\capstone\data\merged\ppe_split\val\labels\shwd_000794.txt,,False,0,True,2,2,FP_pred_no_helmet_but_no_label3
val,D:\Desktop\capstone\data\merged\ppe_split\val\images\shwd_000796.jpg,D:\Desktop\capstone\data\merged\ppe_split\val\labels\shwd_000796.txt,,False,0,False,0,0,TN_no_pred_no_helmet_and_no_label3
val,D:\Desktop\capstone\data\merged\ppe_split\val\images\shwd_000800.jpg,D:\Desktop\capstone\data\merged\ppe_split\val\labels\shwd_000800.txt,,False,0,False,0,6,TN_no_pred_no_helmet_and_no_label3
val,D:\Desktop\capstone\data\merged\ppe_split\val\images\shwd_000801.jpg,D:\Desktop\capstone\data\merged\ppe_split\val\labels\shwd_000801.txt,,False,0,True,2,3,FP_pred_no_helmet_but_no_label3
val,D:\Desktop\capstone\data\merged\ppe_split\val\images\shwd_000806.jpg,D:\Desktop\capstone\data\merged\ppe_split\val\labels\shwd_000806.txt,,False,0,False,0,8,TN_no_pred_no_helmet_and_no_label3
val,D:\Desktop\capstone\data\merged\ppe_split\val\images\shwd_000811.jpg,D:\Desktop\capstone\data\merged\ppe_split\val\labels\shwd_000811.txt,,False,0,False,0,1,TN_no_pred_no_helmet_and_no_label3
val,D:\Desktop\capstone\data\merged\ppe_split\val\images\shwd_000814.jpg,D:\Desktop\capstone\data\merged\ppe_split\val\labels\shwd_000814.txt,,False,0,False,0,0,TN_no_pred_no_helmet_and_no_label3
val,D:\Desktop\capstone\data\merged\ppe_split\val\images\shwd_000822.jpg,D:\Desktop\capstone\data\merged\ppe_split\val\labels\shwd_000822.txt,,False,0,False,0,0,TN_no_pred_no_helmet_and_no_label3
val,D:\Desktop\capstone\data\merged\ppe_split\val\images\shwd_000840.jpg,D:\Desktop\capstone\data\merged\ppe_split\val\labels\shwd_000840.txt,,False,0,False,0,0,TN_no_pred_no_helmet_and_no_label3
val,D:\Desktop\capstone\data\merged\ppe_split\val\images\shwd_000845.jpg,D:\Desktop\capstone\data\merged\ppe_split\val\labels\shwd_000845.txt,,False,0,True,1,1,FP_pred_no_helmet_but_no_label3
val,D:\Desktop\capstone\data\merged\ppe_split\val\images\shwd_000852.jpg,D:\Desktop\capstone\data\merged\ppe_split\val\labels\shwd_000852.txt,,False,0,False,0,4,TN_no_pred_no_helmet_and_no_label3
val,D:\Desktop\capstone\data\merged\ppe_split\val\images\shwd_000854.jpg,D:\Desktop\capstone\data\merged\ppe_split\val\labels\shwd_000854.txt,,False,0,False,0,2,TN_no_pred_no_helmet_and_no_label3
val,D:\Desktop\capstone\data\merged\ppe_split\val\images\shwd_000857.jpg,D:\Desktop\capstone\data\merged\ppe_split\val\labels\shwd_000857.txt,,False,0,False,0,1,TN_no_pred_no_helmet_and_no_label3
val,D:\Desktop\capstone\data\merged\ppe_split\val\images\shwd_000883.jpg,D:\Desktop\capstone\data\merged\ppe_split\val\labels\shwd_000883.txt,,False,0,False,0,0,TN_no_pred_no_helmet_and_no_label3
val,D:\Desktop\capstone\data\merged\ppe_split\val\images\shwd_000892.jpg,D:\Desktop\capstone\data\merged\ppe_split\val\labels\shwd_000892.txt,,False,0,False,0,8,TN_no_pred_no_helmet_and_no_label3
val,D:\Desktop\capstone\data\merged\ppe_split\val\images\shwd_000898.jpg,D:\Desktop\capstone\data\merged\ppe_split\val\labels\shwd_000898.txt,,False,0,False,0,1,TN_no_pred_no_helmet_and_no_label3
val,D:\Desktop\capstone\data\merged\ppe_split\val\images\shwd_000900.jpg,D:\Desktop\capstone\data\merged\ppe_split\val\labels\shwd_000900.txt,,False,0,False,0,0,TN_no_pred_no_helmet_and_no_label3
val,D:\Desktop\capstone\data\merged\ppe_split\val\images\shwd_000902.jpg,D:\Desktop\capstone\data\merged\ppe_split\val\labels\shwd_000902.txt,,False,0,False,0,1,TN_no_pred_no_helmet_and_no_label3
val,D:\Desktop\capstone\data\merged\ppe_split\val\images\shwd_000913.jpg,D:\Desktop\capstone\data\merged\ppe_split\val\labels\shwd_000913.txt,,False,0,False,0,0,TN_no_pred_no_helmet_and_no_label3
val,D:\Desktop\capstone\data\merged\ppe_split\val\images\shwd_000915.jpg,D:\Desktop\capstone\data\merged\ppe_split\val\labels\shwd_000915.txt,,False,0,False,0,0,TN_no_pred_no_helmet_and_no_label3
val,D:\Desktop\capstone\data\merged\ppe_split\val\images\shwd_000918.jpg,D:\Desktop\capstone\data\merged\ppe_split\val\labels\shwd_000918.txt,,False,0,False,0,2,TN_no_pred_no_helmet_and_no_label3
val,D:\Desktop\capstone\data\merged\ppe_split\val\images\shwd_000926.jpg,D:\Desktop\capstone\data\merged\ppe_split\val\labels\shwd_000926.txt,,False,0,False,0,0,TN_no_pred_no_helmet_and_no_label3
val,D:\Desktop\capstone\data\merged\ppe_split\val\images\shwd_000932.jpg,D:\Desktop\capstone\data\merged\ppe_split\val\labels\shwd_000932.txt,,False,0,True,2,7,FP_pred_no_helmet_but_no_label3
val,D:\Desktop\capstone\data\merged\ppe_split\val\images\shwd_000963.jpg,D:\Desktop\capstone\data\merged\ppe_split\val\labels\shwd_000963.txt,,False,0,False,0,1,TN_no_pred_no_helmet_and_no_label3
val,D:\Desktop\capstone\data\merged\ppe_split\val\images\shwd_000976.jpg,D:\Desktop\capstone\data\merged\ppe_split\val\labels\shwd_000976.txt,,False,0,False,0,9,TN_no_pred_no_helmet_and_no_label3
val,D:\Desktop\capstone\data\merged\ppe_split\val\images\shwd_000986.jpg,D:\Desktop\capstone\data\merged\ppe_split\val\labels\shwd_000986.txt,,False,0,False,0,4,TN_no_pred_no_helmet_and_no_label3
val,D:\Desktop\capstone\data\merged\ppe_split\val\images\shwd_000988.jpg,D:\Desktop\capstone\data\merged\ppe_split\val\labels\shwd_000988.txt,,False,0,False,0,1,TN_no_pred_no_helmet_and_no_label3
val,D:\Desktop\capstone\data\merged\ppe_split\val\images\shwd_000991.jpg,D:\Desktop\capstone\data\merged\ppe_split\val\labels\shwd_000991.txt,,False,0,True,1,4,FP_pred_no_helmet_but_no_label3
val,D:\Desktop\capstone\data\merged\ppe_split\val\images\shwd_000994.jpg,D:\Desktop\capstone\data\merged\ppe_split\val\labels\shwd_000994.txt,,False,0,True,1,1,FP_pred_no_helmet_but_no_label3
val,D:\Desktop\capstone\data\merged\ppe_split\val\images\shwd_000999.jpg,D:\Desktop\capstone\data\merged\ppe_split\val\labels\shwd_000999.txt,,False,0,True,1,1,FP_pred_no_helmet_but_no_label3
val,D:\Desktop\capstone\data\merged\ppe_split\val\images\shwd_001005.jpg,D:\Desktop\capstone\data\merged\ppe_split\val\labels\shwd_001005.txt,,False,0,False,0,3,TN_no_pred_no_helmet_and_no_label3
val,D:\Desktop\capstone\data\merged\ppe_split\val\images\shwd_001008.jpg,D:\Desktop\capstone\data\merged\ppe_split\val\labels\shwd_001008.txt,,False,0,False,0,1,TN_no_pred_no_helmet_and_no_label3
val,D:\Desktop\capstone\data\merged\ppe_split\val\images\shwd_001014.jpg,D:\Desktop\capstone\data\merged\ppe_split\val\labels\shwd_001014.txt,,False,0,False,0,2,TN_no_pred_no_helmet_and_no_label3
val,D:\Desktop\capstone\data\merged\ppe_split\val\images\shwd_001020.jpg,D:\Desktop\capstone\data\merged\ppe_split\val\labels\shwd_001020.txt,,False,0,False,0,1,TN_no_pred_no_helmet_and_no_label3
val,D:\Desktop\capstone\data\merged\ppe_split\val\images\shwd_001022.jpg,D:\Desktop\capstone\data\merged\ppe_split\val\labels\shwd_001022.txt,,False,0,False,0,1,TN_no_pred_no_helmet_and_no_label3
val,D:\Desktop\capstone\data\merged\ppe_split\val\images\shwd_001028.jpg,D:\Desktop\capstone\data\merged\ppe_split\val\labels\shwd_001028.txt,,False,0,False,0,0,TN_no_pred_no_helmet_and_no_label3
val,D:\Desktop\capstone\data\merged\ppe_split\val\images\shwd_001033.jpg,D:\Desktop\capstone\data\merged\ppe_split\val\labels\shwd_001033.txt,,False,0,False,0,0,TN_no_pred_no_helmet_and_no_label3
val,D:\Desktop\capstone\data\merged\ppe_split\val\images\shwd_001038.jpg,D:\Desktop\capstone\data\merged\ppe_split\val\labels\shwd_001038.txt,,False,0,False,0,2,TN_no_pred_no_helmet_and_no_label3
val,D:\Desktop\capstone\data\merged\ppe_split\val\images\shwd_001040.jpg,D:\Desktop\capstone\data\merged\ppe_split\val\labels\shwd_001040.txt,,False,0,False,0,7,TN_no_pred_no_helmet_and_no_label3
val,D:\Desktop\capstone\data\merged\ppe_split\val\images\shwd_001041.jpg,D:\Desktop\capstone\data\merged\ppe_split\val\labels\shwd_001041.txt,,False,0,False,0,0,TN_no_pred_no_helmet_and_no_label3
val,D:\Desktop\capstone\data\merged\ppe_split\val\images\shwd_001044.jpg,D:\Desktop\capstone\data\merged\ppe_split\val\labels\shwd_001044.txt,,False,0,True,2,3,FP_pred_no_helmet_but_no_label3
val,D:\Desktop\capstone\data\merged\ppe_split\val\images\shwd_001046.jpg,D:\Desktop\capstone\data\merged\ppe_split\val\labels\shwd_001046.txt,,False,0,False,0,0,TN_no_pred_no_helmet_and_no_label3
val,D:\Desktop\capstone\data\merged\ppe_split\val\images\shwd_001052.jpg,D:\Desktop\capstone\data\merged\ppe_split\val\labels\shwd_001052.txt,,False,0,False,0,2,TN_no_pred_no_helmet_and_no_label3
val,D:\Desktop\capstone\data\merged\ppe_split\val\images\shwd_001059.jpg,D:\Desktop\capstone\data\merged\ppe_split\val\labels\shwd_001059.txt,,False,0,True,1,1,FP_pred_no_helmet_but_no_label3
val,D:\Desktop\capstone\data\merged\ppe_split\val\images\shwd_001068.jpg,D:\Desktop\capstone\data\merged\ppe_split\val\labels\shwd_001068.txt,,False,0,False,0,5,TN_no_pred_no_helmet_and_no_label3
val,D:\Desktop\capstone\data\merged\ppe_split\val\images\shwd_001070.jpg,D:\Desktop\capstone\data\merged\ppe_split\val\labels\shwd_001070.txt,,False,0,True,2,3,FP_pred_no_helmet_but_no_label3
val,D:\Desktop\capstone\data\merged\ppe_split\val\images\shwd_001074.jpg,D:\Desktop\capstone\data\merged\ppe_split\val\labels\shwd_001074.txt,,False,0,False,0,1,TN_no_pred_no_helmet_and_no_label3
val,D:\Desktop\capstone\data\merged\ppe_split\val\images\shwd_001091.jpg,D:\Desktop\capstone\data\merged\ppe_split\val\labels\shwd_001091.txt,,False,0,True,1,2,FP_pred_no_helmet_but_no_label3
val,D:\Desktop\capstone\data\merged\ppe_split\val\images\shwd_001096.jpg,D:\Desktop\capstone\data\merged\ppe_split\val\labels\shwd_001096.txt,,False,0,False,0,5,TN_no_pred_no_helmet_and_no_label3
val,D:\Desktop\capstone\data\merged\ppe_split\val\images\shwd_001097.jpg,D:\Desktop\capstone\data\merged\ppe_split\val\labels\shwd_001097.txt,,False,0,False,0,1,TN_no_pred_no_helmet_and_no_label3
val,D:\Desktop\capstone\data\merged\ppe_split\val\images\shwd_001104.jpg,D:\Desktop\capstone\data\merged\ppe_split\val\labels\shwd_001104.txt,,False,0,False,0,0,TN_no_pred_no_helmet_and_no_label3
val,D:\Desktop\capstone\data\merged\ppe_split\val\images\shwd_001115.jpg,D:\Desktop\capstone\data\merged\ppe_split\val\labels\shwd_001115.txt,,False,0,False,0,0,TN_no_pred_no_helmet_and_no_label3
val,D:\Desktop\capstone\data\merged\ppe_split\val\images\shwd_001117.jpg,D:\Desktop\capstone\data\merged\ppe_split\val\labels\shwd_001117.txt,,False,0,True,4,22,FP_pred_no_helmet_but_no_label3
val,D:\Desktop\capstone\data\merged\ppe_split\val\images\shwd_001128.jpg,D:\Desktop\capstone\data\merged\ppe_split\val\labels\shwd_001128.txt,,False,0,False,0,2,TN_no_pred_no_helmet_and_no_label3
val,D:\Desktop\capstone\data\merged\ppe_split\val\images\shwd_001137.jpg,D:\Desktop\capstone\data\merged\ppe_split\val\labels\shwd_001137.txt,,False,0,True,1,2,FP_pred_no_helmet_but_no_label3
val,D:\Desktop\capstone\data\merged\ppe_split\val\images\shwd_001140.JPG,D:\Desktop\capstone\data\merged\ppe_split\val\labels\shwd_001140.txt,,False,0,False,0,6,TN_no_pred_no_helmet_and_no_label3
val,D:\Desktop\capstone\data\merged\ppe_split\val\images\shwd_001142.jpg,D:\Desktop\capstone\data\merged\ppe_split\val\labels\shwd_001142.txt,,False,0,False,0,2,TN_no_pred_no_helmet_and_no_label3
val,D:\Desktop\capstone\data\merged\ppe_split\val\images\shwd_001143.jpg,D:\Desktop\capstone\data\merged\ppe_split\val\labels\shwd_001143.txt,,False,0,True,1,6,FP_pred_no_helmet_but_no_label3
val,D:\Desktop\capstone\data\merged\ppe_split\val\images\shwd_001144.jpg,D:\Desktop\capstone\data\merged\ppe_split\val\labels\shwd_001144.txt,,False,0,False,0,2,TN_no_pred_no_helmet_and_no_label3
val,D:\Desktop\capstone\data\merged\ppe_split\val\images\shwd_001146.jpg,D:\Desktop\capstone\data\merged\ppe_split\val\labels\shwd_001146.txt,,False,0,False,0,5,TN_no_pred_no_helmet_and_no_label3
val,D:\Desktop\capstone\data\merged\ppe_split\val\images\shwd_001149.jpg,D:\Desktop\capstone\data\merged\ppe_split\val\labels\shwd_001149.txt,,False,0,False,0,1,TN_no_pred_no_helmet_and_no_label3
val,D:\Desktop\capstone\data\merged\ppe_split\val\images\shwd_001159.jpg,D:\Desktop\capstone\data\merged\ppe_split\val\labels\shwd_001159.txt,,False,0,False,0,1,TN_no_pred_no_helmet_and_no_label3
val,D:\Desktop\capstone\data\merged\ppe_split\val\images\shwd_001161.jpg,D:\Desktop\capstone\data\merged\ppe_split\val\labels\shwd_001161.txt,,False,0,True,1,2,FP_pred_no_helmet_but_no_label3
val,D:\Desktop\capstone\data\merged\ppe_split\val\images\shwd_001168.jpg,D:\Desktop\capstone\data\merged\ppe_split\val\labels\shwd_001168.txt,,False,0,False,0,1,TN_no_pred_no_helmet_and_no_label3
val,D:\Desktop\capstone\data\merged\ppe_split\val\images\shwd_001174.jpg,D:\Desktop\capstone\data\merged\ppe_split\val\labels\shwd_001174.txt,,False,0,False,0,8,TN_no_pred_no_helmet_and_no_label3
val,D:\Desktop\capstone\data\merged\ppe_split\val\images\shwd_001178.jpg,D:\Desktop\capstone\data\merged\ppe_split\val\labels\shwd_001178.txt,,False,0,False,0,6,TN_no_pred_no_helmet_and_no_label3
val,D:\Desktop\capstone\data\merged\ppe_split\val\images\shwd_001183.jpg,D:\Desktop\capstone\data\merged\ppe_split\val\labels\shwd_001183.txt,,False,0,False,0,0,TN_no_pred_no_helmet_and_no_label3
val,D:\Desktop\capstone\data\merged\ppe_split\val\images\shwd_001192.jpg,D:\Desktop\capstone\data\merged\ppe_split\val\labels\shwd_001192.txt,,False,0,False,0,1,TN_no_pred_no_helmet_and_no_label3
val,D:\Desktop\capstone\data\merged\ppe_split\val\images\shwd_001196.jpg,D:\Desktop\capstone\data\merged\ppe_split\val\labels\shwd_001196.txt,,False,0,False,0,1,TN_no_pred_no_helmet_and_no_label3
val,D:\Desktop\capstone\data\merged\ppe_split\val\images\shwd_001200.jpg,D:\Desktop\capstone\data\merged\ppe_split\val\labels\shwd_001200.txt,,False,0,False,0,0,TN_no_pred_no_helmet_and_no_label3
val,D:\Desktop\capstone\data\merged\ppe_split\val\images\shwd_001201.jpg,D:\Desktop\capstone\data\merged\ppe_split\val\labels\shwd_001201.txt,,False,0,False,0,1,TN_no_pred_no_helmet_and_no_label3
val,D:\Desktop\capstone\data\merged\ppe_split\val\images\shwd_001203.jpg,D:\Desktop\capstone\data\merged\ppe_split\val\labels\shwd_001203.txt,,False,0,False,0,1,TN_no_pred_no_helmet_and_no_label3
val,D:\Desktop\capstone\data\merged\ppe_split\val\images\shwd_001210.jpg,D:\Desktop\capstone\data\merged\ppe_split\val\labels\shwd_001210.txt,,False,0,False,0,0,TN_no_pred_no_helmet_and_no_label3
val,D:\Desktop\capstone\data\merged\ppe_split\val\images\shwd_001211.jpg,D:\Desktop\capstone\data\merged\ppe_split\val\labels\shwd_001211.txt,,False,0,False,0,1,TN_no_pred_no_helmet_and_no_label3
val,D:\Desktop\capstone\data\merged\ppe_split\val\images\shwd_001212.jpg,D:\Desktop\capstone\data\merged\ppe_split\val\labels\shwd_001212.txt,,False,0,False,0,1,TN_no_pred_no_helmet_and_no_label3
val,D:\Desktop\capstone\data\merged\ppe_split\val\images\shwd_001218.jpg,D:\Desktop\capstone\data\merged\ppe_split\val\labels\shwd_001218.txt,,False,0,False,0,1,TN_no_pred_no_helmet_and_no_label3
val,D:\Desktop\capstone\data\merged\ppe_split\val\images\shwd_001223.jpg,D:\Desktop\capstone\data\merged\ppe_split\val\labels\shwd_001223.txt,,False,0,False,0,2,TN_no_pred_no_helmet_and_no_label3
val,D:\Desktop\capstone\data\merged\ppe_split\val\images\shwd_001224.jpg,D:\Desktop\capstone\data\merged\ppe_split\val\labels\shwd_001224.txt,,False,0,False,0,1,TN_no_pred_no_helmet_and_no_label3
val,D:\Desktop\capstone\data\merged\ppe_split\val\images\shwd_001227.jpg,D:\Desktop\capstone\data\merged\ppe_split\val\labels\shwd_001227.txt,,False,0,False,0,1,TN_no_pred_no_helmet_and_no_label3
val,D:\Desktop\capstone\data\merged\ppe_split\val\images\shwd_001235.jpg,D:\Desktop\capstone\data\merged\ppe_split\val\labels\shwd_001235.txt,,False,0,False,0,1,TN_no_pred_no_helmet_and_no_label3
val,D:\Desktop\capstone\data\merged\ppe_split\val\images\shwd_001241.jpg,D:\Desktop\capstone\data\merged\ppe_split\val\labels\shwd_001241.txt,,False,0,False,0,1,TN_no_pred_no_helmet_and_no_label3
val,D:\Desktop\capstone\data\merged\ppe_split\val\images\shwd_001245.jpg,D:\Desktop\capstone\data\merged\ppe_split\val\labels\shwd_001245.txt,,False,0,False,0,2,TN_no_pred_no_helmet_and_no_label3
val,D:\Desktop\capstone\data\merged\ppe_split\val\images\shwd_001256.jpg,D:\Desktop\capstone\data\merged\ppe_split\val\labels\shwd_001256.txt,,False,0,False,0,0,TN_no_pred_no_helmet_and_no_label3
val,D:\Desktop\capstone\data\merged\ppe_split\val\images\shwd_001258.jpg,D:\Desktop\capstone\data\merged\ppe_split\val\labels\shwd_001258.txt,,False,0,True,1,1,FP_pred_no_helmet_but_no_label3
val,D:\Desktop\capstone\data\merged\ppe_split\val\images\shwd_001267.jpg,D:\Desktop\capstone\data\merged\ppe_split\val\labels\shwd_001267.txt,,False,0,False,0,1,TN_no_pred_no_helmet_and_no_label3
val,D:\Desktop\capstone\data\merged\ppe_split\val\images\shwd_001269.jpg,D:\Desktop\capstone\data\merged\ppe_split\val\labels\shwd_001269.txt,,False,0,False,0,1,TN_no_pred_no_helmet_and_no_label3
val,D:\Desktop\capstone\data\merged\ppe_split\val\images\shwd_001273.jpg,D:\Desktop\capstone\data\merged\ppe_split\val\labels\shwd_001273.txt,,False,0,True,1,1,FP_pred_no_helmet_but_no_label3
val,D:\Desktop\capstone\data\merged\ppe_split\val\images\shwd_001274.jpg,D:\Desktop\capstone\data\merged\ppe_split\val\labels\shwd_001274.txt,,False,0,False,0,2,TN_no_pred_no_helmet_and_no_label3
val,D:\Desktop\capstone\data\merged\ppe_split\val\images\shwd_001280.jpg,D:\Desktop\capstone\data\merged\ppe_split\val\labels\shwd_001280.txt,,False,0,False,0,2,TN_no_pred_no_helmet_and_no_label3
val,D:\Desktop\capstone\data\merged\ppe_split\val\images\shwd_001283.jpg,D:\Desktop\capstone\data\merged\ppe_split\val\labels\shwd_001283.txt,,False,0,False,0,0,TN_no_pred_no_helmet_and_no_label3
val,D:\Desktop\capstone\data\merged\ppe_split\val\images\shwd_001284.jpg,D:\Desktop\capstone\data\merged\ppe_split\val\labels\shwd_001284.txt,,False,0,False,0,1,TN_no_pred_no_helmet_and_no_label3
val,D:\Desktop\capstone\data\merged\ppe_split\val\images\shwd_001286.jpg,D:\Desktop\capstone\data\merged\ppe_split\val\labels\shwd_001286.txt,,False,0,False,0,1,TN_no_pred_no_helmet_and_no_label3
val,D:\Desktop\capstone\data\merged\ppe_split\val\images\shwd_001296.jpg,D:\Desktop\capstone\data\merged\ppe_split\val\labels\shwd_001296.txt,,False,0,False,0,0,TN_no_pred_no_helmet_and_no_label3
val,D:\Desktop\capstone\data\merged\ppe_split\val\images\shwd_001309.jpg,D:\Desktop\capstone\data\merged\ppe_split\val\labels\shwd_001309.txt,,False,0,False,0,1,TN_no_pred_no_helmet_and_no_label3
val,D:\Desktop\capstone\data\merged\ppe_split\val\images\shwd_001316.jpg,D:\Desktop\capstone\data\merged\ppe_split\val\labels\shwd_001316.txt,,False,0,False,0,1,TN_no_pred_no_helmet_and_no_label3
val,D:\Desktop\capstone\data\merged\ppe_split\val\images\shwd_001326.jpg,D:\Desktop\capstone\data\merged\ppe_split\val\labels\shwd_001326.txt,,False,0,False,0,0,TN_no_pred_no_helmet_and_no_label3
val,D:\Desktop\capstone\data\merged\ppe_split\val\images\shwd_001332.jpg,D:\Desktop\capstone\data\merged\ppe_split\val\labels\shwd_001332.txt,,False,0,False,0,3,TN_no_pred_no_helmet_and_no_label3
val,D:\Desktop\capstone\data\merged\ppe_split\val\images\shwd_001333.jpg,D:\Desktop\capstone\data\merged\ppe_split\val\labels\shwd_001333.txt,,False,0,False,0,7,TN_no_pred_no_helmet_and_no_label3
val,D:\Desktop\capstone\data\merged\ppe_split\val\images\shwd_001337.jpg,D:\Desktop\capstone\data\merged\ppe_split\val\labels\shwd_001337.txt,,False,0,True,1,5,FP_pred_no_helmet_but_no_label3
val,D:\Desktop\capstone\data\merged\ppe_split\val\images\shwd_001339.jpg,D:\Desktop\capstone\data\merged\ppe_split\val\labels\shwd_001339.txt,,False,0,False,0,3,TN_no_pred_no_helmet_and_no_label3
val,D:\Desktop\capstone\data\merged\ppe_split\val\images\shwd_001341.jpg,D:\Desktop\capstone\data\merged\ppe_split\val\labels\shwd_001341.txt,,False,0,False,0,1,TN_no_pred_no_helmet_and_no_label3
val,D:\Desktop\capstone\data\merged\ppe_split\val\images\shwd_001349.jpg,D:\Desktop\capstone\data\merged\ppe_split\val\labels\shwd_001349.txt,,False,0,False,0,2,TN_no_pred_no_helmet_and_no_label3
val,D:\Desktop\capstone\data\merged\ppe_split\val\images\shwd_001350.jpg,D:\Desktop\capstone\data\merged\ppe_split\val\labels\shwd_001350.txt,,False,0,False,0,2,TN_no_pred_no_helmet_and_no_label3
val,D:\Desktop\capstone\data\merged\ppe_split\val\images\shwd_001351.jpg,D:\Desktop\capstone\data\merged\ppe_split\val\labels\shwd_001351.txt,,False,0,True,1,3,FP_pred_no_helmet_but_no_label3
val,D:\Desktop\capstone\data\merged\ppe_split\val\images\shwd_001356.jpg,D:\Desktop\capstone\data\merged\ppe_split\val\labels\shwd_001356.txt,,False,0,False,0,0,TN_no_pred_no_helmet_and_no_label3
val,D:\Desktop\capstone\data\merged\ppe_split\val\images\shwd_001359.jpg,D:\Desktop\capstone\data\merged\ppe_split\val\labels\shwd_001359.txt,,False,0,False,0,1,TN_no_pred_no_helmet_and_no_label3
val,D:\Desktop\capstone\data\merged\ppe_split\val\images\shwd_001368.jpg,D:\Desktop\capstone\data\merged\ppe_split\val\labels\shwd_001368.txt,,False,0,True,1,2,FP_pred_no_helmet_but_no_label3
val,D:\Desktop\capstone\data\merged\ppe_split\val\images\shwd_001369.jpg,D:\Desktop\capstone\data\merged\ppe_split\val\labels\shwd_001369.txt,,False,0,False,0,1,TN_no_pred_no_helmet_and_no_label3
val,D:\Desktop\capstone\data\merged\ppe_split\val\images\shwd_001370.jpg,D:\Desktop\capstone\data\merged\ppe_split\val\labels\shwd_001370.txt,,False,0,False,0,6,TN_no_pred_no_helmet_and_no_label3
val,D:\Desktop\capstone\data\merged\ppe_split\val\images\shwd_001375.jpg,D:\Desktop\capstone\data\merged\ppe_split\val\labels\shwd_001375.txt,,False,0,True,1,3,FP_pred_no_helmet_but_no_label3
val,D:\Desktop\capstone\data\merged\ppe_split\val\images\shwd_001388.jpg,D:\Desktop\capstone\data\merged\ppe_split\val\labels\shwd_001388.txt,,False,0,True,1,2,FP_pred_no_helmet_but_no_label3
val,D:\Desktop\capstone\data\merged\ppe_split\val\images\shwd_001393.jpg,D:\Desktop\capstone\data\merged\ppe_split\val\labels\shwd_001393.txt,,False,0,True,1,5,FP_pred_no_helmet_but_no_label3
val,D:\Desktop\capstone\data\merged\ppe_split\val\images\shwd_001396.jpg,D:\Desktop\capstone\data\merged\ppe_split\val\labels\shwd_001396.txt,,False,0,False,0,3,TN_no_pred_no_helmet_and_no_label3
val,D:\Desktop\capstone\data\merged\ppe_split\val\images\shwd_001400.jpg,D:\Desktop\capstone\data\merged\ppe_split\val\labels\shwd_001400.txt,,False,0,False,0,1,TN_no_pred_no_helmet_and_no_label3
val,D:\Desktop\capstone\data\merged\ppe_split\val\images\shwd_001404.jpg,D:\Desktop\capstone\data\merged\ppe_split\val\labels\shwd_001404.txt,,False,0,False,0,1,TN_no_pred_no_helmet_and_no_label3
val,D:\Desktop\capstone\data\merged\ppe_split\val\images\shwd_001405.jpg,D:\Desktop\capstone\data\merged\ppe_split\val\labels\shwd_001405.txt,,False,0,False,0,1,TN_no_pred_no_helmet_and_no_label3
val,D:\Desktop\capstone\data\merged\ppe_split\val\images\shwd_001410.jpg,D:\Desktop\capstone\data\merged\ppe_split\val\labels\shwd_001410.txt,,False,0,False,0,1,TN_no_pred_no_helmet_and_no_label3
val,D:\Desktop\capstone\data\merged\ppe_split\val\images\shwd_001426.jpg,D:\Desktop\capstone\data\merged\ppe_split\val\labels\shwd_001426.txt,,False,0,False,0,1,TN_no_pred_no_helmet_and_no_label3
val,D:\Desktop\capstone\data\merged\ppe_split\val\images\shwd_001439.jpg,D:\Desktop\capstone\data\merged\ppe_split\val\labels\shwd_001439.txt,,False,0,True,1,1,FP_pred_no_helmet_but_no_label3
val,D:\Desktop\capstone\data\merged\ppe_split\val\images\shwd_001441.jpg,D:\Desktop\capstone\data\merged\ppe_split\val\labels\shwd_001441.txt,,False,0,False,0,3,TN_no_pred_no_helmet_and_no_label3
val,D:\Desktop\capstone\data\merged\ppe_split\val\images\shwd_001446.jpg,D:\Desktop\capstone\data\merged\ppe_split\val\labels\shwd_001446.txt,,False,0,False,0,1,TN_no_pred_no_helmet_and_no_label3
val,D:\Desktop\capstone\data\merged\ppe_split\val\images\shwd_001447.jpg,D:\Desktop\capstone\data\merged\ppe_split\val\labels\shwd_001447.txt,,False,0,False,0,4,TN_no_pred_no_helmet_and_no_label3
val,D:\Desktop\capstone\data\merged\ppe_split\val\images\shwd_001455.jpg,D:\Desktop\capstone\data\merged\ppe_split\val\labels\shwd_001455.txt,,False,0,True,2,2,FP_pred_no_helmet_but_no_label3
val,D:\Desktop\capstone\data\merged\ppe_split\val\images\shwd_001456.jpg,D:\Desktop\capstone\data\merged\ppe_split\val\labels\shwd_001456.txt,,False,0,False,0,1,TN_no_pred_no_helmet_and_no_label3
val,D:\Desktop\capstone\data\merged\ppe_split\val\images\shwd_001458.jpg,D:\Desktop\capstone\data\merged\ppe_split\val\labels\shwd_001458.txt,,False,0,False,0,1,TN_no_pred_no_helmet_and_no_label3
val,D:\Desktop\capstone\data\merged\ppe_split\val\images\shwd_001462.jpg,D:\Desktop\capstone\data\merged\ppe_split\val\labels\shwd_001462.txt,,False,0,False,0,0,TN_no_pred_no_helmet_and_no_label3
val,D:\Desktop\capstone\data\merged\ppe_split\val\images\shwd_001463.jpg,D:\Desktop\capstone\data\merged\ppe_split\val\labels\shwd_001463.txt,,False,0,False,0,0,TN_no_pred_no_helmet_and_no_label3
val,D:\Desktop\capstone\data\merged\ppe_split\val\images\shwd_001464.jpg,D:\Desktop\capstone\data\merged\ppe_split\val\labels\shwd_001464.txt,,False,0,True,1,1,FP_pred_no_helmet_but_no_label3
val,D:\Desktop\capstone\data\merged\ppe_split\val\images\shwd_001475.jpg,D:\Desktop\capstone\data\merged\ppe_split\val\labels\shwd_001475.txt,,False,0,False,0,1,TN_no_pred_no_helmet_and_no_label3
val,D:\Desktop\capstone\data\merged\ppe_split\val\images\shwd_001481.jpg,D:\Desktop\capstone\data\merged\ppe_split\val\labels\shwd_001481.txt,,False,0,False,0,0,TN_no_pred_no_helmet_and_no_label3
val,D:\Desktop\capstone\data\merged\ppe_split\val\images\shwd_001487.jpg,D:\Desktop\capstone\data\merged\ppe_split\val\labels\shwd_001487.txt,,False,0,False,0,1,TN_no_pred_no_helmet_and_no_label3
val,D:\Desktop\capstone\data\merged\ppe_split\val\images\shwd_001490.jpg,D:\Desktop\capstone\data\merged\ppe_split\val\labels\shwd_001490.txt,,False,0,False,0,1,TN_no_pred_no_helmet_and_no_label3
val,D:\Desktop\capstone\data\merged\ppe_split\val\images\shwd_001494.jpg,D:\Desktop\capstone\data\merged\ppe_split\val\labels\shwd_001494.txt,,False,0,False,0,0,TN_no_pred_no_helmet_and_no_label3
val,D:\Desktop\capstone\data\merged\ppe_split\val\images\shwd_001497.jpg,D:\Desktop\capstone\data\merged\ppe_split\val\labels\shwd_001497.txt,,False,0,False,0,0,TN_no_pred_no_helmet_and_no_label3
val,D:\Desktop\capstone\data\merged\ppe_split\val\images\shwd_001499.jpg,D:\Desktop\capstone\data\merged\ppe_split\val\labels\shwd_001499.txt,,False,0,False,0,1,TN_no_pred_no_helmet_and_no_label3
val,D:\Desktop\capstone\data\merged\ppe_split\val\images\shwd_001502.jpg,D:\Desktop\capstone\data\merged\ppe_split\val\labels\shwd_001502.txt,,False,0,False,0,1,TN_no_pred_no_helmet_and_no_label3
val,D:\Desktop\capstone\data\merged\ppe_split\val\images\shwd_001503.jpg,D:\Desktop\capstone\data\merged\ppe_split\val\labels\shwd_001503.txt,,False,0,False,0,2,TN_no_pred_no_helmet_and_no_label3
val,D:\Desktop\capstone\data\merged\ppe_split\val\images\shwd_001507.jpg,D:\Desktop\capstone\data\merged\ppe_split\val\labels\shwd_001507.txt,,False,0,False,0,1,TN_no_pred_no_helmet_and_no_label3
val,D:\Desktop\capstone\data\merged\ppe_split\val\images\shwd_001509.jpg,D:\Desktop\capstone\data\merged\ppe_split\val\labels\shwd_001509.txt,,False,0,False,0,1,TN_no_pred_no_helmet_and_no_label3
val,D:\Desktop\capstone\data\merged\ppe_split\val\images\shwd_001512.jpg,D:\Desktop\capstone\data\merged\ppe_split\val\labels\shwd_001512.txt,,False,0,False,0,1,TN_no_pred_no_helmet_and_no_label3
val,D:\Desktop\capstone\data\merged\ppe_split\val\images\shwd_001525.jpg,D:\Desktop\capstone\data\merged\ppe_split\val\labels\shwd_001525.txt,,False,0,False,0,1,TN_no_pred_no_helmet_and_no_label3
val,D:\Desktop\capstone\data\merged\ppe_split\val\images\shwd_001528.jpg,D:\Desktop\capstone\data\merged\ppe_split\val\labels\shwd_001528.txt,,False,0,False,0,1,TN_no_pred_no_helmet_and_no_label3
val,D:\Desktop\capstone\data\merged\ppe_split\val\images\shwd_001530.jpg,D:\Desktop\capstone\data\merged\ppe_split\val\labels\shwd_001530.txt,,False,0,False,0,0,TN_no_pred_no_helmet_and_no_label3
val,D:\Desktop\capstone\data\merged\ppe_split\val\images\shwd_001533.jpg,D:\Desktop\capstone\data\merged\ppe_split\val\labels\shwd_001533.txt,,False,0,True,1,1,FP_pred_no_helmet_but_no_label3
val,D:\Desktop\capstone\data\merged\ppe_split\val\images\shwd_001536.jpg,D:\Desktop\capstone\data\merged\ppe_split\val\labels\shwd_001536.txt,,False,0,False,0,1,TN_no_pred_no_helmet_and_no_label3
val,D:\Desktop\capstone\data\merged\ppe_split\val\images\shwd_001538.jpg,D:\Desktop\capstone\data\merged\ppe_split\val\labels\shwd_001538.txt,,False,0,False,0,1,TN_no_pred_no_helmet_and_no_label3
val,D:\Desktop\capstone\data\merged\ppe_split\val\images\shwd_001547.jpg,D:\Desktop\capstone\data\merged\ppe_split\val\labels\shwd_001547.txt,,False,0,False,0,1,TN_no_pred_no_helmet_and_no_label3
val,D:\Desktop\capstone\data\merged\ppe_split\val\images\shwd_001555.jpg,D:\Desktop\capstone\data\merged\ppe_split\val\labels\shwd_001555.txt,,False,0,False,0,0,TN_no_pred_no_helmet_and_no_label3
val,D:\Desktop\capstone\data\merged\ppe_split\val\images\shwd_001556.jpg,D:\Desktop\capstone\data\merged\ppe_split\val\labels\shwd_001556.txt,,False,0,False,0,1,TN_no_pred_no_helmet_and_no_label3
val,D:\Desktop\capstone\data\merged\ppe_split\val\images\shwd_001568.jpg,D:\Desktop\capstone\data\merged\ppe_split\val\labels\shwd_001568.txt,,False,0,False,0,1,TN_no_pred_no_helmet_and_no_label3
val,D:\Desktop\capstone\data\merged\ppe_split\val\images\shwd_001569.jpg,D:\Desktop\capstone\data\merged\ppe_split\val\labels\shwd_001569.txt,,False,0,False,0,1,TN_no_pred_no_helmet_and_no_label3
val,D:\Desktop\capstone\data\merged\ppe_split\val\images\shwd_001570.jpg,D:\Desktop\capstone\data\merged\ppe_split\val\labels\shwd_001570.txt,,False,0,False,0,1,TN_no_pred_no_helmet_and_no_label3
val,D:\Desktop\capstone\data\merged\ppe_split\val\images\shwd_001575.jpg,D:\Desktop\capstone\data\merged\ppe_split\val\labels\shwd_001575.txt,,False,0,False,0,1,TN_no_pred_no_helmet_and_no_label3
val,D:\Desktop\capstone\data\merged\ppe_split\val\images\shwd_001582.jpg,D:\Desktop\capstone\data\merged\ppe_split\val\labels\shwd_001582.txt,,False,0,False,0,0,TN_no_pred_no_helmet_and_no_label3
val,D:\Desktop\capstone\data\merged\ppe_split\val\images\shwd_001586.jpg,D:\Desktop\capstone\data\merged\ppe_split\val\labels\shwd_001586.txt,,False,0,False,0,1,TN_no_pred_no_helmet_and_no_label3
val,D:\Desktop\capstone\data\merged\ppe_split\val\images\shwd_001592.jpg,D:\Desktop\capstone\data\merged\ppe_split\val\labels\shwd_001592.txt,,False,0,False,0,1,TN_no_pred_no_helmet_and_no_label3
val,D:\Desktop\capstone\data\merged\ppe_split\val\images\shwd_001596.jpg,D:\Desktop\capstone\data\merged\ppe_split\val\labels\shwd_001596.txt,,False,0,False,0,1,TN_no_pred_no_helmet_and_no_label3
val,D:\Desktop\capstone\data\merged\ppe_split\val\images\shwd_001597.jpg,D:\Desktop\capstone\data\merged\ppe_split\val\labels\shwd_001597.txt,,False,0,False,0,1,TN_no_pred_no_helmet_and_no_label3
val,D:\Desktop\capstone\data\merged\ppe_split\val\images\shwd_001603.jpg,D:\Desktop\capstone\data\merged\ppe_split\val\labels\shwd_001603.txt,,False,0,False,0,0,TN_no_pred_no_helmet_and_no_label3
val,D:\Desktop\capstone\data\merged\ppe_split\val\images\shwd_001605.jpg,D:\Desktop\capstone\data\merged\ppe_split\val\labels\shwd_001605.txt,,False,0,False,0,1,TN_no_pred_no_helmet_and_no_label3
val,D:\Desktop\capstone\data\merged\ppe_split\val\images\shwd_001609.jpg,D:\Desktop\capstone\data\merged\ppe_split\val\labels\shwd_001609.txt,,False,0,False,0,2,TN_no_pred_no_helmet_and_no_label3
val,D:\Desktop\capstone\data\merged\ppe_split\val\images\shwd_001610.jpg,D:\Desktop\capstone\data\merged\ppe_split\val\labels\shwd_001610.txt,,False,0,False,0,1,TN_no_pred_no_helmet_and_no_label3
val,D:\Desktop\capstone\data\merged\ppe_split\val\images\shwd_001614.jpg,D:\Desktop\capstone\data\merged\ppe_split\val\labels\shwd_001614.txt,,False,0,True,1,1,FP_pred_no_helmet_but_no_label3
val,D:\Desktop\capstone\data\merged\ppe_split\val\images\shwd_001617.jpg,D:\Desktop\capstone\data\merged\ppe_split\val\labels\shwd_001617.txt,,False,0,False,0,2,TN_no_pred_no_helmet_and_no_label3
val,D:\Desktop\capstone\data\merged\ppe_split\val\images\shwd_001620.jpg,D:\Desktop\capstone\data\merged\ppe_split\val\labels\shwd_001620.txt,,False,0,False,0,0,TN_no_pred_no_helmet_and_no_label3
val,D:\Desktop\capstone\data\merged\ppe_split\val\images\shwd_001621.jpg,D:\Desktop\capstone\data\merged\ppe_split\val\labels\shwd_001621.txt,,False,0,False,0,1,TN_no_pred_no_helmet_and_no_label3
val,D:\Desktop\capstone\data\merged\ppe_split\val\images\shwd_001622.jpg,D:\Desktop\capstone\data\merged\ppe_split\val\labels\shwd_001622.txt,,False,0,False,0,1,TN_no_pred_no_helmet_and_no_label3
val,D:\Desktop\capstone\data\merged\ppe_split\val\images\shwd_001627.jpg,D:\Desktop\capstone\data\merged\ppe_split\val\labels\shwd_001627.txt,,False,0,False,0,0,TN_no_pred_no_helmet_and_no_label3
val,D:\Desktop\capstone\data\merged\ppe_split\val\images\shwd_001631.jpg,D:\Desktop\capstone\data\merged\ppe_split\val\labels\shwd_001631.txt,,False,0,False,0,1,TN_no_pred_no_helmet_and_no_label3
val,D:\Desktop\capstone\data\merged\ppe_split\val\images\shwd_001635.jpg,D:\Desktop\capstone\data\merged\ppe_split\val\labels\shwd_001635.txt,,False,0,False,0,1,TN_no_pred_no_helmet_and_no_label3
val,D:\Desktop\capstone\data\merged\ppe_split\val\images\shwd_001636.jpg,D:\Desktop\capstone\data\merged\ppe_split\val\labels\shwd_001636.txt,,False,0,False,0,1,TN_no_pred_no_helmet_and_no_label3
val,D:\Desktop\capstone\data\merged\ppe_split\val\images\shwd_001642.jpg,D:\Desktop\capstone\data\merged\ppe_split\val\labels\shwd_001642.txt,,False,0,False,0,3,TN_no_pred_no_helmet_and_no_label3
val,D:\Desktop\capstone\data\merged\ppe_split\val\images\shwd_001644.jpg,D:\Desktop\capstone\data\merged\ppe_split\val\labels\shwd_001644.txt,,False,0,False,0,1,TN_no_pred_no_helmet_and_no_label3
val,D:\Desktop\capstone\data\merged\ppe_split\val\images\shwd_001646.jpg,D:\Desktop\capstone\data\merged\ppe_split\val\labels\shwd_001646.txt,,False,0,False,0,0,TN_no_pred_no_helmet_and_no_label3
val,D:\Desktop\capstone\data\merged\ppe_split\val\images\shwd_001649.jpg,D:\Desktop\capstone\data\merged\ppe_split\val\labels\shwd_001649.txt,,False,0,False,0,1,TN_no_pred_no_helmet_and_no_label3
val,D:\Desktop\capstone\data\merged\ppe_split\val\images\shwd_001650.jpg,D:\Desktop\capstone\data\merged\ppe_split\val\labels\shwd_001650.txt,,False,0,False,0,1,TN_no_pred_no_helmet_and_no_label3
val,D:\Desktop\capstone\data\merged\ppe_split\val\images\shwd_001654.jpg,D:\Desktop\capstone\data\merged\ppe_split\val\labels\shwd_001654.txt,,False,0,False,0,0,TN_no_pred_no_helmet_and_no_label3
val,D:\Desktop\capstone\data\merged\ppe_split\val\images\shwd_001659.jpg,D:\Desktop\capstone\data\merged\ppe_split\val\labels\shwd_001659.txt,,False,0,True,1,5,FP_pred_no_helmet_but_no_label3
val,D:\Desktop\capstone\data\merged\ppe_split\val\images\shwd_001660.jpg,D:\Desktop\capstone\data\merged\ppe_split\val\labels\shwd_001660.txt,,False,0,False,0,0,TN_no_pred_no_helmet_and_no_label3
val,D:\Desktop\capstone\data\merged\ppe_split\val\images\shwd_001666.jpg,D:\Desktop\capstone\data\merged\ppe_split\val\labels\shwd_001666.txt,,False,0,False,0,1,TN_no_pred_no_helmet_and_no_label3
val,D:\Desktop\capstone\data\merged\ppe_split\val\images\shwd_part2_000004.jpg,D:\Desktop\capstone\data\merged\ppe_split\val\labels\shwd_part2_000004.txt,,False,0,False,0,1,TN_no_pred_no_helmet_and_no_label3
val,D:\Desktop\capstone\data\merged\ppe_split\val\images\shwd_part2_000005.jpg,D:\Desktop\capstone\data\merged\ppe_split\val\labels\shwd_part2_000005.txt,,False,0,True,2,6,FP_pred_no_helmet_but_no_label3
val,D:\Desktop\capstone\data\merged\ppe_split\val\images\shwd_part2_000010.jpg,D:\Desktop\capstone\data\merged\ppe_split\val\labels\shwd_part2_000010.txt,,False,0,False,0,1,TN_no_pred_no_helmet_and_no_label3
val,D:\Desktop\capstone\data\merged\ppe_split\val\images\shwd_part2_000017.jpg,D:\Desktop\capstone\data\merged\ppe_split\val\labels\shwd_part2_000017.txt,,False,0,False,0,2,TN_no_pred_no_helmet_and_no_label3
val,D:\Desktop\capstone\data\merged\ppe_split\val\images\shwd_part2_000018.jpg,D:\Desktop\capstone\data\merged\ppe_split\val\labels\shwd_part2_000018.txt,,False,0,True,1,6,FP_pred_no_helmet_but_no_label3
val,D:\Desktop\capstone\data\merged\ppe_split\val\images\shwd_part2_000026.jpg,D:\Desktop\capstone\data\merged\ppe_split\val\labels\shwd_part2_000026.txt,,False,0,False,0,1,TN_no_pred_no_helmet_and_no_label3
val,D:\Desktop\capstone\data\merged\ppe_split\val\images\shwd_part2_000029.jpg,D:\Desktop\capstone\data\merged\ppe_split\val\labels\shwd_part2_000029.txt,,False,0,False,0,3,TN_no_pred_no_helmet_and_no_label3
val,D:\Desktop\capstone\data\merged\ppe_split\val\images\shwd_part2_000041.jpg,D:\Desktop\capstone\data\merged\ppe_split\val\labels\shwd_part2_000041.txt,,False,0,False,0,0,TN_no_pred_no_helmet_and_no_label3
val,D:\Desktop\capstone\data\merged\ppe_split\val\images\shwd_part2_000055.jpg,D:\Desktop\capstone\data\merged\ppe_split\val\labels\shwd_part2_000055.txt,,False,0,False,0,1,TN_no_pred_no_helmet_and_no_label3
val,D:\Desktop\capstone\data\merged\ppe_split\val\images\shwd_part2_000065.jpg,D:\Desktop\capstone\data\merged\ppe_split\val\labels\shwd_part2_000065.txt,,False,0,False,0,1,TN_no_pred_no_helmet_and_no_label3
val,D:\Desktop\capstone\data\merged\ppe_split\val\images\shwd_part2_000072.jpg,D:\Desktop\capstone\data\merged\ppe_split\val\labels\shwd_part2_000072.txt,,False,0,False,0,4,TN_no_pred_no_helmet_and_no_label3
val,D:\Desktop\capstone\data\merged\ppe_split\val\images\shwd_part2_000081.jpg,D:\Desktop\capstone\data\merged\ppe_split\val\labels\shwd_part2_000081.txt,,False,0,False,0,2,TN_no_pred_no_helmet_and_no_label3
val,D:\Desktop\capstone\data\merged\ppe_split\val\images\shwd_part2_000094.jpg,D:\Desktop\capstone\data\merged\ppe_split\val\labels\shwd_part2_000094.txt,,False,0,False,0,1,TN_no_pred_no_helmet_and_no_label3
val,D:\Desktop\capstone\data\merged\ppe_split\val\images\shwd_part2_000107.jpg,D:\Desktop\capstone\data\merged\ppe_split\val\labels\shwd_part2_000107.txt,,False,0,False,0,2,TN_no_pred_no_helmet_and_no_label3
val,D:\Desktop\capstone\data\merged\ppe_split\val\images\shwd_part2_000108.jpg,D:\Desktop\capstone\data\merged\ppe_split\val\labels\shwd_part2_000108.txt,,False,0,False,0,0,TN_no_pred_no_helmet_and_no_label3
val,D:\Desktop\capstone\data\merged\ppe_split\val\images\shwd_part2_000111.jpg,D:\Desktop\capstone\data\merged\ppe_split\val\labels\shwd_part2_000111.txt,,False,0,False,0,1,TN_no_pred_no_helmet_and_no_label3
val,D:\Desktop\capstone\data\merged\ppe_split\val\images\shwd_part2_000116.jpg,D:\Desktop\capstone\data\merged\ppe_split\val\labels\shwd_part2_000116.txt,,False,0,False,0,2,TN_no_pred_no_helmet_and_no_label3
val,D:\Desktop\capstone\data\merged\ppe_split\val\images\shwd_part2_000119.jpg,D:\Desktop\capstone\data\merged\ppe_split\val\labels\shwd_part2_000119.txt,,False,0,False,0,1,TN_no_pred_no_helmet_and_no_label3
val,D:\Desktop\capstone\data\merged\ppe_split\val\images\shwd_part2_000122.jpg,D:\Desktop\capstone\data\merged\ppe_split\val\labels\shwd_part2_000122.txt,,False,0,False,0,1,TN_no_pred_no_helmet_and_no_label3
val,D:\Desktop\capstone\data\merged\ppe_split\val\images\shwd_part2_000129.jpg,D:\Desktop\capstone\data\merged\ppe_split\val\labels\shwd_part2_000129.txt,,False,0,False,0,4,TN_no_pred_no_helmet_and_no_label3
val,D:\Desktop\capstone\data\merged\ppe_split\val\images\shwd_part2_000138.jpg,D:\Desktop\capstone\data\merged\ppe_split\val\labels\shwd_part2_000138.txt,,False,0,False,0,4,TN_no_pred_no_helmet_and_no_label3
val,D:\Desktop\capstone\data\merged\ppe_split\val\images\shwd_part2_000139.jpg,D:\Desktop\capstone\data\merged\ppe_split\val\labels\shwd_part2_000139.txt,,False,0,False,0,3,TN_no_pred_no_helmet_and_no_label3
val,D:\Desktop\capstone\data\merged\ppe_split\val\images\shwd_part2_000175.jpg,D:\Desktop\capstone\data\merged\ppe_split\val\labels\shwd_part2_000175.txt,,False,0,False,0,1,TN_no_pred_no_helmet_and_no_label3
val,D:\Desktop\capstone\data\merged\ppe_split\val\images\shwd_part2_000180.jpg,D:\Desktop\capstone\data\merged\ppe_split\val\labels\shwd_part2_000180.txt,,False,0,False,0,1,TN_no_pred_no_helmet_and_no_label3
val,D:\Desktop\capstone\data\merged\ppe_split\val\images\shwd_part2_000188.jpg,D:\Desktop\capstone\data\merged\ppe_split\val\labels\shwd_part2_000188.txt,,False,0,True,2,6,FP_pred_no_helmet_but_no_label3
val,D:\Desktop\capstone\data\merged\ppe_split\val\images\shwd_part2_000193.jpg,D:\Desktop\capstone\data\merged\ppe_split\val\labels\shwd_part2_000193.txt,,False,0,False,0,1,TN_no_pred_no_helmet_and_no_label3
val,D:\Desktop\capstone\data\merged\ppe_split\val\images\shwd_part2_000194.jpg,D:\Desktop\capstone\data\merged\ppe_split\val\labels\shwd_part2_000194.txt,,False,0,False,0,1,TN_no_pred_no_helmet_and_no_label3
val,D:\Desktop\capstone\data\merged\ppe_split\val\images\shwd_part2_000217.jpg,D:\Desktop\capstone\data\merged\ppe_split\val\labels\shwd_part2_000217.txt,,False,0,True,1,2,FP_pred_no_helmet_but_no_label3
val,D:\Desktop\capstone\data\merged\ppe_split\val\images\shwd_part2_000227.jpg,D:\Desktop\capstone\data\merged\ppe_split\val\labels\shwd_part2_000227.txt,,False,0,False,0,4,TN_no_pred_no_helmet_and_no_label3
val,D:\Desktop\capstone\data\merged\ppe_split\val\images\shwd_part2_000245.jpg,D:\Desktop\capstone\data\merged\ppe_split\val\labels\shwd_part2_000245.txt,,False,0,False,0,0,TN_no_pred_no_helmet_and_no_label3
val,D:\Desktop\capstone\data\merged\ppe_split\val\images\shwd_part2_000252.jpg,D:\Desktop\capstone\data\merged\ppe_split\val\labels\shwd_part2_000252.txt,,False,0,False,0,1,TN_no_pred_no_helmet_and_no_label3
val,D:\Desktop\capstone\data\merged\ppe_split\val\images\shwd_part2_000257.jpg,D:\Desktop\capstone\data\merged\ppe_split\val\labels\shwd_part2_000257.txt,,False,0,False,0,1,TN_no_pred_no_helmet_and_no_label3
val,D:\Desktop\capstone\data\merged\ppe_split\val\images\shwd_part2_000259.jpg,D:\Desktop\capstone\data\merged\ppe_split\val\labels\shwd_part2_000259.txt,,False,0,False,0,1,TN_no_pred_no_helmet_and_no_label3
val,D:\Desktop\capstone\data\merged\ppe_split\val\images\shwd_part2_000264.jpg,D:\Desktop\capstone\data\merged\ppe_split\val\labels\shwd_part2_000264.txt,,False,0,True,1,2,FP_pred_no_helmet_but_no_label3
val,D:\Desktop\capstone\data\merged\ppe_split\val\images\shwd_part2_000265.jpg,D:\Desktop\capstone\data\merged\ppe_split\val\labels\shwd_part2_000265.txt,,False,0,False,0,0,TN_no_pred_no_helmet_and_no_label3
val,D:\Desktop\capstone\data\merged\ppe_split\val\images\shwd_part2_000270.jpg,D:\Desktop\capstone\data\merged\ppe_split\val\labels\shwd_part2_000270.txt,,False,0,False,0,5,TN_no_pred_no_helmet_and_no_label3
val,D:\Desktop\capstone\data\merged\ppe_split\val\images\shwd_part2_000274.jpg,D:\Desktop\capstone\data\merged\ppe_split\val\labels\shwd_part2_000274.txt,,False,0,False,0,1,TN_no_pred_no_helmet_and_no_label3
val,D:\Desktop\capstone\data\merged\ppe_split\val\images\shwd_part2_000289.jpg,D:\Desktop\capstone\data\merged\ppe_split\val\labels\shwd_part2_000289.txt,,False,0,False,0,2,TN_no_pred_no_helmet_and_no_label3
val,D:\Desktop\capstone\data\merged\ppe_split\val\images\shwd_part2_000291.jpg,D:\Desktop\capstone\data\merged\ppe_split\val\labels\shwd_part2_000291.txt,,False,0,False,0,2,TN_no_pred_no_helmet_and_no_label3
val,D:\Desktop\capstone\data\merged\ppe_split\val\images\shwd_part2_000299.jpg,D:\Desktop\capstone\data\merged\ppe_split\val\labels\shwd_part2_000299.txt,,False,0,False,0,1,TN_no_pred_no_helmet_and_no_label3
val,D:\Desktop\capstone\data\merged\ppe_split\val\images\shwd_part2_000302.jpg,D:\Desktop\capstone\data\merged\ppe_split\val\labels\shwd_part2_000302.txt,,False,0,False,0,2,TN_no_pred_no_helmet_and_no_label3
val,D:\Desktop\capstone\data\merged\ppe_split\val\images\shwd_part2_000308.jpg,D:\Desktop\capstone\data\merged\ppe_split\val\labels\shwd_part2_000308.txt,,False,0,False,0,13,TN_no_pred_no_helmet_and_no_label3
val,D:\Desktop\capstone\data\merged\ppe_split\val\images\shwd_part2_000309.jpg,D:\Desktop\capstone\data\merged\ppe_split\val\labels\shwd_part2_000309.txt,,False,0,False,0,2,TN_no_pred_no_helmet_and_no_label3
val,D:\Desktop\capstone\data\merged\ppe_split\val\images\shwd_part2_000312.jpg,D:\Desktop\capstone\data\merged\ppe_split\val\labels\shwd_part2_000312.txt,,False,0,True,1,2,FP_pred_no_helmet_but_no_label3
val,D:\Desktop\capstone\data\merged\ppe_split\val\images\shwd_part2_000318.jpg,D:\Desktop\capstone\data\merged\ppe_split\val\labels\shwd_part2_000318.txt,,False,0,False,0,1,TN_no_pred_no_helmet_and_no_label3
val,D:\Desktop\capstone\data\merged\ppe_split\val\images\shwd_part2_000322.jpg,D:\Desktop\capstone\data\merged\ppe_split\val\labels\shwd_part2_000322.txt,,False,0,False,0,1,TN_no_pred_no_helmet_and_no_label3
val,D:\Desktop\capstone\data\merged\ppe_split\val\images\shwd_part2_000327.jpg,D:\Desktop\capstone\data\merged\ppe_split\val\labels\shwd_part2_000327.txt,,False,0,True,1,1,FP_pred_no_helmet_but_no_label3
val,D:\Desktop\capstone\data\merged\ppe_split\val\images\shwd_part2_000328.jpg,D:\Desktop\capstone\data\merged\ppe_split\val\labels\shwd_part2_000328.txt,,False,0,False,0,1,TN_no_pred_no_helmet_and_no_label3
val,D:\Desktop\capstone\data\merged\ppe_split\val\images\shwd_part2_000332.jpg,D:\Desktop\capstone\data\merged\ppe_split\val\labels\shwd_part2_000332.txt,,False,0,False,0,2,TN_no_pred_no_helmet_and_no_label3
val,D:\Desktop\capstone\data\merged\ppe_split\val\images\shwd_part2_000333.jpg,D:\Desktop\capstone\data\merged\ppe_split\val\labels\shwd_part2_000333.txt,,False,0,False,0,0,TN_no_pred_no_helmet_and_no_label3
val,D:\Desktop\capstone\data\merged\ppe_split\val\images\shwd_part2_000350.jpg,D:\Desktop\capstone\data\merged\ppe_split\val\labels\shwd_part2_000350.txt,,False,0,False,0,1,TN_no_pred_no_helmet_and_no_label3
val,D:\Desktop\capstone\data\merged\ppe_split\val\images\shwd_part2_000355.jpg,D:\Desktop\capstone\data\merged\ppe_split\val\labels\shwd_part2_000355.txt,,False,0,False,0,1,TN_no_pred_no_helmet_and_no_label3
val,D:\Desktop\capstone\data\merged\ppe_split\val\images\shwd_part2_000357.jpg,D:\Desktop\capstone\data\merged\ppe_split\val\labels\shwd_part2_000357.txt,,False,0,True,1,1,FP_pred_no_helmet_but_no_label3
val,D:\Desktop\capstone\data\merged\ppe_split\val\images\shwd_part2_000360.jpg,D:\Desktop\capstone\data\merged\ppe_split\val\labels\shwd_part2_000360.txt,,False,0,True,1,2,FP_pred_no_helmet_but_no_label3
val,D:\Desktop\capstone\data\merged\ppe_split\val\images\shwd_part2_000366.jpg,D:\Desktop\capstone\data\merged\ppe_split\val\labels\shwd_part2_000366.txt,,False,0,False,0,2,TN_no_pred_no_helmet_and_no_label3
val,D:\Desktop\capstone\data\merged\ppe_split\val\images\shwd_part2_000370.jpg,D:\Desktop\capstone\data\merged\ppe_split\val\labels\shwd_part2_000370.txt,,False,0,True,1,2,FP_pred_no_helmet_but_no_label3
val,D:\Desktop\capstone\data\merged\ppe_split\val\images\shwd_part2_000372.jpg,D:\Desktop\capstone\data\merged\ppe_split\val\labels\shwd_part2_000372.txt,,False,0,False,0,1,TN_no_pred_no_helmet_and_no_label3
val,D:\Desktop\capstone\data\merged\ppe_split\val\images\shwd_part2_000381.jpg,D:\Desktop\capstone\data\merged\ppe_split\val\labels\shwd_part2_000381.txt,,False,0,True,1,1,FP_pred_no_helmet_but_no_label3
val,D:\Desktop\capstone\data\merged\ppe_split\val\images\shwd_part2_000382.jpg,D:\Desktop\capstone\data\merged\ppe_split\val\labels\shwd_part2_000382.txt,,False,0,False,0,2,TN_no_pred_no_helmet_and_no_label3
val,D:\Desktop\capstone\data\merged\ppe_split\val\images\shwd_part2_000386.jpg,D:\Desktop\capstone\data\merged\ppe_split\val\labels\shwd_part2_000386.txt,,False,0,False,0,2,TN_no_pred_no_helmet_and_no_label3
val,D:\Desktop\capstone\data\merged\ppe_split\val\images\shwd_part2_000389.jpg,D:\Desktop\capstone\data\merged\ppe_split\val\labels\shwd_part2_000389.txt,,False,0,False,0,0,TN_no_pred_no_helmet_and_no_label3
val,D:\Desktop\capstone\data\merged\ppe_split\val\images\shwd_part2_000397.jpg,D:\Desktop\capstone\data\merged\ppe_split\val\labels\shwd_part2_000397.txt,,False,0,False,0,2,TN_no_pred_no_helmet_and_no_label3
val,D:\Desktop\capstone\data\merged\ppe_split\val\images\shwd_part2_000399.jpg,D:\Desktop\capstone\data\merged\ppe_split\val\labels\shwd_part2_000399.txt,,False,0,False,0,1,TN_no_pred_no_helmet_and_no_label3
val,D:\Desktop\capstone\data\merged\ppe_split\val\images\shwd_part2_000406.jpg,D:\Desktop\capstone\data\merged\ppe_split\val\labels\shwd_part2_000406.txt,,False,0,False,0,0,TN_no_pred_no_helmet_and_no_label3
val,D:\Desktop\capstone\data\merged\ppe_split\val\images\shwd_part2_000415.jpg,D:\Desktop\capstone\data\merged\ppe_split\val\labels\shwd_part2_000415.txt,,False,0,False,0,1,TN_no_pred_no_helmet_and_no_label3
val,D:\Desktop\capstone\data\merged\ppe_split\val\images\shwd_part2_000417.jpg,D:\Desktop\capstone\data\merged\ppe_split\val\labels\shwd_part2_000417.txt,,False,0,False,0,1,TN_no_pred_no_helmet_and_no_label3
val,D:\Desktop\capstone\data\merged\ppe_split\val\images\shwd_part2_000433.jpg,D:\Desktop\capstone\data\merged\ppe_split\val\labels\shwd_part2_000433.txt,,False,0,False,0,5,TN_no_pred_no_helmet_and_no_label3
val,D:\Desktop\capstone\data\merged\ppe_split\val\images\shwd_part2_000449.jpg,D:\Desktop\capstone\data\merged\ppe_split\val\labels\shwd_part2_000449.txt,,False,0,False,0,2,TN_no_pred_no_helmet_and_no_label3
val,D:\Desktop\capstone\data\merged\ppe_split\val\images\shwd_part2_000457.jpg,D:\Desktop\capstone\data\merged\ppe_split\val\labels\shwd_part2_000457.txt,,False,0,False,0,2,TN_no_pred_no_helmet_and_no_label3
val,D:\Desktop\capstone\data\merged\ppe_split\val\images\shwd_part2_000458.jpg,D:\Desktop\capstone\data\merged\ppe_split\val\labels\shwd_part2_000458.txt,,False,0,False,0,1,TN_no_pred_no_helmet_and_no_label3
val,D:\Desktop\capstone\data\merged\ppe_split\val\images\shwd_part2_000469.jpg,D:\Desktop\capstone\data\merged\ppe_split\val\labels\shwd_part2_000469.txt,,False,0,True,1,1,FP_pred_no_helmet_but_no_label3
val,D:\Desktop\capstone\data\merged\ppe_split\val\images\shwd_part2_000471.jpg,D:\Desktop\capstone\data\merged\ppe_split\val\labels\shwd_part2_000471.txt,,False,0,False,0,0,TN_no_pred_no_helmet_and_no_label3
val,D:\Desktop\capstone\data\merged\ppe_split\val\images\shwd_part2_000472.jpg,D:\Desktop\capstone\data\merged\ppe_split\val\labels\shwd_part2_000472.txt,,False,0,False,0,0,TN_no_pred_no_helmet_and_no_label3
val,D:\Desktop\capstone\data\merged\ppe_split\val\images\shwd_part2_000487.jpg,D:\Desktop\capstone\data\merged\ppe_split\val\labels\shwd_part2_000487.txt,,False,0,False,0,1,TN_no_pred_no_helmet_and_no_label3
val,D:\Desktop\capstone\data\merged\ppe_split\val\images\shwd_part2_000489.jpg,D:\Desktop\capstone\data\merged\ppe_split\val\labels\shwd_part2_000489.txt,,False,0,False,0,4,TN_no_pred_no_helmet_and_no_label3
val,D:\Desktop\capstone\data\merged\ppe_split\val\images\shwd_part2_000496.jpg,D:\Desktop\capstone\data\merged\ppe_split\val\labels\shwd_part2_000496.txt,,False,0,False,0,1,TN_no_pred_no_helmet_and_no_label3
val,D:\Desktop\capstone\data\merged\ppe_split\val\images\shwd_part2_000526.jpg,D:\Desktop\capstone\data\merged\ppe_split\val\labels\shwd_part2_000526.txt,,False,0,False,0,5,TN_no_pred_no_helmet_and_no_label3
val,D:\Desktop\capstone\data\merged\ppe_split\val\images\shwd_part2_000540.jpg,D:\Desktop\capstone\data\merged\ppe_split\val\labels\shwd_part2_000540.txt,,False,0,True,1,1,FP_pred_no_helmet_but_no_label3
val,D:\Desktop\capstone\data\merged\ppe_split\val\images\shwd_part2_000543.jpg,D:\Desktop\capstone\data\merged\ppe_split\val\labels\shwd_part2_000543.txt,,False,0,False,0,1,TN_no_pred_no_helmet_and_no_label3
val,D:\Desktop\capstone\data\merged\ppe_split\val\images\shwd_part2_000545.jpg,D:\Desktop\capstone\data\merged\ppe_split\val\labels\shwd_part2_000545.txt,,False,0,False,0,2,TN_no_pred_no_helmet_and_no_label3
val,D:\Desktop\capstone\data\merged\ppe_split\val\images\shwd_part2_000551.jpg,D:\Desktop\capstone\data\merged\ppe_split\val\labels\shwd_part2_000551.txt,,False,0,False,0,2,TN_no_pred_no_helmet_and_no_label3
val,D:\Desktop\capstone\data\merged\ppe_split\val\images\shwd_part2_000552.jpg,D:\Desktop\capstone\data\merged\ppe_split\val\labels\shwd_part2_000552.txt,,False,0,False,0,1,TN_no_pred_no_helmet_and_no_label3
val,D:\Desktop\capstone\data\merged\ppe_split\val\images\shwd_part2_000553.jpg,D:\Desktop\capstone\data\merged\ppe_split\val\labels\shwd_part2_000553.txt,,False,0,False,0,1,TN_no_pred_no_helmet_and_no_label3
val,D:\Desktop\capstone\data\merged\ppe_split\val\images\shwd_part2_000564.jpg,D:\Desktop\capstone\data\merged\ppe_split\val\labels\shwd_part2_000564.txt,,False,0,False,0,2,TN_no_pred_no_helmet_and_no_label3
val,D:\Desktop\capstone\data\merged\ppe_split\val\images\shwd_part2_000571.jpg,D:\Desktop\capstone\data\merged\ppe_split\val\labels\shwd_part2_000571.txt,,False,0,False,0,1,TN_no_pred_no_helmet_and_no_label3
val,D:\Desktop\capstone\data\merged\ppe_split\val\images\shwd_part2_000580.jpg,D:\Desktop\capstone\data\merged\ppe_split\val\labels\shwd_part2_000580.txt,,False,0,False,0,2,TN_no_pred_no_helmet_and_no_label3
val,D:\Desktop\capstone\data\merged\ppe_split\val\images\shwd_part2_000582.jpg,D:\Desktop\capstone\data\merged\ppe_split\val\labels\shwd_part2_000582.txt,,False,0,False,0,2,TN_no_pred_no_helmet_and_no_label3
val,D:\Desktop\capstone\data\merged\ppe_split\val\images\shwd_part2_000586.jpg,D:\Desktop\capstone\data\merged\ppe_split\val\labels\shwd_part2_000586.txt,,False,0,False,0,1,TN_no_pred_no_helmet_and_no_label3
val,D:\Desktop\capstone\data\merged\ppe_split\val\images\shwd_part2_000592.jpg,D:\Desktop\capstone\data\merged\ppe_split\val\labels\shwd_part2_000592.txt,,False,0,False,0,3,TN_no_pred_no_helmet_and_no_label3
val,D:\Desktop\capstone\data\merged\ppe_split\val\images\shwd_part2_000602.jpg,D:\Desktop\capstone\data\merged\ppe_split\val\labels\shwd_part2_000602.txt,,False,0,False,0,4,TN_no_pred_no_helmet_and_no_label3
val,D:\Desktop\capstone\data\merged\ppe_split\val\images\shwd_part2_000616.jpg,D:\Desktop\capstone\data\merged\ppe_split\val\labels\shwd_part2_000616.txt,,False,0,False,0,1,TN_no_pred_no_helmet_and_no_label3
val,D:\Desktop\capstone\data\merged\ppe_split\val\images\shwd_part2_000617.jpg,D:\Desktop\capstone\data\merged\ppe_split\val\labels\shwd_part2_000617.txt,,False,0,False,0,1,TN_no_pred_no_helmet_and_no_label3
val,D:\Desktop\capstone\data\merged\ppe_split\val\images\shwd_part2_000625.jpg,D:\Desktop\capstone\data\merged\ppe_split\val\labels\shwd_part2_000625.txt,,False,0,False,0,1,TN_no_pred_no_helmet_and_no_label3
val,D:\Desktop\capstone\data\merged\ppe_split\val\images\shwd_part2_000647.jpg,D:\Desktop\capstone\data\merged\ppe_split\val\labels\shwd_part2_000647.txt,,False,0,False,0,2,TN_no_pred_no_helmet_and_no_label3
val,D:\Desktop\capstone\data\merged\ppe_split\val\images\shwd_part2_000654.jpg,D:\Desktop\capstone\data\merged\ppe_split\val\labels\shwd_part2_000654.txt,,False,0,False,0,5,TN_no_pred_no_helmet_and_no_label3
val,D:\Desktop\capstone\data\merged\ppe_split\val\images\shwd_part2_000659.jpg,D:\Desktop\capstone\data\merged\ppe_split\val\labels\shwd_part2_000659.txt,,False,0,False,0,2,TN_no_pred_no_helmet_and_no_label3
val,D:\Desktop\capstone\data\merged\ppe_split\val\images\shwd_part2_000660.jpg,D:\Desktop\capstone\data\merged\ppe_split\val\labels\shwd_part2_000660.txt,,False,0,False,0,0,TN_no_pred_no_helmet_and_no_label3
val,D:\Desktop\capstone\data\merged\ppe_split\val\images\shwd_part2_000661.jpg,D:\Desktop\capstone\data\merged\ppe_split\val\labels\shwd_part2_000661.txt,,False,0,False,0,0,TN_no_pred_no_helmet_and_no_label3
val,D:\Desktop\capstone\data\merged\ppe_split\val\images\shwd_part2_000672.jpg,D:\Desktop\capstone\data\merged\ppe_split\val\labels\shwd_part2_000672.txt,,False,0,True,1,1,FP_pred_no_helmet_but_no_label3
val,D:\Desktop\capstone\data\merged\ppe_split\val\images\shwd_part2_000677.jpg,D:\Desktop\capstone\data\merged\ppe_split\val\labels\shwd_part2_000677.txt,,False,0,False,0,0,TN_no_pred_no_helmet_and_no_label3
val,D:\Desktop\capstone\data\merged\ppe_split\val\images\shwd_part2_000680.jpg,D:\Desktop\capstone\data\merged\ppe_split\val\labels\shwd_part2_000680.txt,,False,0,False,0,1,TN_no_pred_no_helmet_and_no_label3
val,D:\Desktop\capstone\data\merged\ppe_split\val\images\shwd_part2_000681.jpg,D:\Desktop\capstone\data\merged\ppe_split\val\labels\shwd_part2_000681.txt,,False,0,False,0,1,TN_no_pred_no_helmet_and_no_label3
val,D:\Desktop\capstone\data\merged\ppe_split\val\images\shwd_part2_000692.jpg,D:\Desktop\capstone\data\merged\ppe_split\val\labels\shwd_part2_000692.txt,,False,0,False,0,3,TN_no_pred_no_helmet_and_no_label3
val,D:\Desktop\capstone\data\merged\ppe_split\val\images\shwd_part2_000711.jpg,D:\Desktop\capstone\data\merged\ppe_split\val\labels\shwd_part2_000711.txt,,False,0,False,0,1,TN_no_pred_no_helmet_and_no_label3
val,D:\Desktop\capstone\data\merged\ppe_split\val\images\shwd_part2_000717.jpg,D:\Desktop\capstone\data\merged\ppe_split\val\labels\shwd_part2_000717.txt,,False,0,True,1,1,FP_pred_no_helmet_but_no_label3
val,D:\Desktop\capstone\data\merged\ppe_split\val\images\shwd_part2_000723.jpg,D:\Desktop\capstone\data\merged\ppe_split\val\labels\shwd_part2_000723.txt,,False,0,False,0,2,TN_no_pred_no_helmet_and_no_label3
val,D:\Desktop\capstone\data\merged\ppe_split\val\images\shwd_part2_000727.jpg,D:\Desktop\capstone\data\merged\ppe_split\val\labels\shwd_part2_000727.txt,,False,0,False,0,3,TN_no_pred_no_helmet_and_no_label3
val,D:\Desktop\capstone\data\merged\ppe_split\val\images\shwd_part2_000742.jpg,D:\Desktop\capstone\data\merged\ppe_split\val\labels\shwd_part2_000742.txt,,False,0,False,0,3,TN_no_pred_no_helmet_and_no_label3
val,D:\Desktop\capstone\data\merged\ppe_split\val\images\shwd_part2_000745.jpg,D:\Desktop\capstone\data\merged\ppe_split\val\labels\shwd_part2_000745.txt,,False,0,False,0,0,TN_no_pred_no_helmet_and_no_label3
val,D:\Desktop\capstone\data\merged\ppe_split\val\images\shwd_part2_000749.jpg,D:\Desktop\capstone\data\merged\ppe_split\val\labels\shwd_part2_000749.txt,,False,0,False,0,1,TN_no_pred_no_helmet_and_no_label3
val,D:\Desktop\capstone\data\merged\ppe_split\val\images\shwd_part2_000752.jpg,D:\Desktop\capstone\data\merged\ppe_split\val\labels\shwd_part2_000752.txt,,False,0,False,0,2,TN_no_pred_no_helmet_and_no_label3
val,D:\Desktop\capstone\data\merged\ppe_split\val\images\shwd_part2_000760.jpg,D:\Desktop\capstone\data\merged\ppe_split\val\labels\shwd_part2_000760.txt,,False,0,False,0,8,TN_no_pred_no_helmet_and_no_label3
val,D:\Desktop\capstone\data\merged\ppe_split\val\images\shwd_part2_000770.jpg,D:\Desktop\capstone\data\merged\ppe_split\val\labels\shwd_part2_000770.txt,,False,0,False,0,1,TN_no_pred_no_helmet_and_no_label3
val,D:\Desktop\capstone\data\merged\ppe_split\val\images\shwd_part2_000783.jpg,D:\Desktop\capstone\data\merged\ppe_split\val\labels\shwd_part2_000783.txt,,False,0,False,0,3,TN_no_pred_no_helmet_and_no_label3
val,D:\Desktop\capstone\data\merged\ppe_split\val\images\shwd_part2_000790.jpg,D:\Desktop\capstone\data\merged\ppe_split\val\labels\shwd_part2_000790.txt,,False,0,False,0,2,TN_no_pred_no_helmet_and_no_label3
val,D:\Desktop\capstone\data\merged\ppe_split\val\images\shwd_part2_000795.jpg,D:\Desktop\capstone\data\merged\ppe_split\val\labels\shwd_part2_000795.txt,,False,0,False,0,1,TN_no_pred_no_helmet_and_no_label3
val,D:\Desktop\capstone\data\merged\ppe_split\val\images\shwd_part2_000797.jpg,D:\Desktop\capstone\data\merged\ppe_split\val\labels\shwd_part2_000797.txt,,False,0,False,0,1,TN_no_pred_no_helmet_and_no_label3
val,D:\Desktop\capstone\data\merged\ppe_split\val\images\shwd_part2_000803.jpg,D:\Desktop\capstone\data\merged\ppe_split\val\labels\shwd_part2_000803.txt,,False,0,False,0,1,TN_no_pred_no_helmet_and_no_label3
val,D:\Desktop\capstone\data\merged\ppe_split\val\images\shwd_part2_000808.jpg,D:\Desktop\capstone\data\merged\ppe_split\val\labels\shwd_part2_000808.txt,,False,0,False,0,1,TN_no_pred_no_helmet_and_no_label3
val,D:\Desktop\capstone\data\merged\ppe_split\val\images\shwd_part2_000812.jpg,D:\Desktop\capstone\data\merged\ppe_split\val\labels\shwd_part2_000812.txt,,False,0,False,0,6,TN_no_pred_no_helmet_and_no_label3
val,D:\Desktop\capstone\data\merged\ppe_split\val\images\shwd_part2_000815.jpg,D:\Desktop\capstone\data\merged\ppe_split\val\labels\shwd_part2_000815.txt,,False,0,False,0,1,TN_no_pred_no_helmet_and_no_label3
val,D:\Desktop\capstone\data\merged\ppe_split\val\images\shwd_part2_000822.jpg,D:\Desktop\capstone\data\merged\ppe_split\val\labels\shwd_part2_000822.txt,,False,0,False,0,3,TN_no_pred_no_helmet_and_no_label3
val,D:\Desktop\capstone\data\merged\ppe_split\val\images\shwd_part2_000834.jpg,D:\Desktop\capstone\data\merged\ppe_split\val\labels\shwd_part2_000834.txt,,False,0,False,0,1,TN_no_pred_no_helmet_and_no_label3
val,D:\Desktop\capstone\data\merged\ppe_split\val\images\shwd_part2_000840.jpg,D:\Desktop\capstone\data\merged\ppe_split\val\labels\shwd_part2_000840.txt,,False,0,False,0,1,TN_no_pred_no_helmet_and_no_label3
val,D:\Desktop\capstone\data\merged\ppe_split\val\images\shwd_part2_000842.jpg,D:\Desktop\capstone\data\merged\ppe_split\val\labels\shwd_part2_000842.txt,,False,0,False,0,2,TN_no_pred_no_helmet_and_no_label3
val,D:\Desktop\capstone\data\merged\ppe_split\val\images\shwd_part2_000886.jpg,D:\Desktop\capstone\data\merged\ppe_split\val\labels\shwd_part2_000886.txt,,False,0,False,0,0,TN_no_pred_no_helmet_and_no_label3
val,D:\Desktop\capstone\data\merged\ppe_split\val\images\shwd_part2_000891.jpg,D:\Desktop\capstone\data\merged\ppe_split\val\labels\shwd_part2_000891.txt,,False,0,False,0,3,TN_no_pred_no_helmet_and_no_label3
val,D:\Desktop\capstone\data\merged\ppe_split\val\images\shwd_part2_000895.jpg,D:\Desktop\capstone\data\merged\ppe_split\val\labels\shwd_part2_000895.txt,,False,0,False,0,1,TN_no_pred_no_helmet_and_no_label3
val,D:\Desktop\capstone\data\merged\ppe_split\val\images\shwd_part2_000899.jpg,D:\Desktop\capstone\data\merged\ppe_split\val\labels\shwd_part2_000899.txt,,False,0,False,0,2,TN_no_pred_no_helmet_and_no_label3
val,D:\Desktop\capstone\data\merged\ppe_split\val\images\shwd_part2_000903.jpg,D:\Desktop\capstone\data\merged\ppe_split\val\labels\shwd_part2_000903.txt,,False,0,False,0,1,TN_no_pred_no_helmet_and_no_label3
val,D:\Desktop\capstone\data\merged\ppe_split\val\images\shwd_part2_000908.jpg,D:\Desktop\capstone\data\merged\ppe_split\val\labels\shwd_part2_000908.txt,,False,0,False,0,3,TN_no_pred_no_helmet_and_no_label3
val,D:\Desktop\capstone\data\merged\ppe_split\val\images\shwd_part2_000912.jpg,D:\Desktop\capstone\data\merged\ppe_split\val\labels\shwd_part2_000912.txt,,False,0,False,0,1,TN_no_pred_no_helmet_and_no_label3
val,D:\Desktop\capstone\data\merged\ppe_split\val\images\shwd_part2_000955.jpg,D:\Desktop\capstone\data\merged\ppe_split\val\labels\shwd_part2_000955.txt,,False,0,False,0,1,TN_no_pred_no_helmet_and_no_label3
val,D:\Desktop\capstone\data\merged\ppe_split\val\images\shwd_part2_000957.jpg,D:\Desktop\capstone\data\merged\ppe_split\val\labels\shwd_part2_000957.txt,,False,0,False,0,1,TN_no_pred_no_helmet_and_no_label3
val,D:\Desktop\capstone\data\merged\ppe_split\val\images\shwd_part2_000959.jpg,D:\Desktop\capstone\data\merged\ppe_split\val\labels\shwd_part2_000959.txt,,False,0,False,0,4,TN_no_pred_no_helmet_and_no_label3
val,D:\Desktop\capstone\data\merged\ppe_split\val\images\shwd_part2_000964.jpg,D:\Desktop\capstone\data\merged\ppe_split\val\labels\shwd_part2_000964.txt,,False,0,False,0,2,TN_no_pred_no_helmet_and_no_label3
val,D:\Desktop\capstone\data\merged\ppe_split\val\images\shwd_part2_000965.jpg,D:\Desktop\capstone\data\merged\ppe_split\val\labels\shwd_part2_000965.txt,,False,0,False,0,1,TN_no_pred_no_helmet_and_no_label3
val,D:\Desktop\capstone\data\merged\ppe_split\val\images\shwd_part2_000973.jpg,D:\Desktop\capstone\data\merged\ppe_split\val\labels\shwd_part2_000973.txt,,False,0,False,0,2,TN_no_pred_no_helmet_and_no_label3
val,D:\Desktop\capstone\data\merged\ppe_split\val\images\shwd_part2_000986.jpg,D:\Desktop\capstone\data\merged\ppe_split\val\labels\shwd_part2_000986.txt,,False,0,False,0,2,TN_no_pred_no_helmet_and_no_label3
val,D:\Desktop\capstone\data\merged\ppe_split\val\images\shwd_part2_000991.jpg,D:\Desktop\capstone\data\merged\ppe_split\val\labels\shwd_part2_000991.txt,,False,0,False,0,1,TN_no_pred_no_helmet_and_no_label3
val,D:\Desktop\capstone\data\merged\ppe_split\val\images\shwd_part2_000995.jpg,D:\Desktop\capstone\data\merged\ppe_split\val\labels\shwd_part2_000995.txt,,False,0,False,0,2,TN_no_pred_no_helmet_and_no_label3
val,D:\Desktop\capstone\data\merged\ppe_split\val\images\shwd_part2_000998.jpg,D:\Desktop\capstone\data\merged\ppe_split\val\labels\shwd_part2_000998.txt,,False,0,False,0,3,TN_no_pred_no_helmet_and_no_label3
val,D:\Desktop\capstone\data\merged\ppe_split\val\images\shwd_part2_001001.jpg,D:\Desktop\capstone\data\merged\ppe_split\val\labels\shwd_part2_001001.txt,,False,0,True,2,3,FP_pred_no_helmet_but_no_label3
val,D:\Desktop\capstone\data\merged\ppe_split\val\images\shwd_part2_001005.jpg,D:\Desktop\capstone\data\merged\ppe_split\val\labels\shwd_part2_001005.txt,,False,0,False,0,0,TN_no_pred_no_helmet_and_no_label3
val,D:\Desktop\capstone\data\merged\ppe_split\val\images\shwd_part2_001015.jpg,D:\Desktop\capstone\data\merged\ppe_split\val\labels\shwd_part2_001015.txt,,False,0,False,0,1,TN_no_pred_no_helmet_and_no_label3
val,D:\Desktop\capstone\data\merged\ppe_split\val\images\shwd_part2_001018.jpg,D:\Desktop\capstone\data\merged\ppe_split\val\labels\shwd_part2_001018.txt,,False,0,False,0,1,TN_no_pred_no_helmet_and_no_label3
val,D:\Desktop\capstone\data\merged\ppe_split\val\images\shwd_part2_001035.jpg,D:\Desktop\capstone\data\merged\ppe_split\val\labels\shwd_part2_001035.txt,,False,0,False,0,1,TN_no_pred_no_helmet_and_no_label3
val,D:\Desktop\capstone\data\merged\ppe_split\val\images\shwd_part2_001040.jpg,D:\Desktop\capstone\data\merged\ppe_split\val\labels\shwd_part2_001040.txt,,False,0,True,1,2,FP_pred_no_helmet_but_no_label3
val,D:\Desktop\capstone\data\merged\ppe_split\val\images\shwd_part2_001059.jpg,D:\Desktop\capstone\data\merged\ppe_split\val\labels\shwd_part2_001059.txt,,False,0,False,0,2,TN_no_pred_no_helmet_and_no_label3
val,D:\Desktop\capstone\data\merged\ppe_split\val\images\shwd_part2_001067.jpg,D:\Desktop\capstone\data\merged\ppe_split\val\labels\shwd_part2_001067.txt,,False,0,False,0,0,TN_no_pred_no_helmet_and_no_label3
val,D:\Desktop\capstone\data\merged\ppe_split\val\images\shwd_part2_001074.jpg,D:\Desktop\capstone\data\merged\ppe_split\val\labels\shwd_part2_001074.txt,,False,0,False,0,0,TN_no_pred_no_helmet_and_no_label3
val,D:\Desktop\capstone\data\merged\ppe_split\val\images\shwd_part2_001075.jpg,D:\Desktop\capstone\data\merged\ppe_split\val\labels\shwd_part2_001075.txt,,False,0,False,0,0,TN_no_pred_no_helmet_and_no_label3
val,D:\Desktop\capstone\data\merged\ppe_split\val\images\shwd_part2_001076.jpg,D:\Desktop\capstone\data\merged\ppe_split\val\labels\shwd_part2_001076.txt,,False,0,False,0,1,TN_no_pred_no_helmet_and_no_label3
val,D:\Desktop\capstone\data\merged\ppe_split\val\images\shwd_part2_001080.jpg,D:\Desktop\capstone\data\merged\ppe_split\val\labels\shwd_part2_001080.txt,,False,0,False,0,1,TN_no_pred_no_helmet_and_no_label3
val,D:\Desktop\capstone\data\merged\ppe_split\val\images\shwd_part2_001085.jpg,D:\Desktop\capstone\data\merged\ppe_split\val\labels\shwd_part2_001085.txt,,False,0,False,0,1,TN_no_pred_no_helmet_and_no_label3
val,D:\Desktop\capstone\data\merged\ppe_split\val\images\shwd_part2_001089.jpg,D:\Desktop\capstone\data\merged\ppe_split\val\labels\shwd_part2_001089.txt,,False,0,False,0,7,TN_no_pred_no_helmet_and_no_label3
val,D:\Desktop\capstone\data\merged\ppe_split\val\images\shwd_part2_001109.jpg,D:\Desktop\capstone\data\merged\ppe_split\val\labels\shwd_part2_001109.txt,,False,0,False,0,0,TN_no_pred_no_helmet_and_no_label3
val,D:\Desktop\capstone\data\merged\ppe_split\val\images\shwd_part2_001112.jpg,D:\Desktop\capstone\data\merged\ppe_split\val\labels\shwd_part2_001112.txt,,False,0,False,0,3,TN_no_pred_no_helmet_and_no_label3
val,D:\Desktop\capstone\data\merged\ppe_split\val\images\shwd_part2_001122.jpg,D:\Desktop\capstone\data\merged\ppe_split\val\labels\shwd_part2_001122.txt,,False,0,False,0,2,TN_no_pred_no_helmet_and_no_label3
val,D:\Desktop\capstone\data\merged\ppe_split\val\images\shwd_part2_001123.jpg,D:\Desktop\capstone\data\merged\ppe_split\val\labels\shwd_part2_001123.txt,,False,0,False,0,0,TN_no_pred_no_helmet_and_no_label3
val,D:\Desktop\capstone\data\merged\ppe_split\val\images\shwd_part2_001126.jpg,D:\Desktop\capstone\data\merged\ppe_split\val\labels\shwd_part2_001126.txt,,False,0,False,0,2,TN_no_pred_no_helmet_and_no_label3
val,D:\Desktop\capstone\data\merged\ppe_split\val\images\shwd_part2_001146.jpg,D:\Desktop\capstone\data\merged\ppe_split\val\labels\shwd_part2_001146.txt,,False,0,False,0,3,TN_no_pred_no_helmet_and_no_label3
val,D:\Desktop\capstone\data\merged\ppe_split\val\images\shwd_part2_001150.jpg,D:\Desktop\capstone\data\merged\ppe_split\val\labels\shwd_part2_001150.txt,,False,0,False,0,1,TN_no_pred_no_helmet_and_no_label3
val,D:\Desktop\capstone\data\merged\ppe_split\val\images\shwd_part2_001152.jpg,D:\Desktop\capstone\data\merged\ppe_split\val\labels\shwd_part2_001152.txt,,False,0,False,0,7,TN_no_pred_no_helmet_and_no_label3
val,D:\Desktop\capstone\data\merged\ppe_split\val\images\shwd_part2_001156.jpg,D:\Desktop\capstone\data\merged\ppe_split\val\labels\shwd_part2_001156.txt,,False,0,False,0,0,TN_no_pred_no_helmet_and_no_label3
val,D:\Desktop\capstone\data\merged\ppe_split\val\images\shwd_part2_001157.jpg,D:\Desktop\capstone\data\merged\ppe_split\val\labels\shwd_part2_001157.txt,,False,0,False,0,2,TN_no_pred_no_helmet_and_no_label3
val,D:\Desktop\capstone\data\merged\ppe_split\val\images\shwd_part2_001159.jpg,D:\Desktop\capstone\data\merged\ppe_split\val\labels\shwd_part2_001159.txt,,False,0,False,0,2,TN_no_pred_no_helmet_and_no_label3
val,D:\Desktop\capstone\data\merged\ppe_split\val\images\shwd_part2_001169.jpg,D:\Desktop\capstone\data\merged\ppe_split\val\labels\shwd_part2_001169.txt,,False,0,False,0,4,TN_no_pred_no_helmet_and_no_label3
val,D:\Desktop\capstone\data\merged\ppe_split\val\images\shwd_part2_001184.jpg,D:\Desktop\capstone\data\merged\ppe_split\val\labels\shwd_part2_001184.txt,,False,0,False,0,2,TN_no_pred_no_helmet_and_no_label3
val,D:\Desktop\capstone\data\merged\ppe_split\val\images\shwd_part2_001187.jpg,D:\Desktop\capstone\data\merged\ppe_split\val\labels\shwd_part2_001187.txt,,False,0,False,0,1,TN_no_pred_no_helmet_and_no_label3
val,D:\Desktop\capstone\data\merged\ppe_split\val\images\shwd_part2_001221.jpg,D:\Desktop\capstone\data\merged\ppe_split\val\labels\shwd_part2_001221.txt,,False,0,False,0,2,TN_no_pred_no_helmet_and_no_label3
val,D:\Desktop\capstone\data\merged\ppe_split\val\images\shwd_part2_001225.jpg,D:\Desktop\capstone\data\merged\ppe_split\val\labels\shwd_part2_001225.txt,,False,0,False,0,1,TN_no_pred_no_helmet_and_no_label3
val,D:\Desktop\capstone\data\merged\ppe_split\val\images\shwd_part2_001226.jpg,D:\Desktop\capstone\data\merged\ppe_split\val\labels\shwd_part2_001226.txt,,False,0,False,0,1,TN_no_pred_no_helmet_and_no_label3
val,D:\Desktop\capstone\data\merged\ppe_split\val\images\shwd_part2_001242.jpg,D:\Desktop\capstone\data\merged\ppe_split\val\labels\shwd_part2_001242.txt,,False,0,False,0,1,TN_no_pred_no_helmet_and_no_label3
val,D:\Desktop\capstone\data\merged\ppe_split\val\images\shwd_part2_001246.jpg,D:\Desktop\capstone\data\merged\ppe_split\val\labels\shwd_part2_001246.txt,,False,0,False,0,2,TN_no_pred_no_helmet_and_no_label3
val,D:\Desktop\capstone\data\merged\ppe_split\val\images\shwd_part2_001250.jpg,D:\Desktop\capstone\data\merged\ppe_split\val\labels\shwd_part2_001250.txt,,False,0,False,0,4,TN_no_pred_no_helmet_and_no_label3
val,D:\Desktop\capstone\data\merged\ppe_split\val\images\shwd_part2_001282.jpg,D:\Desktop\capstone\data\merged\ppe_split\val\labels\shwd_part2_001282.txt,,False,0,False,0,3,TN_no_pred_no_helmet_and_no_label3
val,D:\Desktop\capstone\data\merged\ppe_split\val\images\shwd_part2_001300.jpg,D:\Desktop\capstone\data\merged\ppe_split\val\labels\shwd_part2_001300.txt,,False,0,True,1,1,FP_pred_no_helmet_but_no_label3
val,D:\Desktop\capstone\data\merged\ppe_split\val\images\shwd_part2_001316.jpg,D:\Desktop\capstone\data\merged\ppe_split\val\labels\shwd_part2_001316.txt,,False,0,False,0,1,TN_no_pred_no_helmet_and_no_label3
val,D:\Desktop\capstone\data\merged\ppe_split\val\images\shwd_part2_001331.jpg,D:\Desktop\capstone\data\merged\ppe_split\val\labels\shwd_part2_001331.txt,,False,0,False,0,1,TN_no_pred_no_helmet_and_no_label3
val,D:\Desktop\capstone\data\merged\ppe_split\val\images\shwd_part2_001354.jpg,D:\Desktop\capstone\data\merged\ppe_split\val\labels\shwd_part2_001354.txt,,False,0,False,0,2,TN_no_pred_no_helmet_and_no_label3
val,D:\Desktop\capstone\data\merged\ppe_split\val\images\shwd_part2_001367.jpg,D:\Desktop\capstone\data\merged\ppe_split\val\labels\shwd_part2_001367.txt,,False,0,False,0,1,TN_no_pred_no_helmet_and_no_label3
val,D:\Desktop\capstone\data\merged\ppe_split\val\images\shwd_part2_001368.jpg,D:\Desktop\capstone\data\merged\ppe_split\val\labels\shwd_part2_001368.txt,,False,0,True,2,3,FP_pred_no_helmet_but_no_label3
val,D:\Desktop\capstone\data\merged\ppe_split\val\images\shwd_part2_001375.jpg,D:\Desktop\capstone\data\merged\ppe_split\val\labels\shwd_part2_001375.txt,,False,0,False,0,1,TN_no_pred_no_helmet_and_no_label3
val,D:\Desktop\capstone\data\merged\ppe_split\val\images\shwd_part2_001377.jpg,D:\Desktop\capstone\data\merged\ppe_split\val\labels\shwd_part2_001377.txt,,False,0,False,0,2,TN_no_pred_no_helmet_and_no_label3
val,D:\Desktop\capstone\data\merged\ppe_split\val\images\shwd_part2_001378.jpg,D:\Desktop\capstone\data\merged\ppe_split\val\labels\shwd_part2_001378.txt,,False,0,False,0,1,TN_no_pred_no_helmet_and_no_label3
val,D:\Desktop\capstone\data\merged\ppe_split\val\images\shwd_part2_001385.jpg,D:\Desktop\capstone\data\merged\ppe_split\val\labels\shwd_part2_001385.txt,,False,0,False,0,2,TN_no_pred_no_helmet_and_no_label3
val,D:\Desktop\capstone\data\merged\ppe_split\val\images\shwd_part2_001386.jpg,D:\Desktop\capstone\data\merged\ppe_split\val\labels\shwd_part2_001386.txt,,False,0,False,0,1,TN_no_pred_no_helmet_and_no_label3
val,D:\Desktop\capstone\data\merged\ppe_split\val\images\shwd_part2_001400.jpg,D:\Desktop\capstone\data\merged\ppe_split\val\labels\shwd_part2_001400.txt,,False,0,False,0,2,TN_no_pred_no_helmet_and_no_label3
val,D:\Desktop\capstone\data\merged\ppe_split\val\images\shwd_part2_001425.jpg,D:\Desktop\capstone\data\merged\ppe_split\val\labels\shwd_part2_001425.txt,,False,0,False,0,0,TN_no_pred_no_helmet_and_no_label3
val,D:\Desktop\capstone\data\merged\ppe_split\val\images\shwd_part2_001432.jpg,D:\Desktop\capstone\data\merged\ppe_split\val\labels\shwd_part2_001432.txt,,False,0,False,0,1,TN_no_pred_no_helmet_and_no_label3
val,D:\Desktop\capstone\data\merged\ppe_split\val\images\shwd_part2_001453.jpg,D:\Desktop\capstone\data\merged\ppe_split\val\labels\shwd_part2_001453.txt,,False,0,False,0,2,TN_no_pred_no_helmet_and_no_label3
val,D:\Desktop\capstone\data\merged\ppe_split\val\images\shwd_part2_001459.jpg,D:\Desktop\capstone\data\merged\ppe_split\val\labels\shwd_part2_001459.txt,,False,0,False,0,0,TN_no_pred_no_helmet_and_no_label3
val,D:\Desktop\capstone\data\merged\ppe_split\val\images\shwd_part2_001473.jpg,D:\Desktop\capstone\data\merged\ppe_split\val\labels\shwd_part2_001473.txt,,False,0,False,0,6,TN_no_pred_no_helmet_and_no_label3
val,D:\Desktop\capstone\data\merged\ppe_split\val\images\shwd_part2_001480.jpg,D:\Desktop\capstone\data\merged\ppe_split\val\labels\shwd_part2_001480.txt,,False,0,False,0,1,TN_no_pred_no_helmet_and_no_label3
val,D:\Desktop\capstone\data\merged\ppe_split\val\images\shwd_part2_001484.jpg,D:\Desktop\capstone\data\merged\ppe_split\val\labels\shwd_part2_001484.txt,,False,0,True,2,2,FP_pred_no_helmet_but_no_label3
val,D:\Desktop\capstone\data\merged\ppe_split\val\images\shwd_part2_001485.jpg,D:\Desktop\capstone\data\merged\ppe_split\val\labels\shwd_part2_001485.txt,,False,0,False,0,2,TN_no_pred_no_helmet_and_no_label3
val,D:\Desktop\capstone\data\merged\ppe_split\val\images\shwd_part2_001491.jpg,D:\Desktop\capstone\data\merged\ppe_split\val\labels\shwd_part2_001491.txt,,False,0,False,0,2,TN_no_pred_no_helmet_and_no_label3
val,D:\Desktop\capstone\data\merged\ppe_split\val\images\shwd_part2_001495.jpg,D:\Desktop\capstone\data\merged\ppe_split\val\labels\shwd_part2_001495.txt,,False,0,False,0,3,TN_no_pred_no_helmet_and_no_label3
val,D:\Desktop\capstone\data\merged\ppe_split\val\images\shwd_part2_001500.jpg,D:\Desktop\capstone\data\merged\ppe_split\val\labels\shwd_part2_001500.txt,,False,0,False,0,3,TN_no_pred_no_helmet_and_no_label3
val,D:\Desktop\capstone\data\merged\ppe_split\val\images\shwd_part2_001511.jpg,D:\Desktop\capstone\data\merged\ppe_split\val\labels\shwd_part2_001511.txt,,False,0,False,0,0,TN_no_pred_no_helmet_and_no_label3
val,D:\Desktop\capstone\data\merged\ppe_split\val\images\shwd_part2_001522.jpg,D:\Desktop\capstone\data\merged\ppe_split\val\labels\shwd_part2_001522.txt,,False,0,False,0,1,TN_no_pred_no_helmet_and_no_label3
val,D:\Desktop\capstone\data\merged\ppe_split\val\images\shwd_part2_001529.jpg,D:\Desktop\capstone\data\merged\ppe_split\val\labels\shwd_part2_001529.txt,,False,0,False,0,0,TN_no_pred_no_helmet_and_no_label3
val,D:\Desktop\capstone\data\merged\ppe_split\val\images\shwd_part2_001531.jpg,D:\Desktop\capstone\data\merged\ppe_split\val\labels\shwd_part2_001531.txt,,False,0,False,0,1,TN_no_pred_no_helmet_and_no_label3
val,D:\Desktop\capstone\data\merged\ppe_split\val\images\shwd_part2_001542.jpg,D:\Desktop\capstone\data\merged\ppe_split\val\labels\shwd_part2_001542.txt,,False,0,False,0,1,TN_no_pred_no_helmet_and_no_label3
val,D:\Desktop\capstone\data\merged\ppe_split\val\images\shwd_part2_001547.jpg,D:\Desktop\capstone\data\merged\ppe_split\val\labels\shwd_part2_001547.txt,,False,0,False,0,2,TN_no_pred_no_helmet_and_no_label3
val,D:\Desktop\capstone\data\merged\ppe_split\val\images\shwd_part2_001548.jpg,D:\Desktop\capstone\data\merged\ppe_split\val\labels\shwd_part2_001548.txt,,False,0,False,0,1,TN_no_pred_no_helmet_and_no_label3
val,D:\Desktop\capstone\data\merged\ppe_split\val\images\shwd_part2_001566.jpg,D:\Desktop\capstone\data\merged\ppe_split\val\labels\shwd_part2_001566.txt,,False,0,False,0,1,TN_no_pred_no_helmet_and_no_label3
val,D:\Desktop\capstone\data\merged\ppe_split\val\images\shwd_part2_001567.jpg,D:\Desktop\capstone\data\merged\ppe_split\val\labels\shwd_part2_001567.txt,,False,0,False,0,2,TN_no_pred_no_helmet_and_no_label3
val,D:\Desktop\capstone\data\merged\ppe_split\val\images\shwd_part2_001578.jpg,D:\Desktop\capstone\data\merged\ppe_split\val\labels\shwd_part2_001578.txt,,False,0,False,0,2,TN_no_pred_no_helmet_and_no_label3
val,D:\Desktop\capstone\data\merged\ppe_split\val\images\shwd_part2_001587.jpg,D:\Desktop\capstone\data\merged\ppe_split\val\labels\shwd_part2_001587.txt,,False,0,False,0,6,TN_no_pred_no_helmet_and_no_label3
val,D:\Desktop\capstone\data\merged\ppe_split\val\images\shwd_part2_001596.jpg,D:\Desktop\capstone\data\merged\ppe_split\val\labels\shwd_part2_001596.txt,,False,0,False,0,0,TN_no_pred_no_helmet_and_no_label3
val,D:\Desktop\capstone\data\merged\ppe_split\val\images\shwd_part2_001600.jpg,D:\Desktop\capstone\data\merged\ppe_split\val\labels\shwd_part2_001600.txt,,False,0,False,0,1,TN_no_pred_no_helmet_and_no_label3
val,D:\Desktop\capstone\data\merged\ppe_split\val\images\shwd_part2_001607.jpg,D:\Desktop\capstone\data\merged\ppe_split\val\labels\shwd_part2_001607.txt,,False,0,False,0,7,TN_no_pred_no_helmet_and_no_label3
val,D:\Desktop\capstone\data\merged\ppe_split\val\images\shwd_part2_001608.jpg,D:\Desktop\capstone\data\merged\ppe_split\val\labels\shwd_part2_001608.txt,,False,0,False,0,2,TN_no_pred_no_helmet_and_no_label3
val,D:\Desktop\capstone\data\merged\ppe_split\val\images\shwd_part2_001629.jpg,D:\Desktop\capstone\data\merged\ppe_split\val\labels\shwd_part2_001629.txt,,False,0,False,0,0,TN_no_pred_no_helmet_and_no_label3
val,D:\Desktop\capstone\data\merged\ppe_split\val\images\shwd_part2_001633.jpg,D:\Desktop\capstone\data\merged\ppe_split\val\labels\shwd_part2_001633.txt,,False,0,False,0,2,TN_no_pred_no_helmet_and_no_label3
val,D:\Desktop\capstone\data\merged\ppe_split\val\images\shwd_part2_001637.jpg,D:\Desktop\capstone\data\merged\ppe_split\val\labels\shwd_part2_001637.txt,,False,0,False,0,2,TN_no_pred_no_helmet_and_no_label3
val,D:\Desktop\capstone\data\merged\ppe_split\val\images\shwd_part2_001642.jpg,D:\Desktop\capstone\data\merged\ppe_split\val\labels\shwd_part2_001642.txt,,False,0,True,1,6,FP_pred_no_helmet_but_no_label3
val,D:\Desktop\capstone\data\merged\ppe_split\val\images\shwd_part2_001655.jpg,D:\Desktop\capstone\data\merged\ppe_split\val\labels\shwd_part2_001655.txt,,False,0,False,0,4,TN_no_pred_no_helmet_and_no_label3
val,D:\Desktop\capstone\data\merged\ppe_split\val\images\shwd_part2_001656.jpg,D:\Desktop\capstone\data\merged\ppe_split\val\labels\shwd_part2_001656.txt,,False,0,False,0,1,TN_no_pred_no_helmet_and_no_label3
val,D:\Desktop\capstone\data\merged\ppe_split\val\images\shwd_part2_001666.jpg,D:\Desktop\capstone\data\merged\ppe_split\val\labels\shwd_part2_001666.txt,,False,0,False,0,4,TN_no_pred_no_helmet_and_no_label3
val,D:\Desktop\capstone\data\merged\ppe_split\val\images\shwd_part2_001674.jpg,D:\Desktop\capstone\data\merged\ppe_split\val\labels\shwd_part2_001674.txt,,False,0,False,0,2,TN_no_pred_no_helmet_and_no_label3
val,D:\Desktop\capstone\data\merged\ppe_split\val\images\shwd_part2_001676.jpg,D:\Desktop\capstone\data\merged\ppe_split\val\labels\shwd_part2_001676.txt,,False,0,False,0,2,TN_no_pred_no_helmet_and_no_label3
val,D:\Desktop\capstone\data\merged\ppe_split\val\images\shwd_part2_001685.jpg,D:\Desktop\capstone\data\merged\ppe_split\val\labels\shwd_part2_001685.txt,,False,0,True,1,1,FP_pred_no_helmet_but_no_label3
val,D:\Desktop\capstone\data\merged\ppe_split\val\images\shwd_part2_001690.jpg,D:\Desktop\capstone\data\merged\ppe_split\val\labels\shwd_part2_001690.txt,,False,0,False,0,1,TN_no_pred_no_helmet_and_no_label3
val,D:\Desktop\capstone\data\merged\ppe_split\val\images\shwd_part2_001705.jpg,D:\Desktop\capstone\data\merged\ppe_split\val\labels\shwd_part2_001705.txt,,False,0,False,0,2,TN_no_pred_no_helmet_and_no_label3
val,D:\Desktop\capstone\data\merged\ppe_split\val\images\shwd_part2_001707.jpg,D:\Desktop\capstone\data\merged\ppe_split\val\labels\shwd_part2_001707.txt,,False,0,False,0,0,TN_no_pred_no_helmet_and_no_label3
val,D:\Desktop\capstone\data\merged\ppe_split\val\images\shwd_part2_001727.jpg,D:\Desktop\capstone\data\merged\ppe_split\val\labels\shwd_part2_001727.txt,,False,0,False,0,1,TN_no_pred_no_helmet_and_no_label3
val,D:\Desktop\capstone\data\merged\ppe_split\val\images\shwd_part2_001730.jpg,D:\Desktop\capstone\data\merged\ppe_split\val\labels\shwd_part2_001730.txt,,False,0,False,0,1,TN_no_pred_no_helmet_and_no_label3
val,D:\Desktop\capstone\data\merged\ppe_split\val\images\shwd_part2_001738.jpg,D:\Desktop\capstone\data\merged\ppe_split\val\labels\shwd_part2_001738.txt,,False,0,False,0,1,TN_no_pred_no_helmet_and_no_label3
val,D:\Desktop\capstone\data\merged\ppe_split\val\images\shwd_part2_001754.jpg,D:\Desktop\capstone\data\merged\ppe_split\val\labels\shwd_part2_001754.txt,,False,0,False,0,2,TN_no_pred_no_helmet_and_no_label3
val,D:\Desktop\capstone\data\merged\ppe_split\val\images\shwd_part2_001756.jpg,D:\Desktop\capstone\data\merged\ppe_split\val\labels\shwd_part2_001756.txt,,False,0,False,0,2,TN_no_pred_no_helmet_and_no_label3
val,D:\Desktop\capstone\data\merged\ppe_split\val\images\shwd_part2_001771.jpg,D:\Desktop\capstone\data\merged\ppe_split\val\labels\shwd_part2_001771.txt,,False,0,False,0,0,TN_no_pred_no_helmet_and_no_label3
val,D:\Desktop\capstone\data\merged\ppe_split\val\images\shwd_part2_001806.jpg,D:\Desktop\capstone\data\merged\ppe_split\val\labels\shwd_part2_001806.txt,,False,0,False,0,0,TN_no_pred_no_helmet_and_no_label3
val,D:\Desktop\capstone\data\merged\ppe_split\val\images\shwd_part2_001807.jpg,D:\Desktop\capstone\data\merged\ppe_split\val\labels\shwd_part2_001807.txt,,False,0,False,0,3,TN_no_pred_no_helmet_and_no_label3
val,D:\Desktop\capstone\data\merged\ppe_split\val\images\shwd_part2_001808.jpg,D:\Desktop\capstone\data\merged\ppe_split\val\labels\shwd_part2_001808.txt,,False,0,False,0,3,TN_no_pred_no_helmet_and_no_label3
val,D:\Desktop\capstone\data\merged\ppe_split\val\images\shwd_part2_001810.jpg,D:\Desktop\capstone\data\merged\ppe_split\val\labels\shwd_part2_001810.txt,,False,0,False,0,3,TN_no_pred_no_helmet_and_no_label3
val,D:\Desktop\capstone\data\merged\ppe_split\val\images\shwd_part2_001818.jpg,D:\Desktop\capstone\data\merged\ppe_split\val\labels\shwd_part2_001818.txt,,False,0,False,0,5,TN_no_pred_no_helmet_and_no_label3
val,D:\Desktop\capstone\data\merged\ppe_split\val\images\shwd_part2_001831.jpg,D:\Desktop\capstone\data\merged\ppe_split\val\labels\shwd_part2_001831.txt,,False,0,False,0,0,TN_no_pred_no_helmet_and_no_label3
val,D:\Desktop\capstone\data\merged\ppe_split\val\images\shwd_part2_001837.jpg,D:\Desktop\capstone\data\merged\ppe_split\val\labels\shwd_part2_001837.txt,,False,0,False,0,2,TN_no_pred_no_helmet_and_no_label3
val,D:\Desktop\capstone\data\merged\ppe_split\val\images\shwd_part2_001839.jpg,D:\Desktop\capstone\data\merged\ppe_split\val\labels\shwd_part2_001839.txt,,False,0,False,0,1,TN_no_pred_no_helmet_and_no_label3
val,D:\Desktop\capstone\data\merged\ppe_split\val\images\shwd_part2_001840.jpg,D:\Desktop\capstone\data\merged\ppe_split\val\labels\shwd_part2_001840.txt,,False,0,False,0,6,TN_no_pred_no_helmet_and_no_label3
val,D:\Desktop\capstone\data\merged\ppe_split\val\images\shwd_part2_001851.jpg,D:\Desktop\capstone\data\merged\ppe_split\val\labels\shwd_part2_001851.txt,,False,0,False,0,2,TN_no_pred_no_helmet_and_no_label3
val,D:\Desktop\capstone\data\merged\ppe_split\val\images\shwd_part2_001868.jpg,D:\Desktop\capstone\data\merged\ppe_split\val\labels\shwd_part2_001868.txt,,False,0,False,0,3,TN_no_pred_no_helmet_and_no_label3
val,D:\Desktop\capstone\data\merged\ppe_split\val\images\shwd_part2_001872.jpg,D:\Desktop\capstone\data\merged\ppe_split\val\labels\shwd_part2_001872.txt,,False,0,False,0,2,TN_no_pred_no_helmet_and_no_label3
val,D:\Desktop\capstone\data\merged\ppe_split\val\images\shwd_part2_001881.jpg,D:\Desktop\capstone\data\merged\ppe_split\val\labels\shwd_part2_001881.txt,,False,0,False,0,3,TN_no_pred_no_helmet_and_no_label3
val,D:\Desktop\capstone\data\merged\ppe_split\val\images\shwd_part2_001887.jpg,D:\Desktop\capstone\data\merged\ppe_split\val\labels\shwd_part2_001887.txt,,False,0,True,1,1,FP_pred_no_helmet_but_no_label3
val,D:\Desktop\capstone\data\merged\ppe_split\val\images\shwd_part2_001898.jpg,D:\Desktop\capstone\data\merged\ppe_split\val\labels\shwd_part2_001898.txt,,False,0,False,0,0,TN_no_pred_no_helmet_and_no_label3
val,D:\Desktop\capstone\data\merged\ppe_split\val\images\shwd_part2_001901.jpg,D:\Desktop\capstone\data\merged\ppe_split\val\labels\shwd_part2_001901.txt,,False,0,False,0,2,TN_no_pred_no_helmet_and_no_label3
val,D:\Desktop\capstone\data\merged\ppe_split\val\images\shwd_part2_001904.jpg,D:\Desktop\capstone\data\merged\ppe_split\val\labels\shwd_part2_001904.txt,,False,0,False,0,0,TN_no_pred_no_helmet_and_no_label3
val,D:\Desktop\capstone\data\merged\ppe_split\val\images\shwd_part2_001917.jpg,D:\Desktop\capstone\data\merged\ppe_split\val\labels\shwd_part2_001917.txt,,False,0,False,0,1,TN_no_pred_no_helmet_and_no_label3
val,D:\Desktop\capstone\data\merged\ppe_split\val\images\shwd_part2_001919.jpg,D:\Desktop\capstone\data\merged\ppe_split\val\labels\shwd_part2_001919.txt,,False,0,False,0,2,TN_no_pred_no_helmet_and_no_label3
val,D:\Desktop\capstone\data\merged\ppe_split\val\images\shwd_part2_001927.jpg,D:\Desktop\capstone\data\merged\ppe_split\val\labels\shwd_part2_001927.txt,,False,0,False,0,3,TN_no_pred_no_helmet_and_no_label3
val,D:\Desktop\capstone\data\merged\ppe_split\val\images\shwd_part2_001941.jpg,D:\Desktop\capstone\data\merged\ppe_split\val\labels\shwd_part2_001941.txt,,False,0,False,0,1,TN_no_pred_no_helmet_and_no_label3
val,D:\Desktop\capstone\data\merged\ppe_split\val\images\shwd_part2_001947.jpg,D:\Desktop\capstone\data\merged\ppe_split\val\labels\shwd_part2_001947.txt,,False,0,True,1,1,FP_pred_no_helmet_but_no_label3
val,D:\Desktop\capstone\data\merged\ppe_split\val\images\shwd_part2_001958.jpg,D:\Desktop\capstone\data\merged\ppe_split\val\labels\shwd_part2_001958.txt,,False,0,False,0,1,TN_no_pred_no_helmet_and_no_label3
val,D:\Desktop\capstone\data\merged\ppe_split\val\images\shwd_part2_001972.jpg,D:\Desktop\capstone\data\merged\ppe_split\val\labels\shwd_part2_001972.txt,,False,0,False,0,1,TN_no_pred_no_helmet_and_no_label3
val,D:\Desktop\capstone\data\merged\ppe_split\val\images\shwd_part2_001975.jpg,D:\Desktop\capstone\data\merged\ppe_split\val\labels\shwd_part2_001975.txt,,False,0,True,1,5,FP_pred_no_helmet_but_no_label3
val,D:\Desktop\capstone\data\merged\ppe_split\val\images\shwd_part2_001976.jpg,D:\Desktop\capstone\data\merged\ppe_split\val\labels\shwd_part2_001976.txt,,False,0,False,0,1,TN_no_pred_no_helmet_and_no_label3
val,D:\Desktop\capstone\data\merged\ppe_split\val\images\shwd_part2_001981.jpg,D:\Desktop\capstone\data\merged\ppe_split\val\labels\shwd_part2_001981.txt,,False,0,False,0,5,TN_no_pred_no_helmet_and_no_label3
val,D:\Desktop\capstone\data\merged\ppe_split\val\images\shwd_part2_001986.jpg,D:\Desktop\capstone\data\merged\ppe_split\val\labels\shwd_part2_001986.txt,,False,0,True,1,1,FP_pred_no_helmet_but_no_label3
val,D:\Desktop\capstone\data\merged\ppe_split\val\images\shwd_part2_002004.jpg,D:\Desktop\capstone\data\merged\ppe_split\val\labels\shwd_part2_002004.txt,,False,0,False,0,1,TN_no_pred_no_helmet_and_no_label3
val,D:\Desktop\capstone\data\merged\ppe_split\val\images\shwd_part2_002006.jpg,D:\Desktop\capstone\data\merged\ppe_split\val\labels\shwd_part2_002006.txt,,False,0,False,0,2,TN_no_pred_no_helmet_and_no_label3
val,D:\Desktop\capstone\data\merged\ppe_split\val\images\shwd_part2_002010.jpg,D:\Desktop\capstone\data\merged\ppe_split\val\labels\shwd_part2_002010.txt,,False,0,False,0,2,TN_no_pred_no_helmet_and_no_label3
val,D:\Desktop\capstone\data\merged\ppe_split\val\images\shwd_part2_002018.jpg,D:\Desktop\capstone\data\merged\ppe_split\val\labels\shwd_part2_002018.txt,,False,0,False,0,0,TN_no_pred_no_helmet_and_no_label3
val,D:\Desktop\capstone\data\merged\ppe_split\val\images\shwd_part2_002020.jpg,D:\Desktop\capstone\data\merged\ppe_split\val\labels\shwd_part2_002020.txt,,False,0,False,0,1,TN_no_pred_no_helmet_and_no_label3
val,D:\Desktop\capstone\data\merged\ppe_split\val\images\shwd_part2_002029.jpg,D:\Desktop\capstone\data\merged\ppe_split\val\labels\shwd_part2_002029.txt,,False,0,False,0,2,TN_no_pred_no_helmet_and_no_label3
val,D:\Desktop\capstone\data\merged\ppe_split\val\images\shwd_part2_002031.jpg,D:\Desktop\capstone\data\merged\ppe_split\val\labels\shwd_part2_002031.txt,,False,0,False,0,1,TN_no_pred_no_helmet_and_no_label3
val,D:\Desktop\capstone\data\merged\ppe_split\val\images\shwd_part2_002034.jpg,D:\Desktop\capstone\data\merged\ppe_split\val\labels\shwd_part2_002034.txt,,False,0,False,0,3,TN_no_pred_no_helmet_and_no_label3
val,D:\Desktop\capstone\data\merged\ppe_split\val\images\shwd_part2_002044.jpg,D:\Desktop\capstone\data\merged\ppe_split\val\labels\shwd_part2_002044.txt,,False,0,False,0,2,TN_no_pred_no_helmet_and_no_label3
val,D:\Desktop\capstone\data\merged\ppe_split\val\images\shwd_part2_002074.jpg,D:\Desktop\capstone\data\merged\ppe_split\val\labels\shwd_part2_002074.txt,,False,0,False,0,4,TN_no_pred_no_helmet_and_no_label3
val,D:\Desktop\capstone\data\merged\ppe_split\val\images\shwd_part2_002083.jpg,D:\Desktop\capstone\data\merged\ppe_split\val\labels\shwd_part2_002083.txt,,False,0,False,0,2,TN_no_pred_no_helmet_and_no_label3
val,D:\Desktop\capstone\data\merged\ppe_split\val\images\shwd_part2_002095.jpg,D:\Desktop\capstone\data\merged\ppe_split\val\labels\shwd_part2_002095.txt,,False,0,False,0,1,TN_no_pred_no_helmet_and_no_label3
val,D:\Desktop\capstone\data\merged\ppe_split\val\images\shwd_part2_002100.jpg,D:\Desktop\capstone\data\merged\ppe_split\val\labels\shwd_part2_002100.txt,,False,0,False,0,1,TN_no_pred_no_helmet_and_no_label3
val,D:\Desktop\capstone\data\merged\ppe_split\val\images\shwd_part2_002103.jpg,D:\Desktop\capstone\data\merged\ppe_split\val\labels\shwd_part2_002103.txt,,False,0,True,1,3,FP_pred_no_helmet_but_no_label3
val,D:\Desktop\capstone\data\merged\ppe_split\val\images\shwd_part2_002107.jpg,D:\Desktop\capstone\data\merged\ppe_split\val\labels\shwd_part2_002107.txt,,False,0,False,0,1,TN_no_pred_no_helmet_and_no_label3
val,D:\Desktop\capstone\data\merged\ppe_split\val\images\shwd_part2_002109.jpg,D:\Desktop\capstone\data\merged\ppe_split\val\labels\shwd_part2_002109.txt,,False,0,True,1,1,FP_pred_no_helmet_but_no_label3
val,D:\Desktop\capstone\data\merged\ppe_split\val\images\shwd_part2_002134.jpg,D:\Desktop\capstone\data\merged\ppe_split\val\labels\shwd_part2_002134.txt,,False,0,False,0,1,TN_no_pred_no_helmet_and_no_label3
val,D:\Desktop\capstone\data\merged\ppe_split\val\images\shwd_part2_002146.jpg,D:\Desktop\capstone\data\merged\ppe_split\val\labels\shwd_part2_002146.txt,,False,0,False,0,0,TN_no_pred_no_helmet_and_no_label3
val,D:\Desktop\capstone\data\merged\ppe_split\val\images\shwd_part2_002167.jpg,D:\Desktop\capstone\data\merged\ppe_split\val\labels\shwd_part2_002167.txt,,False,0,False,0,2,TN_no_pred_no_helmet_and_no_label3
val,D:\Desktop\capstone\data\merged\ppe_split\val\images\shwd_part2_002174.jpg,D:\Desktop\capstone\data\merged\ppe_split\val\labels\shwd_part2_002174.txt,,False,0,False,0,0,TN_no_pred_no_helmet_and_no_label3
val,D:\Desktop\capstone\data\merged\ppe_split\val\images\shwd_part2_002185.jpg,D:\Desktop\capstone\data\merged\ppe_split\val\labels\shwd_part2_002185.txt,,False,0,False,0,0,TN_no_pred_no_helmet_and_no_label3
val,D:\Desktop\capstone\data\merged\ppe_split\val\images\shwd_part2_002192.jpg,D:\Desktop\capstone\data\merged\ppe_split\val\labels\shwd_part2_002192.txt,,False,0,False,0,0,TN_no_pred_no_helmet_and_no_label3
val,D:\Desktop\capstone\data\merged\ppe_split\val\images\shwd_part2_002196.jpg,D:\Desktop\capstone\data\merged\ppe_split\val\labels\shwd_part2_002196.txt,,False,0,True,1,1,FP_pred_no_helmet_but_no_label3
val,D:\Desktop\capstone\data\merged\ppe_split\val\images\shwd_part2_002208.jpg,D:\Desktop\capstone\data\merged\ppe_split\val\labels\shwd_part2_002208.txt,,False,0,False,0,1,TN_no_pred_no_helmet_and_no_label3
val,D:\Desktop\capstone\data\merged\ppe_split\val\images\shwd_part2_002228.jpg,D:\Desktop\capstone\data\merged\ppe_split\val\labels\shwd_part2_002228.txt,,False,0,False,0,6,TN_no_pred_no_helmet_and_no_label3
val,D:\Desktop\capstone\data\merged\ppe_split\val\images\shwd_part2_002234.jpg,D:\Desktop\capstone\data\merged\ppe_split\val\labels\shwd_part2_002234.txt,,False,0,False,0,0,TN_no_pred_no_helmet_and_no_label3
val,D:\Desktop\capstone\data\merged\ppe_split\val\images\shwd_part2_002241.jpg,D:\Desktop\capstone\data\merged\ppe_split\val\labels\shwd_part2_002241.txt,,False,0,False,0,2,TN_no_pred_no_helmet_and_no_label3
val,D:\Desktop\capstone\data\merged\ppe_split\val\images\shwd_part2_002243.jpg,D:\Desktop\capstone\data\merged\ppe_split\val\labels\shwd_part2_002243.txt,,False,0,False,0,1,TN_no_pred_no_helmet_and_no_label3
val,D:\Desktop\capstone\data\merged\ppe_split\val\images\shwd_part2_002251.jpg,D:\Desktop\capstone\data\merged\ppe_split\val\labels\shwd_part2_002251.txt,,False,0,False,0,1,TN_no_pred_no_helmet_and_no_label3
val,D:\Desktop\capstone\data\merged\ppe_split\val\images\shwd_part2_002262.jpg,D:\Desktop\capstone\data\merged\ppe_split\val\labels\shwd_part2_002262.txt,,False,0,False,0,1,TN_no_pred_no_helmet_and_no_label3
val,D:\Desktop\capstone\data\merged\ppe_split\val\images\shwd_part2_002282.jpg,D:\Desktop\capstone\data\merged\ppe_split\val\labels\shwd_part2_002282.txt,,False,0,False,0,2,TN_no_pred_no_helmet_and_no_label3
val,D:\Desktop\capstone\data\merged\ppe_split\val\images\shwd_part2_002290.jpg,D:\Desktop\capstone\data\merged\ppe_split\val\labels\shwd_part2_002290.txt,,False,0,False,0,6,TN_no_pred_no_helmet_and_no_label3
val,D:\Desktop\capstone\data\merged\ppe_split\val\images\shwd_part2_002291.jpg,D:\Desktop\capstone\data\merged\ppe_split\val\labels\shwd_part2_002291.txt,,False,0,False,0,2,TN_no_pred_no_helmet_and_no_label3
val,D:\Desktop\capstone\data\merged\ppe_split\val\images\shwd_part2_002292.jpg,D:\Desktop\capstone\data\merged\ppe_split\val\labels\shwd_part2_002292.txt,,False,0,False,0,0,TN_no_pred_no_helmet_and_no_label3
val,D:\Desktop\capstone\data\merged\ppe_split\val\images\shwd_part2_002297.jpg,D:\Desktop\capstone\data\merged\ppe_split\val\labels\shwd_part2_002297.txt,,False,0,False,0,1,TN_no_pred_no_helmet_and_no_label3
val,D:\Desktop\capstone\data\merged\ppe_split\val\images\shwd_part2_002298.jpg,D:\Desktop\capstone\data\merged\ppe_split\val\labels\shwd_part2_002298.txt,,False,0,False,0,1,TN_no_pred_no_helmet_and_no_label3
val,D:\Desktop\capstone\data\merged\ppe_split\val\images\shwd_part2_002304.jpg,D:\Desktop\capstone\data\merged\ppe_split\val\labels\shwd_part2_002304.txt,,False,0,True,1,1,FP_pred_no_helmet_but_no_label3
val,D:\Desktop\capstone\data\merged\ppe_split\val\images\shwd_part2_002306.jpg,D:\Desktop\capstone\data\merged\ppe_split\val\labels\shwd_part2_002306.txt,,False,0,False,0,1,TN_no_pred_no_helmet_and_no_label3
val,D:\Desktop\capstone\data\merged\ppe_split\val\images\shwd_part2_002319.jpg,D:\Desktop\capstone\data\merged\ppe_split\val\labels\shwd_part2_002319.txt,,False,0,False,0,2,TN_no_pred_no_helmet_and_no_label3
val,D:\Desktop\capstone\data\merged\ppe_split\val\images\shwd_part2_002340.jpg,D:\Desktop\capstone\data\merged\ppe_split\val\labels\shwd_part2_002340.txt,,False,0,False,0,2,TN_no_pred_no_helmet_and_no_label3
val,D:\Desktop\capstone\data\merged\ppe_split\val\images\shwd_part2_002353.jpg,D:\Desktop\capstone\data\merged\ppe_split\val\labels\shwd_part2_002353.txt,,False,0,False,0,1,TN_no_pred_no_helmet_and_no_label3
val,D:\Desktop\capstone\data\merged\ppe_split\val\images\shwd_part2_002369.jpg,D:\Desktop\capstone\data\merged\ppe_split\val\labels\shwd_part2_002369.txt,,False,0,False,0,1,TN_no_pred_no_helmet_and_no_label3
val,D:\Desktop\capstone\data\merged\ppe_split\val\images\shwd_part2_002376.jpg,D:\Desktop\capstone\data\merged\ppe_split\val\labels\shwd_part2_002376.txt,,False,0,False,0,0,TN_no_pred_no_helmet_and_no_label3
val,D:\Desktop\capstone\data\merged\ppe_split\val\images\shwd_part2_002378.jpg,D:\Desktop\capstone\data\merged\ppe_split\val\labels\shwd_part2_002378.txt,,False,0,False,0,0,TN_no_pred_no_helmet_and_no_label3
val,D:\Desktop\capstone\data\merged\ppe_split\val\images\shwd_part2_002383.jpg,D:\Desktop\capstone\data\merged\ppe_split\val\labels\shwd_part2_002383.txt,,False,0,False,0,1,TN_no_pred_no_helmet_and_no_label3
val,D:\Desktop\capstone\data\merged\ppe_split\val\images\shwd_part2_002386.jpg,D:\Desktop\capstone\data\merged\ppe_split\val\labels\shwd_part2_002386.txt,,False,0,True,1,2,FP_pred_no_helmet_but_no_label3
val,D:\Desktop\capstone\data\merged\ppe_split\val\images\shwd_part2_002389.jpg,D:\Desktop\capstone\data\merged\ppe_split\val\labels\shwd_part2_002389.txt,,False,0,False,0,1,TN_no_pred_no_helmet_and_no_label3
val,D:\Desktop\capstone\data\merged\ppe_split\val\images\shwd_PartA_01060.jpg,D:\Desktop\capstone\data\merged\ppe_split\val\labels\shwd_PartA_01060.txt,,False,0,False,0,0,TN_no_pred_no_helmet_and_no_label3
test,D:\Desktop\capstone\data\merged\ppe_split\test\images\construction_image1002.jpg,D:\Desktop\capstone\data\merged\ppe_split\test\labels\construction_image1002.txt,,False,0,False,0,1,TN_no_pred_no_helmet_and_no_label3
test,D:\Desktop\capstone\data\merged\ppe_split\test\images\construction_image1004.jpg,D:\Desktop\capstone\data\merged\ppe_split\test\labels\construction_image1004.txt,,False,0,False,0,1,TN_no_pred_no_helmet_and_no_label3
test,D:\Desktop\capstone\data\merged\ppe_split\test\images\construction_image1016.jpeg,D:\Desktop\capstone\data\merged\ppe_split\test\labels\construction_image1016.txt,,False,0,False,0,2,TN_no_pred_no_helmet_and_no_label3
test,D:\Desktop\capstone\data\merged\ppe_split\test\images\construction_image1020.jpg,D:\Desktop\capstone\data\merged\ppe_split\test\labels\construction_image1020.txt,,False,0,False,0,1,TN_no_pred_no_helmet_and_no_label3
test,D:\Desktop\capstone\data\merged\ppe_split\test\images\construction_image1027.jpg,D:\Desktop\capstone\data\merged\ppe_split\test\labels\construction_image1027.txt,,False,0,False,0,1,TN_no_pred_no_helmet_and_no_label3
test,D:\Desktop\capstone\data\merged\ppe_split\test\images\construction_image103.jpeg,D:\Desktop\capstone\data\merged\ppe_split\test\labels\construction_image103.txt,,False,0,False,0,1,TN_no_pred_no_helmet_and_no_label3
test,D:\Desktop\capstone\data\merged\ppe_split\test\images\construction_image1032.jpg,D:\Desktop\capstone\data\merged\ppe_split\test\labels\construction_image1032.txt,,False,0,False,0,1,TN_no_pred_no_helmet_and_no_label3
test,D:\Desktop\capstone\data\merged\ppe_split\test\images\construction_image1056.jpg,D:\Desktop\capstone\data\merged\ppe_split\test\labels\construction_image1056.txt,,False,0,False,0,1,TN_no_pred_no_helmet_and_no_label3
test,D:\Desktop\capstone\data\merged\ppe_split\test\images\construction_image1059.jpg,D:\Desktop\capstone\data\merged\ppe_split\test\labels\construction_image1059.txt,,False,0,False,0,1,TN_no_pred_no_helmet_and_no_label3
test,D:\Desktop\capstone\data\merged\ppe_split\test\images\construction_image106.jpg,D:\Desktop\capstone\data\merged\ppe_split\test\labels\construction_image106.txt,,False,0,False,0,1,TN_no_pred_no_helmet_and_no_label3
test,D:\Desktop\capstone\data\merged\ppe_split\test\images\construction_image1063.jpg,D:\Desktop\capstone\data\merged\ppe_split\test\labels\construction_image1063.txt,,False,0,False,0,1,TN_no_pred_no_helmet_and_no_label3
test,D:\Desktop\capstone\data\merged\ppe_split\test\images\construction_image1067.jpg,D:\Desktop\capstone\data\merged\ppe_split\test\labels\construction_image1067.txt,,False,0,False,0,1,TN_no_pred_no_helmet_and_no_label3
test,D:\Desktop\capstone\data\merged\ppe_split\test\images\construction_image107.jpg,D:\Desktop\capstone\data\merged\ppe_split\test\labels\construction_image107.txt,,False,0,False,0,1,TN_no_pred_no_helmet_and_no_label3
test,D:\Desktop\capstone\data\merged\ppe_split\test\images\construction_image1070.jpg,D:\Desktop\capstone\data\merged\ppe_split\test\labels\construction_image1070.txt,,False,0,False,0,1,TN_no_pred_no_helmet_and_no_label3
test,D:\Desktop\capstone\data\merged\ppe_split\test\images\construction_image1084.jpg,D:\Desktop\capstone\data\merged\ppe_split\test\labels\construction_image1084.txt,,False,0,False,0,1,TN_no_pred_no_helmet_and_no_label3
test,D:\Desktop\capstone\data\merged\ppe_split\test\images\construction_image109.jpg,D:\Desktop\capstone\data\merged\ppe_split\test\labels\construction_image109.txt,,False,0,False,0,3,TN_no_pred_no_helmet_and_no_label3
test,D:\Desktop\capstone\data\merged\ppe_split\test\images\construction_image1100.jpeg,D:\Desktop\capstone\data\merged\ppe_split\test\labels\construction_image1100.txt,,False,0,False,0,3,TN_no_pred_no_helmet_and_no_label3
test,D:\Desktop\capstone\data\merged\ppe_split\test\images\construction_image1105.jpg,D:\Desktop\capstone\data\merged\ppe_split\test\labels\construction_image1105.txt,,False,0,False,0,1,TN_no_pred_no_helmet_and_no_label3
test,D:\Desktop\capstone\data\merged\ppe_split\test\images\construction_image1106.jpg,D:\Desktop\capstone\data\merged\ppe_split\test\labels\construction_image1106.txt,,False,0,False,0,1,TN_no_pred_no_helmet_and_no_label3
test,D:\Desktop\capstone\data\merged\ppe_split\test\images\construction_image111.jpg,D:\Desktop\capstone\data\merged\ppe_split\test\labels\construction_image111.txt,,False,0,True,1,2,FP_pred_no_helmet_but_no_label3
test,D:\Desktop\capstone\data\merged\ppe_split\test\images\construction_image1115.jpg,D:\Desktop\capstone\data\merged\ppe_split\test\labels\construction_image1115.txt,,False,0,False,0,1,TN_no_pred_no_helmet_and_no_label3
test,D:\Desktop\capstone\data\merged\ppe_split\test\images\construction_image1134.jpg,D:\Desktop\capstone\data\merged\ppe_split\test\labels\construction_image1134.txt,,True,2,True,1,1,TP_pred_no_helmet_and_label3
test,D:\Desktop\capstone\data\merged\ppe_split\test\images\construction_image1141.jpg,D:\Desktop\capstone\data\merged\ppe_split\test\labels\construction_image1141.txt,,True,6,True,1,1,TP_pred_no_helmet_and_label3
test,D:\Desktop\capstone\data\merged\ppe_split\test\images\construction_image1155.jpg,D:\Desktop\capstone\data\merged\ppe_split\test\labels\construction_image1155.txt,,True,2,True,1,2,TP_pred_no_helmet_and_label3
test,D:\Desktop\capstone\data\merged\ppe_split\test\images\construction_image1160.jpg,D:\Desktop\capstone\data\merged\ppe_split\test\labels\construction_image1160.txt,,True,4,False,0,0,FN_label3_but_not_pred_no_helmet
test,D:\Desktop\capstone\data\merged\ppe_split\test\images\construction_image1167.jpg,D:\Desktop\capstone\data\merged\ppe_split\test\labels\construction_image1167.txt,,True,1,False,0,1,FN_label3_but_not_pred_no_helmet
test,D:\Desktop\capstone\data\merged\ppe_split\test\images\construction_image1172.jpg,D:\Desktop\capstone\data\merged\ppe_split\test\labels\construction_image1172.txt,,True,2,False,0,0,FN_label3_but_not_pred_no_helmet
test,D:\Desktop\capstone\data\merged\ppe_split\test\images\construction_image1186.jpg,D:\Desktop\capstone\data\merged\ppe_split\test\labels\construction_image1186.txt,,True,4,True,3,3,TP_pred_no_helmet_and_label3
test,D:\Desktop\capstone\data\merged\ppe_split\test\images\construction_image1188.jpg,D:\Desktop\capstone\data\merged\ppe_split\test\labels\construction_image1188.txt,,True,1,True,1,1,TP_pred_no_helmet_and_label3
test,D:\Desktop\capstone\data\merged\ppe_split\test\images\construction_image119.jpg,D:\Desktop\capstone\data\merged\ppe_split\test\labels\construction_image119.txt,,False,0,False,0,3,TN_no_pred_no_helmet_and_no_label3
test,D:\Desktop\capstone\data\merged\ppe_split\test\images\construction_image120.jpg,D:\Desktop\capstone\data\merged\ppe_split\test\labels\construction_image120.txt,,False,0,False,0,1,TN_no_pred_no_helmet_and_no_label3
test,D:\Desktop\capstone\data\merged\ppe_split\test\images\construction_image1207.jpg,D:\Desktop\capstone\data\merged\ppe_split\test\labels\construction_image1207.txt,,True,2,False,0,2,FN_label3_but_not_pred_no_helmet
test,D:\Desktop\capstone\data\merged\ppe_split\test\images\construction_image1216.jpg,D:\Desktop\capstone\data\merged\ppe_split\test\labels\construction_image1216.txt,,False,0,False,0,3,TN_no_pred_no_helmet_and_no_label3
test,D:\Desktop\capstone\data\merged\ppe_split\test\images\construction_image1220.jpg,D:\Desktop\capstone\data\merged\ppe_split\test\labels\construction_image1220.txt,,True,1,True,1,1,TP_pred_no_helmet_and_label3
test,D:\Desktop\capstone\data\merged\ppe_split\test\images\construction_image1222.jpg,D:\Desktop\capstone\data\merged\ppe_split\test\labels\construction_image1222.txt,,True,1,True,1,1,TP_pred_no_helmet_and_label3
test,D:\Desktop\capstone\data\merged\ppe_split\test\images\construction_image1225.jpg,D:\Desktop\capstone\data\merged\ppe_split\test\labels\construction_image1225.txt,,True,1,False,0,0,FN_label3_but_not_pred_no_helmet
test,D:\Desktop\capstone\data\merged\ppe_split\test\images\construction_image1230.jpg,D:\Desktop\capstone\data\merged\ppe_split\test\labels\construction_image1230.txt,,True,1,True,1,1,TP_pred_no_helmet_and_label3
test,D:\Desktop\capstone\data\merged\ppe_split\test\images\construction_image1238.jpg,D:\Desktop\capstone\data\merged\ppe_split\test\labels\construction_image1238.txt,,True,1,True,1,1,TP_pred_no_helmet_and_label3
test,D:\Desktop\capstone\data\merged\ppe_split\test\images\construction_image124.jpg,D:\Desktop\capstone\data\merged\ppe_split\test\labels\construction_image124.txt,,False,0,True,1,2,FP_pred_no_helmet_but_no_label3
test,D:\Desktop\capstone\data\merged\ppe_split\test\images\construction_image1241.jpg,D:\Desktop\capstone\data\merged\ppe_split\test\labels\construction_image1241.txt,,True,1,True,1,1,TP_pred_no_helmet_and_label3
test,D:\Desktop\capstone\data\merged\ppe_split\test\images\construction_image1244.jpg,D:\Desktop\capstone\data\merged\ppe_split\test\labels\construction_image1244.txt,,False,0,False,0,2,TN_no_pred_no_helmet_and_no_label3
test,D:\Desktop\capstone\data\merged\ppe_split\test\images\construction_image1253.jpg,D:\Desktop\capstone\data\merged\ppe_split\test\labels\construction_image1253.txt,,True,1,True,1,1,TP_pred_no_helmet_and_label3
test,D:\Desktop\capstone\data\merged\ppe_split\test\images\construction_image1260.jpg,D:\Desktop\capstone\data\merged\ppe_split\test\labels\construction_image1260.txt,,True,2,True,1,1,TP_pred_no_helmet_and_label3
test,D:\Desktop\capstone\data\merged\ppe_split\test\images\construction_image1262.jpg,D:\Desktop\capstone\data\merged\ppe_split\test\labels\construction_image1262.txt,,True,1,False,0,1,FN_label3_but_not_pred_no_helmet
test,D:\Desktop\capstone\data\merged\ppe_split\test\images\construction_image1265.jpg,D:\Desktop\capstone\data\merged\ppe_split\test\labels\construction_image1265.txt,,True,1,False,0,0,FN_label3_but_not_pred_no_helmet
test,D:\Desktop\capstone\data\merged\ppe_split\test\images\construction_image1271.jpg,D:\Desktop\capstone\data\merged\ppe_split\test\labels\construction_image1271.txt,,True,1,True,1,1,TP_pred_no_helmet_and_label3
test,D:\Desktop\capstone\data\merged\ppe_split\test\images\construction_image1282.jpg,D:\Desktop\capstone\data\merged\ppe_split\test\labels\construction_image1282.txt,,True,1,False,0,0,FN_label3_but_not_pred_no_helmet
test,D:\Desktop\capstone\data\merged\ppe_split\test\images\construction_image1295.jpg,D:\Desktop\capstone\data\merged\ppe_split\test\labels\construction_image1295.txt,,True,1,False,0,0,FN_label3_but_not_pred_no_helmet
test,D:\Desktop\capstone\data\merged\ppe_split\test\images\construction_image1297.jpg,D:\Desktop\capstone\data\merged\ppe_split\test\labels\construction_image1297.txt,,True,5,True,2,2,TP_pred_no_helmet_and_label3
test,D:\Desktop\capstone\data\merged\ppe_split\test\images\construction_image13.jpeg,D:\Desktop\capstone\data\merged\ppe_split\test\labels\construction_image13.txt,,False,0,False,0,0,TN_no_pred_no_helmet_and_no_label3
test,D:\Desktop\capstone\data\merged\ppe_split\test\images\construction_image1302.jpg,D:\Desktop\capstone\data\merged\ppe_split\test\labels\construction_image1302.txt,,True,2,True,1,1,TP_pred_no_helmet_and_label3
test,D:\Desktop\capstone\data\merged\ppe_split\test\images\construction_image1323.jpg,D:\Desktop\capstone\data\merged\ppe_split\test\labels\construction_image1323.txt,,True,1,True,1,1,TP_pred_no_helmet_and_label3
test,D:\Desktop\capstone\data\merged\ppe_split\test\images\construction_image1325.jpg,D:\Desktop\capstone\data\merged\ppe_split\test\labels\construction_image1325.txt,,True,1,True,1,1,TP_pred_no_helmet_and_label3
test,D:\Desktop\capstone\data\merged\ppe_split\test\images\construction_image1335.jpg,D:\Desktop\capstone\data\merged\ppe_split\test\labels\construction_image1335.txt,,True,1,False,0,0,FN_label3_but_not_pred_no_helmet
test,D:\Desktop\capstone\data\merged\ppe_split\test\images\construction_image1338.jpg,D:\Desktop\capstone\data\merged\ppe_split\test\labels\construction_image1338.txt,,True,1,True,1,1,TP_pred_no_helmet_and_label3
test,D:\Desktop\capstone\data\merged\ppe_split\test\images\construction_image1359.jpg,D:\Desktop\capstone\data\merged\ppe_split\test\labels\construction_image1359.txt,,True,7,True,1,2,TP_pred_no_helmet_and_label3
test,D:\Desktop\capstone\data\merged\ppe_split\test\images\construction_image1362.jpg,D:\Desktop\capstone\data\merged\ppe_split\test\labels\construction_image1362.txt,,True,1,True,1,1,TP_pred_no_helmet_and_label3
test,D:\Desktop\capstone\data\merged\ppe_split\test\images\construction_image1363.jpg,D:\Desktop\capstone\data\merged\ppe_split\test\labels\construction_image1363.txt,,True,1,False,0,0,FN_label3_but_not_pred_no_helmet
test,D:\Desktop\capstone\data\merged\ppe_split\test\images\construction_image1371.jpg,D:\Desktop\capstone\data\merged\ppe_split\test\labels\construction_image1371.txt,,True,1,False,0,0,FN_label3_but_not_pred_no_helmet
test,D:\Desktop\capstone\data\merged\ppe_split\test\images\construction_image1372.jpg,D:\Desktop\capstone\data\merged\ppe_split\test\labels\construction_image1372.txt,,True,1,True,1,1,TP_pred_no_helmet_and_label3
test,D:\Desktop\capstone\data\merged\ppe_split\test\images\construction_image1373.jpg,D:\Desktop\capstone\data\merged\ppe_split\test\labels\construction_image1373.txt,,True,1,True,1,1,TP_pred_no_helmet_and_label3
test,D:\Desktop\capstone\data\merged\ppe_split\test\images\construction_image1380.jpg,D:\Desktop\capstone\data\merged\ppe_split\test\labels\construction_image1380.txt,,True,1,False,0,0,FN_label3_but_not_pred_no_helmet
test,D:\Desktop\capstone\data\merged\ppe_split\test\images\construction_image1381.jpg,D:\Desktop\capstone\data\merged\ppe_split\test\labels\construction_image1381.txt,,True,1,True,1,1,TP_pred_no_helmet_and_label3
test,D:\Desktop\capstone\data\merged\ppe_split\test\images\construction_image1389.jpg,D:\Desktop\capstone\data\merged\ppe_split\test\labels\construction_image1389.txt,,True,1,True,1,1,TP_pred_no_helmet_and_label3
test,D:\Desktop\capstone\data\merged\ppe_split\test\images\construction_image1394.jpg,D:\Desktop\capstone\data\merged\ppe_split\test\labels\construction_image1394.txt,,True,1,False,0,0,FN_label3_but_not_pred_no_helmet
test,D:\Desktop\capstone\data\merged\ppe_split\test\images\construction_image1398.jpg,D:\Desktop\capstone\data\merged\ppe_split\test\labels\construction_image1398.txt,,True,1,False,0,1,FN_label3_but_not_pred_no_helmet
test,D:\Desktop\capstone\data\merged\ppe_split\test\images\construction_image1403.jpg,D:\Desktop\capstone\data\merged\ppe_split\test\labels\construction_image1403.txt,,True,1,True,1,1,TP_pred_no_helmet_and_label3
test,D:\Desktop\capstone\data\merged\ppe_split\test\images\construction_image1410.jpg,D:\Desktop\capstone\data\merged\ppe_split\test\labels\construction_image1410.txt,,True,1,True,1,1,TP_pred_no_helmet_and_label3
test,D:\Desktop\capstone\data\merged\ppe_split\test\images\construction_image1412.jpg,D:\Desktop\capstone\data\merged\ppe_split\test\labels\construction_image1412.txt,,True,1,True,1,1,TP_pred_no_helmet_and_label3
test,D:\Desktop\capstone\data\merged\ppe_split\test\images\construction_image152.jpeg,D:\Desktop\capstone\data\merged\ppe_split\test\labels\construction_image152.txt,,False,0,False,0,2,TN_no_pred_no_helmet_and_no_label3
test,D:\Desktop\capstone\data\merged\ppe_split\test\images\construction_image159.jpeg,D:\Desktop\capstone\data\merged\ppe_split\test\labels\construction_image159.txt,,False,0,False,0,0,TN_no_pred_no_helmet_and_no_label3
test,D:\Desktop\capstone\data\merged\ppe_split\test\images\construction_image163.jpg,D:\Desktop\capstone\data\merged\ppe_split\test\labels\construction_image163.txt,,False,0,False,0,1,TN_no_pred_no_helmet_and_no_label3
test,D:\Desktop\capstone\data\merged\ppe_split\test\images\construction_image175.jpg,D:\Desktop\capstone\data\merged\ppe_split\test\labels\construction_image175.txt,,False,0,False,0,1,TN_no_pred_no_helmet_and_no_label3
test,D:\Desktop\capstone\data\merged\ppe_split\test\images\construction_image191.jpg,D:\Desktop\capstone\data\merged\ppe_split\test\labels\construction_image191.txt,,False,0,True,1,1,FP_pred_no_helmet_but_no_label3
test,D:\Desktop\capstone\data\merged\ppe_split\test\images\construction_image194.jpg,D:\Desktop\capstone\data\merged\ppe_split\test\labels\construction_image194.txt,,False,0,False,0,1,TN_no_pred_no_helmet_and_no_label3
test,D:\Desktop\capstone\data\merged\ppe_split\test\images\construction_image198.jpg,D:\Desktop\capstone\data\merged\ppe_split\test\labels\construction_image198.txt,,False,0,False,0,2,TN_no_pred_no_helmet_and_no_label3
test,D:\Desktop\capstone\data\merged\ppe_split\test\images\construction_image20.jpg,D:\Desktop\capstone\data\merged\ppe_split\test\labels\construction_image20.txt,,False,0,False,0,1,TN_no_pred_no_helmet_and_no_label3
test,D:\Desktop\capstone\data\merged\ppe_split\test\images\construction_image214.jpeg,D:\Desktop\capstone\data\merged\ppe_split\test\labels\construction_image214.txt,,False,0,False,0,0,TN_no_pred_no_helmet_and_no_label3
test,D:\Desktop\capstone\data\merged\ppe_split\test\images\construction_image217.jpg,D:\Desktop\capstone\data\merged\ppe_split\test\labels\construction_image217.txt,,False,0,False,0,2,TN_no_pred_no_helmet_and_no_label3
test,D:\Desktop\capstone\data\merged\ppe_split\test\images\construction_image22.jpg,D:\Desktop\capstone\data\merged\ppe_split\test\labels\construction_image22.txt,,False,0,True,1,3,FP_pred_no_helmet_but_no_label3
test,D:\Desktop\capstone\data\merged\ppe_split\test\images\construction_image224.jpg,D:\Desktop\capstone\data\merged\ppe_split\test\labels\construction_image224.txt,,False,0,False,0,2,TN_no_pred_no_helmet_and_no_label3
test,D:\Desktop\capstone\data\merged\ppe_split\test\images\construction_image228.jpg,D:\Desktop\capstone\data\merged\ppe_split\test\labels\construction_image228.txt,,False,0,False,0,0,TN_no_pred_no_helmet_and_no_label3
test,D:\Desktop\capstone\data\merged\ppe_split\test\images\construction_image234.jpg,D:\Desktop\capstone\data\merged\ppe_split\test\labels\construction_image234.txt,,False,0,False,0,1,TN_no_pred_no_helmet_and_no_label3
test,D:\Desktop\capstone\data\merged\ppe_split\test\images\construction_image236.jpg,D:\Desktop\capstone\data\merged\ppe_split\test\labels\construction_image236.txt,,False,0,False,0,2,TN_no_pred_no_helmet_and_no_label3
test,D:\Desktop\capstone\data\merged\ppe_split\test\images\construction_image239.jpg,D:\Desktop\capstone\data\merged\ppe_split\test\labels\construction_image239.txt,,False,0,False,0,1,TN_no_pred_no_helmet_and_no_label3
test,D:\Desktop\capstone\data\merged\ppe_split\test\images\construction_image245.jpg,D:\Desktop\capstone\data\merged\ppe_split\test\labels\construction_image245.txt,,False,0,False,0,1,TN_no_pred_no_helmet_and_no_label3
test,D:\Desktop\capstone\data\merged\ppe_split\test\images\construction_image246.jpg,D:\Desktop\capstone\data\merged\ppe_split\test\labels\construction_image246.txt,,False,0,False,0,1,TN_no_pred_no_helmet_and_no_label3
test,D:\Desktop\capstone\data\merged\ppe_split\test\images\construction_image252.jpg,D:\Desktop\capstone\data\merged\ppe_split\test\labels\construction_image252.txt,,False,0,False,0,1,TN_no_pred_no_helmet_and_no_label3
test,D:\Desktop\capstone\data\merged\ppe_split\test\images\construction_image254.jpg,D:\Desktop\capstone\data\merged\ppe_split\test\labels\construction_image254.txt,,False,0,False,0,1,TN_no_pred_no_helmet_and_no_label3
test,D:\Desktop\capstone\data\merged\ppe_split\test\images\construction_image256.jpg,D:\Desktop\capstone\data\merged\ppe_split\test\labels\construction_image256.txt,,False,0,False,0,1,TN_no_pred_no_helmet_and_no_label3
test,D:\Desktop\capstone\data\merged\ppe_split\test\images\construction_image258.jpg,D:\Desktop\capstone\data\merged\ppe_split\test\labels\construction_image258.txt,,False,0,False,0,1,TN_no_pred_no_helmet_and_no_label3
test,D:\Desktop\capstone\data\merged\ppe_split\test\images\construction_image263.jpg,D:\Desktop\capstone\data\merged\ppe_split\test\labels\construction_image263.txt,,False,0,False,0,2,TN_no_pred_no_helmet_and_no_label3
test,D:\Desktop\capstone\data\merged\ppe_split\test\images\construction_image265.jpg,D:\Desktop\capstone\data\merged\ppe_split\test\labels\construction_image265.txt,,False,0,False,0,1,TN_no_pred_no_helmet_and_no_label3
test,D:\Desktop\capstone\data\merged\ppe_split\test\images\construction_image268.jpg,D:\Desktop\capstone\data\merged\ppe_split\test\labels\construction_image268.txt,,False,0,False,0,1,TN_no_pred_no_helmet_and_no_label3
test,D:\Desktop\capstone\data\merged\ppe_split\test\images\construction_image269.jpg,D:\Desktop\capstone\data\merged\ppe_split\test\labels\construction_image269.txt,,False,0,False,0,1,TN_no_pred_no_helmet_and_no_label3
test,D:\Desktop\capstone\data\merged\ppe_split\test\images\construction_image273.jpg,D:\Desktop\capstone\data\merged\ppe_split\test\labels\construction_image273.txt,,False,0,False,0,1,TN_no_pred_no_helmet_and_no_label3
test,D:\Desktop\capstone\data\merged\ppe_split\test\images\construction_image288.jpg,D:\Desktop\capstone\data\merged\ppe_split\test\labels\construction_image288.txt,,False,0,False,0,1,TN_no_pred_no_helmet_and_no_label3
test,D:\Desktop\capstone\data\merged\ppe_split\test\images\construction_image290.jpg,D:\Desktop\capstone\data\merged\ppe_split\test\labels\construction_image290.txt,,False,0,False,0,1,TN_no_pred_no_helmet_and_no_label3
test,D:\Desktop\capstone\data\merged\ppe_split\test\images\construction_image292.jpg,D:\Desktop\capstone\data\merged\ppe_split\test\labels\construction_image292.txt,,False,0,False,0,1,TN_no_pred_no_helmet_and_no_label3
test,D:\Desktop\capstone\data\merged\ppe_split\test\images\construction_image297.jpg,D:\Desktop\capstone\data\merged\ppe_split\test\labels\construction_image297.txt,,False,0,False,0,1,TN_no_pred_no_helmet_and_no_label3
test,D:\Desktop\capstone\data\merged\ppe_split\test\images\construction_image304.jpg,D:\Desktop\capstone\data\merged\ppe_split\test\labels\construction_image304.txt,,False,0,False,0,0,TN_no_pred_no_helmet_and_no_label3
test,D:\Desktop\capstone\data\merged\ppe_split\test\images\construction_image310.jpg,D:\Desktop\capstone\data\merged\ppe_split\test\labels\construction_image310.txt,,False,0,False,0,0,TN_no_pred_no_helmet_and_no_label3
test,D:\Desktop\capstone\data\merged\ppe_split\test\images\construction_image314.jpg,D:\Desktop\capstone\data\merged\ppe_split\test\labels\construction_image314.txt,,False,0,False,0,0,TN_no_pred_no_helmet_and_no_label3
test,D:\Desktop\capstone\data\merged\ppe_split\test\images\construction_image33.jpg,D:\Desktop\capstone\data\merged\ppe_split\test\labels\construction_image33.txt,,False,0,False,0,1,TN_no_pred_no_helmet_and_no_label3
test,D:\Desktop\capstone\data\merged\ppe_split\test\images\construction_image333.jpg,D:\Desktop\capstone\data\merged\ppe_split\test\labels\construction_image333.txt,,False,0,False,0,2,TN_no_pred_no_helmet_and_no_label3
test,D:\Desktop\capstone\data\merged\ppe_split\test\images\construction_image334.jpg,D:\Desktop\capstone\data\merged\ppe_split\test\labels\construction_image334.txt,,False,0,False,0,2,TN_no_pred_no_helmet_and_no_label3
test,D:\Desktop\capstone\data\merged\ppe_split\test\images\construction_image339.jpg,D:\Desktop\capstone\data\merged\ppe_split\test\labels\construction_image339.txt,,False,0,False,0,1,TN_no_pred_no_helmet_and_no_label3
test,D:\Desktop\capstone\data\merged\ppe_split\test\images\construction_image340.jpg,D:\Desktop\capstone\data\merged\ppe_split\test\labels\construction_image340.txt,,False,0,False,0,2,TN_no_pred_no_helmet_and_no_label3
test,D:\Desktop\capstone\data\merged\ppe_split\test\images\construction_image344.jpg,D:\Desktop\capstone\data\merged\ppe_split\test\labels\construction_image344.txt,,False,0,False,0,1,TN_no_pred_no_helmet_and_no_label3
test,D:\Desktop\capstone\data\merged\ppe_split\test\images\construction_image351.jpg,D:\Desktop\capstone\data\merged\ppe_split\test\labels\construction_image351.txt,,False,0,False,0,1,TN_no_pred_no_helmet_and_no_label3
test,D:\Desktop\capstone\data\merged\ppe_split\test\images\construction_image357.jpg,D:\Desktop\capstone\data\merged\ppe_split\test\labels\construction_image357.txt,,False,0,False,0,1,TN_no_pred_no_helmet_and_no_label3
test,D:\Desktop\capstone\data\merged\ppe_split\test\images\construction_image359.jpg,D:\Desktop\capstone\data\merged\ppe_split\test\labels\construction_image359.txt,,False,0,False,0,1,TN_no_pred_no_helmet_and_no_label3
test,D:\Desktop\capstone\data\merged\ppe_split\test\images\construction_image363.jpg,D:\Desktop\capstone\data\merged\ppe_split\test\labels\construction_image363.txt,,False,0,False,0,1,TN_no_pred_no_helmet_and_no_label3
test,D:\Desktop\capstone\data\merged\ppe_split\test\images\construction_image365.jpg,D:\Desktop\capstone\data\merged\ppe_split\test\labels\construction_image365.txt,,False,0,False,0,1,TN_no_pred_no_helmet_and_no_label3
test,D:\Desktop\capstone\data\merged\ppe_split\test\images\construction_image366.jpg,D:\Desktop\capstone\data\merged\ppe_split\test\labels\construction_image366.txt,,False,0,False,0,1,TN_no_pred_no_helmet_and_no_label3
test,D:\Desktop\capstone\data\merged\ppe_split\test\images\construction_image37.jpeg,D:\Desktop\capstone\data\merged\ppe_split\test\labels\construction_image37.txt,,False,0,False,0,1,TN_no_pred_no_helmet_and_no_label3
test,D:\Desktop\capstone\data\merged\ppe_split\test\images\construction_image376.jpg,D:\Desktop\capstone\data\merged\ppe_split\test\labels\construction_image376.txt,,False,0,False,0,1,TN_no_pred_no_helmet_and_no_label3
test,D:\Desktop\capstone\data\merged\ppe_split\test\images\construction_image377.jpg,D:\Desktop\capstone\data\merged\ppe_split\test\labels\construction_image377.txt,,False,0,False,0,1,TN_no_pred_no_helmet_and_no_label3
test,D:\Desktop\capstone\data\merged\ppe_split\test\images\construction_image38.jpg,D:\Desktop\capstone\data\merged\ppe_split\test\labels\construction_image38.txt,,False,0,False,0,0,TN_no_pred_no_helmet_and_no_label3
test,D:\Desktop\capstone\data\merged\ppe_split\test\images\construction_image388.jpg,D:\Desktop\capstone\data\merged\ppe_split\test\labels\construction_image388.txt,,False,0,False,0,1,TN_no_pred_no_helmet_and_no_label3
test,D:\Desktop\capstone\data\merged\ppe_split\test\images\construction_image390.jpg,D:\Desktop\capstone\data\merged\ppe_split\test\labels\construction_image390.txt,,False,0,False,0,1,TN_no_pred_no_helmet_and_no_label3
test,D:\Desktop\capstone\data\merged\ppe_split\test\images\construction_image400.jpg,D:\Desktop\capstone\data\merged\ppe_split\test\labels\construction_image400.txt,,False,0,False,0,1,TN_no_pred_no_helmet_and_no_label3
test,D:\Desktop\capstone\data\merged\ppe_split\test\images\construction_image402.jpg,D:\Desktop\capstone\data\merged\ppe_split\test\labels\construction_image402.txt,,False,0,False,0,1,TN_no_pred_no_helmet_and_no_label3
test,D:\Desktop\capstone\data\merged\ppe_split\test\images\construction_image404.jpg,D:\Desktop\capstone\data\merged\ppe_split\test\labels\construction_image404.txt,,False,0,False,0,1,TN_no_pred_no_helmet_and_no_label3
test,D:\Desktop\capstone\data\merged\ppe_split\test\images\construction_image418.jpg,D:\Desktop\capstone\data\merged\ppe_split\test\labels\construction_image418.txt,,False,0,False,0,1,TN_no_pred_no_helmet_and_no_label3
test,D:\Desktop\capstone\data\merged\ppe_split\test\images\construction_image42.jpg,D:\Desktop\capstone\data\merged\ppe_split\test\labels\construction_image42.txt,,False,0,False,0,1,TN_no_pred_no_helmet_and_no_label3
test,D:\Desktop\capstone\data\merged\ppe_split\test\images\construction_image451.jpg,D:\Desktop\capstone\data\merged\ppe_split\test\labels\construction_image451.txt,,False,0,False,0,1,TN_no_pred_no_helmet_and_no_label3
test,D:\Desktop\capstone\data\merged\ppe_split\test\images\construction_image452.jpg,D:\Desktop\capstone\data\merged\ppe_split\test\labels\construction_image452.txt,,False,0,False,0,1,TN_no_pred_no_helmet_and_no_label3
test,D:\Desktop\capstone\data\merged\ppe_split\test\images\construction_image453.jpg,D:\Desktop\capstone\data\merged\ppe_split\test\labels\construction_image453.txt,,False,0,False,0,0,TN_no_pred_no_helmet_and_no_label3
test,D:\Desktop\capstone\data\merged\ppe_split\test\images\construction_image463.jpg,D:\Desktop\capstone\data\merged\ppe_split\test\labels\construction_image463.txt,,False,0,False,0,3,TN_no_pred_no_helmet_and_no_label3
test,D:\Desktop\capstone\data\merged\ppe_split\test\images\construction_image467.jpg,D:\Desktop\capstone\data\merged\ppe_split\test\labels\construction_image467.txt,,False,0,False,0,1,TN_no_pred_no_helmet_and_no_label3
test,D:\Desktop\capstone\data\merged\ppe_split\test\images\construction_image475.jpg,D:\Desktop\capstone\data\merged\ppe_split\test\labels\construction_image475.txt,,False,0,True,1,1,FP_pred_no_helmet_but_no_label3
test,D:\Desktop\capstone\data\merged\ppe_split\test\images\construction_image483.jpg,D:\Desktop\capstone\data\merged\ppe_split\test\labels\construction_image483.txt,,False,0,False,0,2,TN_no_pred_no_helmet_and_no_label3
test,D:\Desktop\capstone\data\merged\ppe_split\test\images\construction_image500.jpg,D:\Desktop\capstone\data\merged\ppe_split\test\labels\construction_image500.txt,,False,0,False,0,1,TN_no_pred_no_helmet_and_no_label3
test,D:\Desktop\capstone\data\merged\ppe_split\test\images\construction_image509.jpg,D:\Desktop\capstone\data\merged\ppe_split\test\labels\construction_image509.txt,,False,0,False,0,2,TN_no_pred_no_helmet_and_no_label3
test,D:\Desktop\capstone\data\merged\ppe_split\test\images\construction_image51.jpeg,D:\Desktop\capstone\data\merged\ppe_split\test\labels\construction_image51.txt,,False,0,False,0,0,TN_no_pred_no_helmet_and_no_label3
test,D:\Desktop\capstone\data\merged\ppe_split\test\images\construction_image514.jpg,D:\Desktop\capstone\data\merged\ppe_split\test\labels\construction_image514.txt,,False,0,False,0,1,TN_no_pred_no_helmet_and_no_label3
test,D:\Desktop\capstone\data\merged\ppe_split\test\images\construction_image518.jpg,D:\Desktop\capstone\data\merged\ppe_split\test\labels\construction_image518.txt,,False,0,False,0,1,TN_no_pred_no_helmet_and_no_label3
test,D:\Desktop\capstone\data\merged\ppe_split\test\images\construction_image527.jpg,D:\Desktop\capstone\data\merged\ppe_split\test\labels\construction_image527.txt,,False,0,False,0,2,TN_no_pred_no_helmet_and_no_label3
test,D:\Desktop\capstone\data\merged\ppe_split\test\images\construction_image549.jpg,D:\Desktop\capstone\data\merged\ppe_split\test\labels\construction_image549.txt,,False,0,False,0,1,TN_no_pred_no_helmet_and_no_label3
test,D:\Desktop\capstone\data\merged\ppe_split\test\images\construction_image557.jpg,D:\Desktop\capstone\data\merged\ppe_split\test\labels\construction_image557.txt,,False,0,False,0,0,TN_no_pred_no_helmet_and_no_label3
test,D:\Desktop\capstone\data\merged\ppe_split\test\images\construction_image561.jpg,D:\Desktop\capstone\data\merged\ppe_split\test\labels\construction_image561.txt,,False,0,False,0,1,TN_no_pred_no_helmet_and_no_label3
test,D:\Desktop\capstone\data\merged\ppe_split\test\images\construction_image562.jpg,D:\Desktop\capstone\data\merged\ppe_split\test\labels\construction_image562.txt,,False,0,False,0,0,TN_no_pred_no_helmet_and_no_label3
test,D:\Desktop\capstone\data\merged\ppe_split\test\images\construction_image565.jpg,D:\Desktop\capstone\data\merged\ppe_split\test\labels\construction_image565.txt,,False,0,False,0,0,TN_no_pred_no_helmet_and_no_label3
test,D:\Desktop\capstone\data\merged\ppe_split\test\images\construction_image568.jpg,D:\Desktop\capstone\data\merged\ppe_split\test\labels\construction_image568.txt,,False,0,False,0,1,TN_no_pred_no_helmet_and_no_label3
test,D:\Desktop\capstone\data\merged\ppe_split\test\images\construction_image579.jpg,D:\Desktop\capstone\data\merged\ppe_split\test\labels\construction_image579.txt,,False,0,True,1,2,FP_pred_no_helmet_but_no_label3
test,D:\Desktop\capstone\data\merged\ppe_split\test\images\construction_image581.jpg,D:\Desktop\capstone\data\merged\ppe_split\test\labels\construction_image581.txt,,False,0,False,0,2,TN_no_pred_no_helmet_and_no_label3
test,D:\Desktop\capstone\data\merged\ppe_split\test\images\construction_image582.jpg,D:\Desktop\capstone\data\merged\ppe_split\test\labels\construction_image582.txt,,False,0,False,0,1,TN_no_pred_no_helmet_and_no_label3
test,D:\Desktop\capstone\data\merged\ppe_split\test\images\construction_image588.jpg,D:\Desktop\capstone\data\merged\ppe_split\test\labels\construction_image588.txt,,False,0,False,0,1,TN_no_pred_no_helmet_and_no_label3
test,D:\Desktop\capstone\data\merged\ppe_split\test\images\construction_image590.jpg,D:\Desktop\capstone\data\merged\ppe_split\test\labels\construction_image590.txt,,False,0,False,0,1,TN_no_pred_no_helmet_and_no_label3
test,D:\Desktop\capstone\data\merged\ppe_split\test\images\construction_image595.jpg,D:\Desktop\capstone\data\merged\ppe_split\test\labels\construction_image595.txt,,False,0,False,0,1,TN_no_pred_no_helmet_and_no_label3
test,D:\Desktop\capstone\data\merged\ppe_split\test\images\construction_image598.jpg,D:\Desktop\capstone\data\merged\ppe_split\test\labels\construction_image598.txt,,False,0,False,0,1,TN_no_pred_no_helmet_and_no_label3
test,D:\Desktop\capstone\data\merged\ppe_split\test\images\construction_image60.jpeg,D:\Desktop\capstone\data\merged\ppe_split\test\labels\construction_image60.txt,,False,0,False,0,1,TN_no_pred_no_helmet_and_no_label3
test,D:\Desktop\capstone\data\merged\ppe_split\test\images\construction_image600.jpg,D:\Desktop\capstone\data\merged\ppe_split\test\labels\construction_image600.txt,,False,0,False,0,5,TN_no_pred_no_helmet_and_no_label3
test,D:\Desktop\capstone\data\merged\ppe_split\test\images\construction_image603.jpg,D:\Desktop\capstone\data\merged\ppe_split\test\labels\construction_image603.txt,,False,0,False,0,10,TN_no_pred_no_helmet_and_no_label3
test,D:\Desktop\capstone\data\merged\ppe_split\test\images\construction_image613.jpg,D:\Desktop\capstone\data\merged\ppe_split\test\labels\construction_image613.txt,,False,0,False,0,5,TN_no_pred_no_helmet_and_no_label3
test,D:\Desktop\capstone\data\merged\ppe_split\test\images\construction_image62.jpeg,D:\Desktop\capstone\data\merged\ppe_split\test\labels\construction_image62.txt,,False,0,False,0,2,TN_no_pred_no_helmet_and_no_label3
test,D:\Desktop\capstone\data\merged\ppe_split\test\images\construction_image621.jpg,D:\Desktop\capstone\data\merged\ppe_split\test\labels\construction_image621.txt,,False,0,True,2,2,FP_pred_no_helmet_but_no_label3
test,D:\Desktop\capstone\data\merged\ppe_split\test\images\construction_image631.jpeg,D:\Desktop\capstone\data\merged\ppe_split\test\labels\construction_image631.txt,,False,0,True,2,3,FP_pred_no_helmet_but_no_label3
test,D:\Desktop\capstone\data\merged\ppe_split\test\images\construction_image636.jpg,D:\Desktop\capstone\data\merged\ppe_split\test\labels\construction_image636.txt,,False,0,False,0,1,TN_no_pred_no_helmet_and_no_label3
test,D:\Desktop\capstone\data\merged\ppe_split\test\images\construction_image64.jpeg,D:\Desktop\capstone\data\merged\ppe_split\test\labels\construction_image64.txt,,False,0,False,0,2,TN_no_pred_no_helmet_and_no_label3
test,D:\Desktop\capstone\data\merged\ppe_split\test\images\construction_image646.jpg,D:\Desktop\capstone\data\merged\ppe_split\test\labels\construction_image646.txt,,False,0,False,0,2,TN_no_pred_no_helmet_and_no_label3
test,D:\Desktop\capstone\data\merged\ppe_split\test\images\construction_image648.jpg,D:\Desktop\capstone\data\merged\ppe_split\test\labels\construction_image648.txt,,False,0,False,0,1,TN_no_pred_no_helmet_and_no_label3
test,D:\Desktop\capstone\data\merged\ppe_split\test\images\construction_image650.jpg,D:\Desktop\capstone\data\merged\ppe_split\test\labels\construction_image650.txt,,False,0,False,0,2,TN_no_pred_no_helmet_and_no_label3
test,D:\Desktop\capstone\data\merged\ppe_split\test\images\construction_image652.jpg,D:\Desktop\capstone\data\merged\ppe_split\test\labels\construction_image652.txt,,False,0,False,0,1,TN_no_pred_no_helmet_and_no_label3
test,D:\Desktop\capstone\data\merged\ppe_split\test\images\construction_image66.jpg,D:\Desktop\capstone\data\merged\ppe_split\test\labels\construction_image66.txt,,False,0,False,0,1,TN_no_pred_no_helmet_and_no_label3
test,D:\Desktop\capstone\data\merged\ppe_split\test\images\construction_image672.jpg,D:\Desktop\capstone\data\merged\ppe_split\test\labels\construction_image672.txt,,False,0,False,0,4,TN_no_pred_no_helmet_and_no_label3
test,D:\Desktop\capstone\data\merged\ppe_split\test\images\construction_image675.jpg,D:\Desktop\capstone\data\merged\ppe_split\test\labels\construction_image675.txt,,False,0,True,2,2,FP_pred_no_helmet_but_no_label3
test,D:\Desktop\capstone\data\merged\ppe_split\test\images\construction_image678.jpg,D:\Desktop\capstone\data\merged\ppe_split\test\labels\construction_image678.txt,,False,0,True,1,4,FP_pred_no_helmet_but_no_label3
test,D:\Desktop\capstone\data\merged\ppe_split\test\images\construction_image684.jpg,D:\Desktop\capstone\data\merged\ppe_split\test\labels\construction_image684.txt,,False,0,False,0,1,TN_no_pred_no_helmet_and_no_label3
test,D:\Desktop\capstone\data\merged\ppe_split\test\images\construction_image697.jpeg,D:\Desktop\capstone\data\merged\ppe_split\test\labels\construction_image697.txt,,False,0,False,0,1,TN_no_pred_no_helmet_and_no_label3
test,D:\Desktop\capstone\data\merged\ppe_split\test\images\construction_image703.jpeg,D:\Desktop\capstone\data\merged\ppe_split\test\labels\construction_image703.txt,,False,0,False,0,1,TN_no_pred_no_helmet_and_no_label3
test,D:\Desktop\capstone\data\merged\ppe_split\test\images\construction_image704.jpg,D:\Desktop\capstone\data\merged\ppe_split\test\labels\construction_image704.txt,,False,0,False,0,1,TN_no_pred_no_helmet_and_no_label3
test,D:\Desktop\capstone\data\merged\ppe_split\test\images\construction_image712.jpg,D:\Desktop\capstone\data\merged\ppe_split\test\labels\construction_image712.txt,,False,0,False,0,1,TN_no_pred_no_helmet_and_no_label3
test,D:\Desktop\capstone\data\merged\ppe_split\test\images\construction_image72.jpeg,D:\Desktop\capstone\data\merged\ppe_split\test\labels\construction_image72.txt,,False,0,False,0,1,TN_no_pred_no_helmet_and_no_label3
test,D:\Desktop\capstone\data\merged\ppe_split\test\images\construction_image721.jpg,D:\Desktop\capstone\data\merged\ppe_split\test\labels\construction_image721.txt,,False,0,False,0,4,TN_no_pred_no_helmet_and_no_label3
test,D:\Desktop\capstone\data\merged\ppe_split\test\images\construction_image73.jpg,D:\Desktop\capstone\data\merged\ppe_split\test\labels\construction_image73.txt,,False,0,False,0,1,TN_no_pred_no_helmet_and_no_label3
test,D:\Desktop\capstone\data\merged\ppe_split\test\images\construction_image732.jpg,D:\Desktop\capstone\data\merged\ppe_split\test\labels\construction_image732.txt,,False,0,True,1,1,FP_pred_no_helmet_but_no_label3
test,D:\Desktop\capstone\data\merged\ppe_split\test\images\construction_image740.jpg,D:\Desktop\capstone\data\merged\ppe_split\test\labels\construction_image740.txt,,False,0,False,0,1,TN_no_pred_no_helmet_and_no_label3
test,D:\Desktop\capstone\data\merged\ppe_split\test\images\construction_image744.jpg,D:\Desktop\capstone\data\merged\ppe_split\test\labels\construction_image744.txt,,False,0,False,0,2,TN_no_pred_no_helmet_and_no_label3
test,D:\Desktop\capstone\data\merged\ppe_split\test\images\construction_image76.jpg,D:\Desktop\capstone\data\merged\ppe_split\test\labels\construction_image76.txt,,False,0,False,0,1,TN_no_pred_no_helmet_and_no_label3
test,D:\Desktop\capstone\data\merged\ppe_split\test\images\construction_image760.jpg,D:\Desktop\capstone\data\merged\ppe_split\test\labels\construction_image760.txt,,False,0,False,0,1,TN_no_pred_no_helmet_and_no_label3
test,D:\Desktop\capstone\data\merged\ppe_split\test\images\construction_image765.jpg,D:\Desktop\capstone\data\merged\ppe_split\test\labels\construction_image765.txt,,False,0,False,0,1,TN_no_pred_no_helmet_and_no_label3
test,D:\Desktop\capstone\data\merged\ppe_split\test\images\construction_image769.jpg,D:\Desktop\capstone\data\merged\ppe_split\test\labels\construction_image769.txt,,False,0,False,0,0,TN_no_pred_no_helmet_and_no_label3
test,D:\Desktop\capstone\data\merged\ppe_split\test\images\construction_image77.jpg,D:\Desktop\capstone\data\merged\ppe_split\test\labels\construction_image77.txt,,False,0,False,0,1,TN_no_pred_no_helmet_and_no_label3
test,D:\Desktop\capstone\data\merged\ppe_split\test\images\construction_image78.jpg,D:\Desktop\capstone\data\merged\ppe_split\test\labels\construction_image78.txt,,False,0,False,0,1,TN_no_pred_no_helmet_and_no_label3
test,D:\Desktop\capstone\data\merged\ppe_split\test\images\construction_image79.jpg,D:\Desktop\capstone\data\merged\ppe_split\test\labels\construction_image79.txt,,False,0,False,0,1,TN_no_pred_no_helmet_and_no_label3
test,D:\Desktop\capstone\data\merged\ppe_split\test\images\construction_image790.jpg,D:\Desktop\capstone\data\merged\ppe_split\test\labels\construction_image790.txt,,False,0,True,1,1,FP_pred_no_helmet_but_no_label3
test,D:\Desktop\capstone\data\merged\ppe_split\test\images\construction_image791.jpg,D:\Desktop\capstone\data\merged\ppe_split\test\labels\construction_image791.txt,,False,0,True,1,1,FP_pred_no_helmet_but_no_label3
test,D:\Desktop\capstone\data\merged\ppe_split\test\images\construction_image795.jpeg,D:\Desktop\capstone\data\merged\ppe_split\test\labels\construction_image795.txt,,False,0,False,0,2,TN_no_pred_no_helmet_and_no_label3
test,D:\Desktop\capstone\data\merged\ppe_split\test\images\construction_image797.jpg,D:\Desktop\capstone\data\merged\ppe_split\test\labels\construction_image797.txt,,False,0,False,0,2,TN_no_pred_no_helmet_and_no_label3
test,D:\Desktop\capstone\data\merged\ppe_split\test\images\construction_image799.jpg,D:\Desktop\capstone\data\merged\ppe_split\test\labels\construction_image799.txt,,False,0,False,0,0,TN_no_pred_no_helmet_and_no_label3
test,D:\Desktop\capstone\data\merged\ppe_split\test\images\construction_image8.jpeg,D:\Desktop\capstone\data\merged\ppe_split\test\labels\construction_image8.txt,,False,0,False,0,1,TN_no_pred_no_helmet_and_no_label3
test,D:\Desktop\capstone\data\merged\ppe_split\test\images\construction_image812.jpg,D:\Desktop\capstone\data\merged\ppe_split\test\labels\construction_image812.txt,,False,0,False,0,6,TN_no_pred_no_helmet_and_no_label3
test,D:\Desktop\capstone\data\merged\ppe_split\test\images\construction_image816.jpg,D:\Desktop\capstone\data\merged\ppe_split\test\labels\construction_image816.txt,,False,0,False,0,0,TN_no_pred_no_helmet_and_no_label3
test,D:\Desktop\capstone\data\merged\ppe_split\test\images\construction_image839.jpg,D:\Desktop\capstone\data\merged\ppe_split\test\labels\construction_image839.txt,,False,0,False,0,1,TN_no_pred_no_helmet_and_no_label3
test,D:\Desktop\capstone\data\merged\ppe_split\test\images\construction_image848.jpg,D:\Desktop\capstone\data\merged\ppe_split\test\labels\construction_image848.txt,,False,0,True,2,6,FP_pred_no_helmet_but_no_label3
test,D:\Desktop\capstone\data\merged\ppe_split\test\images\construction_image859.jpg,D:\Desktop\capstone\data\merged\ppe_split\test\labels\construction_image859.txt,,False,0,False,0,4,TN_no_pred_no_helmet_and_no_label3
test,D:\Desktop\capstone\data\merged\ppe_split\test\images\construction_image869.jpg,D:\Desktop\capstone\data\merged\ppe_split\test\labels\construction_image869.txt,,False,0,False,0,1,TN_no_pred_no_helmet_and_no_label3
test,D:\Desktop\capstone\data\merged\ppe_split\test\images\construction_image879.jpg,D:\Desktop\capstone\data\merged\ppe_split\test\labels\construction_image879.txt,,False,0,False,0,1,TN_no_pred_no_helmet_and_no_label3
test,D:\Desktop\capstone\data\merged\ppe_split\test\images\construction_image880.jpg,D:\Desktop\capstone\data\merged\ppe_split\test\labels\construction_image880.txt,,False,0,False,0,1,TN_no_pred_no_helmet_and_no_label3
test,D:\Desktop\capstone\data\merged\ppe_split\test\images\construction_image89.jpeg,D:\Desktop\capstone\data\merged\ppe_split\test\labels\construction_image89.txt,,False,0,True,1,1,FP_pred_no_helmet_but_no_label3
test,D:\Desktop\capstone\data\merged\ppe_split\test\images\construction_image893.jpg,D:\Desktop\capstone\data\merged\ppe_split\test\labels\construction_image893.txt,,False,0,False,0,1,TN_no_pred_no_helmet_and_no_label3
test,D:\Desktop\capstone\data\merged\ppe_split\test\images\construction_image902.jpg,D:\Desktop\capstone\data\merged\ppe_split\test\labels\construction_image902.txt,,False,0,False,0,1,TN_no_pred_no_helmet_and_no_label3
test,D:\Desktop\capstone\data\merged\ppe_split\test\images\construction_image903.jpg,D:\Desktop\capstone\data\merged\ppe_split\test\labels\construction_image903.txt,,False,0,False,0,1,TN_no_pred_no_helmet_and_no_label3
test,D:\Desktop\capstone\data\merged\ppe_split\test\images\construction_image904.jpg,D:\Desktop\capstone\data\merged\ppe_split\test\labels\construction_image904.txt,,False,0,False,0,1,TN_no_pred_no_helmet_and_no_label3
test,D:\Desktop\capstone\data\merged\ppe_split\test\images\construction_image912.jpg,D:\Desktop\capstone\data\merged\ppe_split\test\labels\construction_image912.txt,,False,0,False,0,1,TN_no_pred_no_helmet_and_no_label3
test,D:\Desktop\capstone\data\merged\ppe_split\test\images\construction_image938.jpg,D:\Desktop\capstone\data\merged\ppe_split\test\labels\construction_image938.txt,,False,0,False,0,1,TN_no_pred_no_helmet_and_no_label3
test,D:\Desktop\capstone\data\merged\ppe_split\test\images\construction_image939.jpeg,D:\Desktop\capstone\data\merged\ppe_split\test\labels\construction_image939.txt,,False,0,False,0,2,TN_no_pred_no_helmet_and_no_label3
test,D:\Desktop\capstone\data\merged\ppe_split\test\images\construction_image950.jpeg,D:\Desktop\capstone\data\merged\ppe_split\test\labels\construction_image950.txt,,False,0,False,0,1,TN_no_pred_no_helmet_and_no_label3
test,D:\Desktop\capstone\data\merged\ppe_split\test\images\construction_image952.jpg,D:\Desktop\capstone\data\merged\ppe_split\test\labels\construction_image952.txt,,False,0,False,0,1,TN_no_pred_no_helmet_and_no_label3
test,D:\Desktop\capstone\data\merged\ppe_split\test\images\construction_image962.jpg,D:\Desktop\capstone\data\merged\ppe_split\test\labels\construction_image962.txt,,False,0,False,0,3,TN_no_pred_no_helmet_and_no_label3
test,D:\Desktop\capstone\data\merged\ppe_split\test\images\construction_image968.jpg,D:\Desktop\capstone\data\merged\ppe_split\test\labels\construction_image968.txt,,False,0,False,0,1,TN_no_pred_no_helmet_and_no_label3
test,D:\Desktop\capstone\data\merged\ppe_split\test\images\construction_image969.jpg,D:\Desktop\capstone\data\merged\ppe_split\test\labels\construction_image969.txt,,False,0,False,0,1,TN_no_pred_no_helmet_and_no_label3
test,D:\Desktop\capstone\data\merged\ppe_split\test\images\construction_image97.jpg,D:\Desktop\capstone\data\merged\ppe_split\test\labels\construction_image97.txt,,False,0,False,0,1,TN_no_pred_no_helmet_and_no_label3
test,D:\Desktop\capstone\data\merged\ppe_split\test\images\construction_image972.jpg,D:\Desktop\capstone\data\merged\ppe_split\test\labels\construction_image972.txt,,False,0,False,0,1,TN_no_pred_no_helmet_and_no_label3
test,D:\Desktop\capstone\data\merged\ppe_split\test\images\construction_image988.jpeg,D:\Desktop\capstone\data\merged\ppe_split\test\labels\construction_image988.txt,,False,0,True,2,2,FP_pred_no_helmet_but_no_label3
test,D:\Desktop\capstone\data\merged\ppe_split\test\images\construction_test_image1009.jpg,D:\Desktop\capstone\data\merged\ppe_split\test\labels\construction_test_image1009.txt,,False,0,False,0,1,TN_no_pred_no_helmet_and_no_label3
test,D:\Desktop\capstone\data\merged\ppe_split\test\images\construction_test_image1023.jpg,D:\Desktop\capstone\data\merged\ppe_split\test\labels\construction_test_image1023.txt,,False,0,False,0,1,TN_no_pred_no_helmet_and_no_label3
test,D:\Desktop\capstone\data\merged\ppe_split\test\images\construction_test_image110.jpg,D:\Desktop\capstone\data\merged\ppe_split\test\labels\construction_test_image110.txt,,False,0,False,0,2,TN_no_pred_no_helmet_and_no_label3
test,D:\Desktop\capstone\data\merged\ppe_split\test\images\construction_test_image1120.jpg,D:\Desktop\capstone\data\merged\ppe_split\test\labels\construction_test_image1120.txt,,True,1,True,1,1,TP_pred_no_helmet_and_label3
test,D:\Desktop\capstone\data\merged\ppe_split\test\images\construction_test_image1145.jpg,D:\Desktop\capstone\data\merged\ppe_split\test\labels\construction_test_image1145.txt,,True,3,True,2,4,TP_pred_no_helmet_and_label3
test,D:\Desktop\capstone\data\merged\ppe_split\test\images\construction_test_image1152.jpg,D:\Desktop\capstone\data\merged\ppe_split\test\labels\construction_test_image1152.txt,,True,1,True,1,1,TP_pred_no_helmet_and_label3
test,D:\Desktop\capstone\data\merged\ppe_split\test\images\construction_test_image1270.jpg,D:\Desktop\capstone\data\merged\ppe_split\test\labels\construction_test_image1270.txt,,True,3,True,1,1,TP_pred_no_helmet_and_label3
test,D:\Desktop\capstone\data\merged\ppe_split\test\images\construction_test_image1276.jpg,D:\Desktop\capstone\data\merged\ppe_split\test\labels\construction_test_image1276.txt,,True,1,False,0,0,FN_label3_but_not_pred_no_helmet
test,D:\Desktop\capstone\data\merged\ppe_split\test\images\construction_test_image1354.jpg,D:\Desktop\capstone\data\merged\ppe_split\test\labels\construction_test_image1354.txt,,False,0,True,1,3,FP_pred_no_helmet_but_no_label3
test,D:\Desktop\capstone\data\merged\ppe_split\test\images\construction_test_image190.jpg,D:\Desktop\capstone\data\merged\ppe_split\test\labels\construction_test_image190.txt,,False,0,True,1,1,FP_pred_no_helmet_but_no_label3
test,D:\Desktop\capstone\data\merged\ppe_split\test\images\construction_test_image271.jpg,D:\Desktop\capstone\data\merged\ppe_split\test\labels\construction_test_image271.txt,,False,0,False,0,1,TN_no_pred_no_helmet_and_no_label3
test,D:\Desktop\capstone\data\merged\ppe_split\test\images\construction_test_image40.jpg,D:\Desktop\capstone\data\merged\ppe_split\test\labels\construction_test_image40.txt,,False,0,False,0,1,TN_no_pred_no_helmet_and_no_label3
test,D:\Desktop\capstone\data\merged\ppe_split\test\images\construction_test_image460.jpg,D:\Desktop\capstone\data\merged\ppe_split\test\labels\construction_test_image460.txt,,False,0,False,0,1,TN_no_pred_no_helmet_and_no_label3
test,D:\Desktop\capstone\data\merged\ppe_split\test\images\construction_test_image481.jpg,D:\Desktop\capstone\data\merged\ppe_split\test\labels\construction_test_image481.txt,,False,0,False,0,3,TN_no_pred_no_helmet_and_no_label3
test,D:\Desktop\capstone\data\merged\ppe_split\test\images\construction_test_image533.jpg,D:\Desktop\capstone\data\merged\ppe_split\test\labels\construction_test_image533.txt,,False,0,False,0,2,TN_no_pred_no_helmet_and_no_label3
test,D:\Desktop\capstone\data\merged\ppe_split\test\images\construction_test_image58.jpeg,D:\Desktop\capstone\data\merged\ppe_split\test\labels\construction_test_image58.txt,,False,0,False,0,1,TN_no_pred_no_helmet_and_no_label3
test,D:\Desktop\capstone\data\merged\ppe_split\test\images\construction_test_image633.jpg,D:\Desktop\capstone\data\merged\ppe_split\test\labels\construction_test_image633.txt,,False,0,False,0,0,TN_no_pred_no_helmet_and_no_label3
test,D:\Desktop\capstone\data\merged\ppe_split\test\images\construction_test_image70.jpeg,D:\Desktop\capstone\data\merged\ppe_split\test\labels\construction_test_image70.txt,,False,0,False,0,1,TN_no_pred_no_helmet_and_no_label3
test,D:\Desktop\capstone\data\merged\ppe_split\test\images\construction_test_image714.jpeg,D:\Desktop\capstone\data\merged\ppe_split\test\labels\construction_test_image714.txt,,False,0,False,0,0,TN_no_pred_no_helmet_and_no_label3
test,D:\Desktop\capstone\data\merged\ppe_split\test\images\construction_test_image718.jpg,D:\Desktop\capstone\data\merged\ppe_split\test\labels\construction_test_image718.txt,,False,0,False,0,1,TN_no_pred_no_helmet_and_no_label3
test,D:\Desktop\capstone\data\merged\ppe_split\test\images\construction_test_image772.jpg,D:\Desktop\capstone\data\merged\ppe_split\test\labels\construction_test_image772.txt,,False,0,False,0,1,TN_no_pred_no_helmet_and_no_label3
test,D:\Desktop\capstone\data\merged\ppe_split\test\images\construction_test_image834.jpg,D:\Desktop\capstone\data\merged\ppe_split\test\labels\construction_test_image834.txt,,False,0,False,0,1,TN_no_pred_no_helmet_and_no_label3
test,D:\Desktop\capstone\data\merged\ppe_split\test\images\construction_test_image905.jpg,D:\Desktop\capstone\data\merged\ppe_split\test\labels\construction_test_image905.txt,,False,0,False,0,1,TN_no_pred_no_helmet_and_no_label3
test,D:\Desktop\capstone\data\merged\ppe_split\test\images\construction_test_image910.jpg,D:\Desktop\capstone\data\merged\ppe_split\test\labels\construction_test_image910.txt,,False,0,False,0,1,TN_no_pred_no_helmet_and_no_label3
test,D:\Desktop\capstone\data\merged\ppe_split\test\images\construction_test_image922.jpg,D:\Desktop\capstone\data\merged\ppe_split\test\labels\construction_test_image922.txt,,False,0,False,0,1,TN_no_pred_no_helmet_and_no_label3
test,D:\Desktop\capstone\data\merged\ppe_split\test\images\construction_test_image923.jpg,D:\Desktop\capstone\data\merged\ppe_split\test\labels\construction_test_image923.txt,,False,0,False,0,1,TN_no_pred_no_helmet_and_no_label3
test,D:\Desktop\capstone\data\merged\ppe_split\test\images\construction_test_image935.jpg,D:\Desktop\capstone\data\merged\ppe_split\test\labels\construction_test_image935.txt,,False,0,False,0,1,TN_no_pred_no_helmet_and_no_label3
test,D:\Desktop\capstone\data\merged\ppe_split\test\images\construction_test_image943.jpg,D:\Desktop\capstone\data\merged\ppe_split\test\labels\construction_test_image943.txt,,False,0,False,0,1,TN_no_pred_no_helmet_and_no_label3
test,D:\Desktop\capstone\data\merged\ppe_split\test\images\construction_test_image956.jpg,D:\Desktop\capstone\data\merged\ppe_split\test\labels\construction_test_image956.txt,,False,0,False,0,1,TN_no_pred_no_helmet_and_no_label3
test,D:\Desktop\capstone\data\merged\ppe_split\test\images\construction_test_image979.jpg,D:\Desktop\capstone\data\merged\ppe_split\test\labels\construction_test_image979.txt,,False,0,False,0,1,TN_no_pred_no_helmet_and_no_label3
test,D:\Desktop\capstone\data\merged\ppe_split\test\images\construction_test_image999.jpg,D:\Desktop\capstone\data\merged\ppe_split\test\labels\construction_test_image999.txt,,False,0,False,0,1,TN_no_pred_no_helmet_and_no_label3
test,D:\Desktop\capstone\data\merged\ppe_split\test\images\shwd_000002.jpg,D:\Desktop\capstone\data\merged\ppe_split\test\labels\shwd_000002.txt,,False,0,False,0,3,TN_no_pred_no_helmet_and_no_label3
test,D:\Desktop\capstone\data\merged\ppe_split\test\images\shwd_000005.jpg,D:\Desktop\capstone\data\merged\ppe_split\test\labels\shwd_000005.txt,,False,0,False,0,1,TN_no_pred_no_helmet_and_no_label3
test,D:\Desktop\capstone\data\merged\ppe_split\test\images\shwd_000007.jpg,D:\Desktop\capstone\data\merged\ppe_split\test\labels\shwd_000007.txt,,False,0,False,0,3,TN_no_pred_no_helmet_and_no_label3
test,D:\Desktop\capstone\data\merged\ppe_split\test\images\shwd_000024.jpg,D:\Desktop\capstone\data\merged\ppe_split\test\labels\shwd_000024.txt,,False,0,False,0,1,TN_no_pred_no_helmet_and_no_label3
test,D:\Desktop\capstone\data\merged\ppe_split\test\images\shwd_000027.jpg,D:\Desktop\capstone\data\merged\ppe_split\test\labels\shwd_000027.txt,,False,0,True,1,1,FP_pred_no_helmet_but_no_label3
test,D:\Desktop\capstone\data\merged\ppe_split\test\images\shwd_000030.jpg,D:\Desktop\capstone\data\merged\ppe_split\test\labels\shwd_000030.txt,,False,0,False,0,8,TN_no_pred_no_helmet_and_no_label3
test,D:\Desktop\capstone\data\merged\ppe_split\test\images\shwd_000039.jpg,D:\Desktop\capstone\data\merged\ppe_split\test\labels\shwd_000039.txt,,False,0,False,0,3,TN_no_pred_no_helmet_and_no_label3
test,D:\Desktop\capstone\data\merged\ppe_split\test\images\shwd_000042.jpg,D:\Desktop\capstone\data\merged\ppe_split\test\labels\shwd_000042.txt,,False,0,True,1,1,FP_pred_no_helmet_but_no_label3
test,D:\Desktop\capstone\data\merged\ppe_split\test\images\shwd_000045.jpg,D:\Desktop\capstone\data\merged\ppe_split\test\labels\shwd_000045.txt,,False,0,False,0,2,TN_no_pred_no_helmet_and_no_label3
test,D:\Desktop\capstone\data\merged\ppe_split\test\images\shwd_000062.jpg,D:\Desktop\capstone\data\merged\ppe_split\test\labels\shwd_000062.txt,,False,0,False,0,1,TN_no_pred_no_helmet_and_no_label3
test,D:\Desktop\capstone\data\merged\ppe_split\test\images\shwd_000070.jpg,D:\Desktop\capstone\data\merged\ppe_split\test\labels\shwd_000070.txt,,False,0,False,0,1,TN_no_pred_no_helmet_and_no_label3
test,D:\Desktop\capstone\data\merged\ppe_split\test\images\shwd_000071.jpg,D:\Desktop\capstone\data\merged\ppe_split\test\labels\shwd_000071.txt,,False,0,False,0,1,TN_no_pred_no_helmet_and_no_label3
test,D:\Desktop\capstone\data\merged\ppe_split\test\images\shwd_000077.jpg,D:\Desktop\capstone\data\merged\ppe_split\test\labels\shwd_000077.txt,,False,0,False,0,1,TN_no_pred_no_helmet_and_no_label3
test,D:\Desktop\capstone\data\merged\ppe_split\test\images\shwd_000087.jpg,D:\Desktop\capstone\data\merged\ppe_split\test\labels\shwd_000087.txt,,False,0,False,0,4,TN_no_pred_no_helmet_and_no_label3
test,D:\Desktop\capstone\data\merged\ppe_split\test\images\shwd_000091.jpg,D:\Desktop\capstone\data\merged\ppe_split\test\labels\shwd_000091.txt,,False,0,False,0,1,TN_no_pred_no_helmet_and_no_label3
test,D:\Desktop\capstone\data\merged\ppe_split\test\images\shwd_000101.jpg,D:\Desktop\capstone\data\merged\ppe_split\test\labels\shwd_000101.txt,,False,0,True,1,1,FP_pred_no_helmet_but_no_label3
test,D:\Desktop\capstone\data\merged\ppe_split\test\images\shwd_000111.jpg,D:\Desktop\capstone\data\merged\ppe_split\test\labels\shwd_000111.txt,,False,0,False,0,3,TN_no_pred_no_helmet_and_no_label3
test,D:\Desktop\capstone\data\merged\ppe_split\test\images\shwd_000143.jpg,D:\Desktop\capstone\data\merged\ppe_split\test\labels\shwd_000143.txt,,False,0,False,0,1,TN_no_pred_no_helmet_and_no_label3
test,D:\Desktop\capstone\data\merged\ppe_split\test\images\shwd_000169.jpg,D:\Desktop\capstone\data\merged\ppe_split\test\labels\shwd_000169.txt,,False,0,False,0,1,TN_no_pred_no_helmet_and_no_label3
test,D:\Desktop\capstone\data\merged\ppe_split\test\images\shwd_000198.jpg,D:\Desktop\capstone\data\merged\ppe_split\test\labels\shwd_000198.txt,,False,0,False,0,2,TN_no_pred_no_helmet_and_no_label3
test,D:\Desktop\capstone\data\merged\ppe_split\test\images\shwd_000213.jpg,D:\Desktop\capstone\data\merged\ppe_split\test\labels\shwd_000213.txt,,False,0,True,1,1,FP_pred_no_helmet_but_no_label3
test,D:\Desktop\capstone\data\merged\ppe_split\test\images\shwd_000214.jpg,D:\Desktop\capstone\data\merged\ppe_split\test\labels\shwd_000214.txt,,False,0,False,0,1,TN_no_pred_no_helmet_and_no_label3
test,D:\Desktop\capstone\data\merged\ppe_split\test\images\shwd_000220.jpg,D:\Desktop\capstone\data\merged\ppe_split\test\labels\shwd_000220.txt,,False,0,False,0,1,TN_no_pred_no_helmet_and_no_label3
test,D:\Desktop\capstone\data\merged\ppe_split\test\images\shwd_000254.jpg,D:\Desktop\capstone\data\merged\ppe_split\test\labels\shwd_000254.txt,,False,0,False,0,1,TN_no_pred_no_helmet_and_no_label3
test,D:\Desktop\capstone\data\merged\ppe_split\test\images\shwd_000274.jpg,D:\Desktop\capstone\data\merged\ppe_split\test\labels\shwd_000274.txt,,False,0,False,0,0,TN_no_pred_no_helmet_and_no_label3
test,D:\Desktop\capstone\data\merged\ppe_split\test\images\shwd_000308.jpg,D:\Desktop\capstone\data\merged\ppe_split\test\labels\shwd_000308.txt,,False,0,False,0,5,TN_no_pred_no_helmet_and_no_label3
test,D:\Desktop\capstone\data\merged\ppe_split\test\images\shwd_000310.jpg,D:\Desktop\capstone\data\merged\ppe_split\test\labels\shwd_000310.txt,,False,0,True,1,1,FP_pred_no_helmet_but_no_label3
test,D:\Desktop\capstone\data\merged\ppe_split\test\images\shwd_000311.jpg,D:\Desktop\capstone\data\merged\ppe_split\test\labels\shwd_000311.txt,,False,0,False,0,3,TN_no_pred_no_helmet_and_no_label3
test,D:\Desktop\capstone\data\merged\ppe_split\test\images\shwd_000312.jpg,D:\Desktop\capstone\data\merged\ppe_split\test\labels\shwd_000312.txt,,False,0,False,0,2,TN_no_pred_no_helmet_and_no_label3
test,D:\Desktop\capstone\data\merged\ppe_split\test\images\shwd_000322.jpg,D:\Desktop\capstone\data\merged\ppe_split\test\labels\shwd_000322.txt,,False,0,False,0,2,TN_no_pred_no_helmet_and_no_label3
test,D:\Desktop\capstone\data\merged\ppe_split\test\images\shwd_000324.jpg,D:\Desktop\capstone\data\merged\ppe_split\test\labels\shwd_000324.txt,,False,0,False,0,1,TN_no_pred_no_helmet_and_no_label3
test,D:\Desktop\capstone\data\merged\ppe_split\test\images\shwd_000328.jpg,D:\Desktop\capstone\data\merged\ppe_split\test\labels\shwd_000328.txt,,False,0,False,0,2,TN_no_pred_no_helmet_and_no_label3
test,D:\Desktop\capstone\data\merged\ppe_split\test\images\shwd_000335.jpg,D:\Desktop\capstone\data\merged\ppe_split\test\labels\shwd_000335.txt,,False,0,False,0,1,TN_no_pred_no_helmet_and_no_label3
test,D:\Desktop\capstone\data\merged\ppe_split\test\images\shwd_000368.jpg,D:\Desktop\capstone\data\merged\ppe_split\test\labels\shwd_000368.txt,,False,0,True,1,3,FP_pred_no_helmet_but_no_label3
test,D:\Desktop\capstone\data\merged\ppe_split\test\images\shwd_000382.jpg,D:\Desktop\capstone\data\merged\ppe_split\test\labels\shwd_000382.txt,,False,0,False,0,1,TN_no_pred_no_helmet_and_no_label3
test,D:\Desktop\capstone\data\merged\ppe_split\test\images\shwd_000383.jpg,D:\Desktop\capstone\data\merged\ppe_split\test\labels\shwd_000383.txt,,False,0,False,0,2,TN_no_pred_no_helmet_and_no_label3
test,D:\Desktop\capstone\data\merged\ppe_split\test\images\shwd_000388.jpg,D:\Desktop\capstone\data\merged\ppe_split\test\labels\shwd_000388.txt,,False,0,False,0,5,TN_no_pred_no_helmet_and_no_label3
test,D:\Desktop\capstone\data\merged\ppe_split\test\images\shwd_000402.jpg,D:\Desktop\capstone\data\merged\ppe_split\test\labels\shwd_000402.txt,,False,0,False,0,10,TN_no_pred_no_helmet_and_no_label3
test,D:\Desktop\capstone\data\merged\ppe_split\test\images\shwd_000426.jpg,D:\Desktop\capstone\data\merged\ppe_split\test\labels\shwd_000426.txt,,False,0,False,0,2,TN_no_pred_no_helmet_and_no_label3
test,D:\Desktop\capstone\data\merged\ppe_split\test\images\shwd_000432.jpg,D:\Desktop\capstone\data\merged\ppe_split\test\labels\shwd_000432.txt,,False,0,False,0,2,TN_no_pred_no_helmet_and_no_label3
test,D:\Desktop\capstone\data\merged\ppe_split\test\images\shwd_000477.jpg,D:\Desktop\capstone\data\merged\ppe_split\test\labels\shwd_000477.txt,,False,0,False,0,1,TN_no_pred_no_helmet_and_no_label3
test,D:\Desktop\capstone\data\merged\ppe_split\test\images\shwd_000481.jpg,D:\Desktop\capstone\data\merged\ppe_split\test\labels\shwd_000481.txt,,False,0,False,0,1,TN_no_pred_no_helmet_and_no_label3
test,D:\Desktop\capstone\data\merged\ppe_split\test\images\shwd_000482.jpg,D:\Desktop\capstone\data\merged\ppe_split\test\labels\shwd_000482.txt,,False,0,True,2,4,FP_pred_no_helmet_but_no_label3
test,D:\Desktop\capstone\data\merged\ppe_split\test\images\shwd_000486.jpg,D:\Desktop\capstone\data\merged\ppe_split\test\labels\shwd_000486.txt,,False,0,False,0,0,TN_no_pred_no_helmet_and_no_label3
test,D:\Desktop\capstone\data\merged\ppe_split\test\images\shwd_000489.jpg,D:\Desktop\capstone\data\merged\ppe_split\test\labels\shwd_000489.txt,,False,0,False,0,3,TN_no_pred_no_helmet_and_no_label3
test,D:\Desktop\capstone\data\merged\ppe_split\test\images\shwd_000496.jpg,D:\Desktop\capstone\data\merged\ppe_split\test\labels\shwd_000496.txt,,False,0,False,0,2,TN_no_pred_no_helmet_and_no_label3
test,D:\Desktop\capstone\data\merged\ppe_split\test\images\shwd_000502.jpg,D:\Desktop\capstone\data\merged\ppe_split\test\labels\shwd_000502.txt,,False,0,False,0,1,TN_no_pred_no_helmet_and_no_label3
test,D:\Desktop\capstone\data\merged\ppe_split\test\images\shwd_000507.jpg,D:\Desktop\capstone\data\merged\ppe_split\test\labels\shwd_000507.txt,,False,0,False,0,2,TN_no_pred_no_helmet_and_no_label3
test,D:\Desktop\capstone\data\merged\ppe_split\test\images\shwd_000511.jpg,D:\Desktop\capstone\data\merged\ppe_split\test\labels\shwd_000511.txt,,False,0,False,0,2,TN_no_pred_no_helmet_and_no_label3
test,D:\Desktop\capstone\data\merged\ppe_split\test\images\shwd_000512.jpg,D:\Desktop\capstone\data\merged\ppe_split\test\labels\shwd_000512.txt,,False,0,False,0,4,TN_no_pred_no_helmet_and_no_label3
test,D:\Desktop\capstone\data\merged\ppe_split\test\images\shwd_000516.jpg,D:\Desktop\capstone\data\merged\ppe_split\test\labels\shwd_000516.txt,,False,0,True,1,1,FP_pred_no_helmet_but_no_label3
test,D:\Desktop\capstone\data\merged\ppe_split\test\images\shwd_000526.jpg,D:\Desktop\capstone\data\merged\ppe_split\test\labels\shwd_000526.txt,,False,0,False,0,3,TN_no_pred_no_helmet_and_no_label3
test,D:\Desktop\capstone\data\merged\ppe_split\test\images\shwd_000547.jpg,D:\Desktop\capstone\data\merged\ppe_split\test\labels\shwd_000547.txt,,False,0,False,0,1,TN_no_pred_no_helmet_and_no_label3
test,D:\Desktop\capstone\data\merged\ppe_split\test\images\shwd_000555.jpg,D:\Desktop\capstone\data\merged\ppe_split\test\labels\shwd_000555.txt,,False,0,False,0,0,TN_no_pred_no_helmet_and_no_label3
test,D:\Desktop\capstone\data\merged\ppe_split\test\images\shwd_000560.jpg,D:\Desktop\capstone\data\merged\ppe_split\test\labels\shwd_000560.txt,,False,0,False,0,1,TN_no_pred_no_helmet_and_no_label3
test,D:\Desktop\capstone\data\merged\ppe_split\test\images\shwd_000563.jpg,D:\Desktop\capstone\data\merged\ppe_split\test\labels\shwd_000563.txt,,False,0,False,0,1,TN_no_pred_no_helmet_and_no_label3
test,D:\Desktop\capstone\data\merged\ppe_split\test\images\shwd_000568.jpg,D:\Desktop\capstone\data\merged\ppe_split\test\labels\shwd_000568.txt,,False,0,False,0,0,TN_no_pred_no_helmet_and_no_label3
test,D:\Desktop\capstone\data\merged\ppe_split\test\images\shwd_000569.jpg,D:\Desktop\capstone\data\merged\ppe_split\test\labels\shwd_000569.txt,,False,0,False,0,1,TN_no_pred_no_helmet_and_no_label3
test,D:\Desktop\capstone\data\merged\ppe_split\test\images\shwd_000586.jpg,D:\Desktop\capstone\data\merged\ppe_split\test\labels\shwd_000586.txt,,False,0,False,0,0,TN_no_pred_no_helmet_and_no_label3
test,D:\Desktop\capstone\data\merged\ppe_split\test\images\shwd_000590.jpg,D:\Desktop\capstone\data\merged\ppe_split\test\labels\shwd_000590.txt,,False,0,False,0,0,TN_no_pred_no_helmet_and_no_label3
test,D:\Desktop\capstone\data\merged\ppe_split\test\images\shwd_000592.jpg,D:\Desktop\capstone\data\merged\ppe_split\test\labels\shwd_000592.txt,,False,0,False,0,2,TN_no_pred_no_helmet_and_no_label3
test,D:\Desktop\capstone\data\merged\ppe_split\test\images\shwd_000604.jpg,D:\Desktop\capstone\data\merged\ppe_split\test\labels\shwd_000604.txt,,False,0,False,0,1,TN_no_pred_no_helmet_and_no_label3
test,D:\Desktop\capstone\data\merged\ppe_split\test\images\shwd_000631.jpg,D:\Desktop\capstone\data\merged\ppe_split\test\labels\shwd_000631.txt,,False,0,False,0,1,TN_no_pred_no_helmet_and_no_label3
test,D:\Desktop\capstone\data\merged\ppe_split\test\images\shwd_000633.jpg,D:\Desktop\capstone\data\merged\ppe_split\test\labels\shwd_000633.txt,,False,0,False,0,1,TN_no_pred_no_helmet_and_no_label3
test,D:\Desktop\capstone\data\merged\ppe_split\test\images\shwd_000645.jpg,D:\Desktop\capstone\data\merged\ppe_split\test\labels\shwd_000645.txt,,False,0,False,0,2,TN_no_pred_no_helmet_and_no_label3
test,D:\Desktop\capstone\data\merged\ppe_split\test\images\shwd_000646.jpg,D:\Desktop\capstone\data\merged\ppe_split\test\labels\shwd_000646.txt,,False,0,False,0,0,TN_no_pred_no_helmet_and_no_label3
test,D:\Desktop\capstone\data\merged\ppe_split\test\images\shwd_000655.jpg,D:\Desktop\capstone\data\merged\ppe_split\test\labels\shwd_000655.txt,,False,0,False,0,1,TN_no_pred_no_helmet_and_no_label3
test,D:\Desktop\capstone\data\merged\ppe_split\test\images\shwd_000675.jpg,D:\Desktop\capstone\data\merged\ppe_split\test\labels\shwd_000675.txt,,False,0,False,0,4,TN_no_pred_no_helmet_and_no_label3
test,D:\Desktop\capstone\data\merged\ppe_split\test\images\shwd_000677.jpg,D:\Desktop\capstone\data\merged\ppe_split\test\labels\shwd_000677.txt,,False,0,False,0,1,TN_no_pred_no_helmet_and_no_label3
test,D:\Desktop\capstone\data\merged\ppe_split\test\images\shwd_000697.jpg,D:\Desktop\capstone\data\merged\ppe_split\test\labels\shwd_000697.txt,,False,0,False,0,0,TN_no_pred_no_helmet_and_no_label3
test,D:\Desktop\capstone\data\merged\ppe_split\test\images\shwd_000708.jpg,D:\Desktop\capstone\data\merged\ppe_split\test\labels\shwd_000708.txt,,False,0,False,0,3,TN_no_pred_no_helmet_and_no_label3
test,D:\Desktop\capstone\data\merged\ppe_split\test\images\shwd_000711.jpg,D:\Desktop\capstone\data\merged\ppe_split\test\labels\shwd_000711.txt,,False,0,True,1,3,FP_pred_no_helmet_but_no_label3
test,D:\Desktop\capstone\data\merged\ppe_split\test\images\shwd_000718.jpg,D:\Desktop\capstone\data\merged\ppe_split\test\labels\shwd_000718.txt,,False,0,False,0,0,TN_no_pred_no_helmet_and_no_label3
test,D:\Desktop\capstone\data\merged\ppe_split\test\images\shwd_000721.jpg,D:\Desktop\capstone\data\merged\ppe_split\test\labels\shwd_000721.txt,,False,0,False,0,2,TN_no_pred_no_helmet_and_no_label3
test,D:\Desktop\capstone\data\merged\ppe_split\test\images\shwd_000727.jpg,D:\Desktop\capstone\data\merged\ppe_split\test\labels\shwd_000727.txt,,False,0,False,0,4,TN_no_pred_no_helmet_and_no_label3
test,D:\Desktop\capstone\data\merged\ppe_split\test\images\shwd_000733.jpg,D:\Desktop\capstone\data\merged\ppe_split\test\labels\shwd_000733.txt,,False,0,False,0,1,TN_no_pred_no_helmet_and_no_label3
test,D:\Desktop\capstone\data\merged\ppe_split\test\images\shwd_000745.jpg,D:\Desktop\capstone\data\merged\ppe_split\test\labels\shwd_000745.txt,,False,0,False,0,3,TN_no_pred_no_helmet_and_no_label3
test,D:\Desktop\capstone\data\merged\ppe_split\test\images\shwd_000762.jpg,D:\Desktop\capstone\data\merged\ppe_split\test\labels\shwd_000762.txt,,False,0,False,0,2,TN_no_pred_no_helmet_and_no_label3
test,D:\Desktop\capstone\data\merged\ppe_split\test\images\shwd_000773.jpg,D:\Desktop\capstone\data\merged\ppe_split\test\labels\shwd_000773.txt,,False,0,False,0,1,TN_no_pred_no_helmet_and_no_label3
test,D:\Desktop\capstone\data\merged\ppe_split\test\images\shwd_000777.jpg,D:\Desktop\capstone\data\merged\ppe_split\test\labels\shwd_000777.txt,,False,0,False,0,1,TN_no_pred_no_helmet_and_no_label3
test,D:\Desktop\capstone\data\merged\ppe_split\test\images\shwd_000778.jpg,D:\Desktop\capstone\data\merged\ppe_split\test\labels\shwd_000778.txt,,False,0,True,1,1,FP_pred_no_helmet_but_no_label3
test,D:\Desktop\capstone\data\merged\ppe_split\test\images\shwd_000788.jpg,D:\Desktop\capstone\data\merged\ppe_split\test\labels\shwd_000788.txt,,False,0,False,0,0,TN_no_pred_no_helmet_and_no_label3
test,D:\Desktop\capstone\data\merged\ppe_split\test\images\shwd_000792.jpg,D:\Desktop\capstone\data\merged\ppe_split\test\labels\shwd_000792.txt,,False,0,False,0,1,TN_no_pred_no_helmet_and_no_label3
test,D:\Desktop\capstone\data\merged\ppe_split\test\images\shwd_000802.jpg,D:\Desktop\capstone\data\merged\ppe_split\test\labels\shwd_000802.txt,,False,0,False,0,3,TN_no_pred_no_helmet_and_no_label3
test,D:\Desktop\capstone\data\merged\ppe_split\test\images\shwd_000804.jpg,D:\Desktop\capstone\data\merged\ppe_split\test\labels\shwd_000804.txt,,False,0,False,0,5,TN_no_pred_no_helmet_and_no_label3
test,D:\Desktop\capstone\data\merged\ppe_split\test\images\shwd_000808.jpg,D:\Desktop\capstone\data\merged\ppe_split\test\labels\shwd_000808.txt,,False,0,False,0,2,TN_no_pred_no_helmet_and_no_label3
test,D:\Desktop\capstone\data\merged\ppe_split\test\images\shwd_000817.jpg,D:\Desktop\capstone\data\merged\ppe_split\test\labels\shwd_000817.txt,,False,0,False,0,3,TN_no_pred_no_helmet_and_no_label3
test,D:\Desktop\capstone\data\merged\ppe_split\test\images\shwd_000819.jpg,D:\Desktop\capstone\data\merged\ppe_split\test\labels\shwd_000819.txt,,False,0,False,0,1,TN_no_pred_no_helmet_and_no_label3
test,D:\Desktop\capstone\data\merged\ppe_split\test\images\shwd_000830.jpg,D:\Desktop\capstone\data\merged\ppe_split\test\labels\shwd_000830.txt,,False,0,True,1,1,FP_pred_no_helmet_but_no_label3
test,D:\Desktop\capstone\data\merged\ppe_split\test\images\shwd_000832.jpg,D:\Desktop\capstone\data\merged\ppe_split\test\labels\shwd_000832.txt,,False,0,False,0,0,TN_no_pred_no_helmet_and_no_label3
test,D:\Desktop\capstone\data\merged\ppe_split\test\images\shwd_000860.jpg,D:\Desktop\capstone\data\merged\ppe_split\test\labels\shwd_000860.txt,,False,0,False,0,2,TN_no_pred_no_helmet_and_no_label3
test,D:\Desktop\capstone\data\merged\ppe_split\test\images\shwd_000887.jpg,D:\Desktop\capstone\data\merged\ppe_split\test\labels\shwd_000887.txt,,False,0,False,0,1,TN_no_pred_no_helmet_and_no_label3
test,D:\Desktop\capstone\data\merged\ppe_split\test\images\shwd_000914.jpg,D:\Desktop\capstone\data\merged\ppe_split\test\labels\shwd_000914.txt,,False,0,False,0,1,TN_no_pred_no_helmet_and_no_label3
test,D:\Desktop\capstone\data\merged\ppe_split\test\images\shwd_000917.jpg,D:\Desktop\capstone\data\merged\ppe_split\test\labels\shwd_000917.txt,,False,0,False,0,3,TN_no_pred_no_helmet_and_no_label3
test,D:\Desktop\capstone\data\merged\ppe_split\test\images\shwd_000923.jpg,D:\Desktop\capstone\data\merged\ppe_split\test\labels\shwd_000923.txt,,False,0,False,0,2,TN_no_pred_no_helmet_and_no_label3
test,D:\Desktop\capstone\data\merged\ppe_split\test\images\shwd_000930.jpg,D:\Desktop\capstone\data\merged\ppe_split\test\labels\shwd_000930.txt,,False,0,False,0,0,TN_no_pred_no_helmet_and_no_label3
test,D:\Desktop\capstone\data\merged\ppe_split\test\images\shwd_000935.jpg,D:\Desktop\capstone\data\merged\ppe_split\test\labels\shwd_000935.txt,,False,0,False,0,1,TN_no_pred_no_helmet_and_no_label3
test,D:\Desktop\capstone\data\merged\ppe_split\test\images\shwd_000940.jpg,D:\Desktop\capstone\data\merged\ppe_split\test\labels\shwd_000940.txt,,False,0,True,1,4,FP_pred_no_helmet_but_no_label3
test,D:\Desktop\capstone\data\merged\ppe_split\test\images\shwd_000944.jpg,D:\Desktop\capstone\data\merged\ppe_split\test\labels\shwd_000944.txt,,False,0,True,2,2,FP_pred_no_helmet_but_no_label3
test,D:\Desktop\capstone\data\merged\ppe_split\test\images\shwd_000947.jpg,D:\Desktop\capstone\data\merged\ppe_split\test\labels\shwd_000947.txt,,False,0,False,0,1,TN_no_pred_no_helmet_and_no_label3
test,D:\Desktop\capstone\data\merged\ppe_split\test\images\shwd_000950.jpg,D:\Desktop\capstone\data\merged\ppe_split\test\labels\shwd_000950.txt,,False,0,False,0,1,TN_no_pred_no_helmet_and_no_label3
test,D:\Desktop\capstone\data\merged\ppe_split\test\images\shwd_000951.jpg,D:\Desktop\capstone\data\merged\ppe_split\test\labels\shwd_000951.txt,,False,0,False,0,1,TN_no_pred_no_helmet_and_no_label3
test,D:\Desktop\capstone\data\merged\ppe_split\test\images\shwd_000953.jpg,D:\Desktop\capstone\data\merged\ppe_split\test\labels\shwd_000953.txt,,False,0,True,1,9,FP_pred_no_helmet_but_no_label3
test,D:\Desktop\capstone\data\merged\ppe_split\test\images\shwd_000954.jpg,D:\Desktop\capstone\data\merged\ppe_split\test\labels\shwd_000954.txt,,False,0,True,1,3,FP_pred_no_helmet_but_no_label3
test,D:\Desktop\capstone\data\merged\ppe_split\test\images\shwd_000966.jpg,D:\Desktop\capstone\data\merged\ppe_split\test\labels\shwd_000966.txt,,False,0,False,0,2,TN_no_pred_no_helmet_and_no_label3
test,D:\Desktop\capstone\data\merged\ppe_split\test\images\shwd_000968.jpg,D:\Desktop\capstone\data\merged\ppe_split\test\labels\shwd_000968.txt,,False,0,False,0,1,TN_no_pred_no_helmet_and_no_label3
test,D:\Desktop\capstone\data\merged\ppe_split\test\images\shwd_000975.jpg,D:\Desktop\capstone\data\merged\ppe_split\test\labels\shwd_000975.txt,,False,0,False,0,0,TN_no_pred_no_helmet_and_no_label3
test,D:\Desktop\capstone\data\merged\ppe_split\test\images\shwd_000993.jpg,D:\Desktop\capstone\data\merged\ppe_split\test\labels\shwd_000993.txt,,False,0,False,0,0,TN_no_pred_no_helmet_and_no_label3
test,D:\Desktop\capstone\data\merged\ppe_split\test\images\shwd_001015.jpg,D:\Desktop\capstone\data\merged\ppe_split\test\labels\shwd_001015.txt,,False,0,False,0,4,TN_no_pred_no_helmet_and_no_label3
test,D:\Desktop\capstone\data\merged\ppe_split\test\images\shwd_001037.jpg,D:\Desktop\capstone\data\merged\ppe_split\test\labels\shwd_001037.txt,,False,0,False,0,1,TN_no_pred_no_helmet_and_no_label3
test,D:\Desktop\capstone\data\merged\ppe_split\test\images\shwd_001050.jpg,D:\Desktop\capstone\data\merged\ppe_split\test\labels\shwd_001050.txt,,False,0,False,0,2,TN_no_pred_no_helmet_and_no_label3
test,D:\Desktop\capstone\data\merged\ppe_split\test\images\shwd_001061.jpg,D:\Desktop\capstone\data\merged\ppe_split\test\labels\shwd_001061.txt,,False,0,False,0,2,TN_no_pred_no_helmet_and_no_label3
test,D:\Desktop\capstone\data\merged\ppe_split\test\images\shwd_001062.jpg,D:\Desktop\capstone\data\merged\ppe_split\test\labels\shwd_001062.txt,,False,0,True,2,2,FP_pred_no_helmet_but_no_label3
test,D:\Desktop\capstone\data\merged\ppe_split\test\images\shwd_001063.jpg,D:\Desktop\capstone\data\merged\ppe_split\test\labels\shwd_001063.txt,,False,0,False,0,1,TN_no_pred_no_helmet_and_no_label3
test,D:\Desktop\capstone\data\merged\ppe_split\test\images\shwd_001066.jpg,D:\Desktop\capstone\data\merged\ppe_split\test\labels\shwd_001066.txt,,False,0,False,0,0,TN_no_pred_no_helmet_and_no_label3
test,D:\Desktop\capstone\data\merged\ppe_split\test\images\shwd_001067.jpg,D:\Desktop\capstone\data\merged\ppe_split\test\labels\shwd_001067.txt,,False,0,False,0,0,TN_no_pred_no_helmet_and_no_label3
test,D:\Desktop\capstone\data\merged\ppe_split\test\images\shwd_001071.jpg,D:\Desktop\capstone\data\merged\ppe_split\test\labels\shwd_001071.txt,,False,0,False,0,1,TN_no_pred_no_helmet_and_no_label3
test,D:\Desktop\capstone\data\merged\ppe_split\test\images\shwd_001094.jpg,D:\Desktop\capstone\data\merged\ppe_split\test\labels\shwd_001094.txt,,False,0,False,0,5,TN_no_pred_no_helmet_and_no_label3
test,D:\Desktop\capstone\data\merged\ppe_split\test\images\shwd_001120.jpg,D:\Desktop\capstone\data\merged\ppe_split\test\labels\shwd_001120.txt,,False,0,False,0,1,TN_no_pred_no_helmet_and_no_label3
test,D:\Desktop\capstone\data\merged\ppe_split\test\images\shwd_001122.jpg,D:\Desktop\capstone\data\merged\ppe_split\test\labels\shwd_001122.txt,,False,0,False,0,2,TN_no_pred_no_helmet_and_no_label3
test,D:\Desktop\capstone\data\merged\ppe_split\test\images\shwd_001136.jpg,D:\Desktop\capstone\data\merged\ppe_split\test\labels\shwd_001136.txt,,False,0,False,0,0,TN_no_pred_no_helmet_and_no_label3
test,D:\Desktop\capstone\data\merged\ppe_split\test\images\shwd_001156.jpg,D:\Desktop\capstone\data\merged\ppe_split\test\labels\shwd_001156.txt,,False,0,False,0,1,TN_no_pred_no_helmet_and_no_label3
test,D:\Desktop\capstone\data\merged\ppe_split\test\images\shwd_001187.jpg,D:\Desktop\capstone\data\merged\ppe_split\test\labels\shwd_001187.txt,,False,0,False,0,1,TN_no_pred_no_helmet_and_no_label3
test,D:\Desktop\capstone\data\merged\ppe_split\test\images\shwd_001190.jpg,D:\Desktop\capstone\data\merged\ppe_split\test\labels\shwd_001190.txt,,False,0,False,0,2,TN_no_pred_no_helmet_and_no_label3
test,D:\Desktop\capstone\data\merged\ppe_split\test\images\shwd_001208.jpg,D:\Desktop\capstone\data\merged\ppe_split\test\labels\shwd_001208.txt,,False,0,True,1,1,FP_pred_no_helmet_but_no_label3
test,D:\Desktop\capstone\data\merged\ppe_split\test\images\shwd_001216.jpg,D:\Desktop\capstone\data\merged\ppe_split\test\labels\shwd_001216.txt,,False,0,False,0,1,TN_no_pred_no_helmet_and_no_label3
test,D:\Desktop\capstone\data\merged\ppe_split\test\images\shwd_001230.jpg,D:\Desktop\capstone\data\merged\ppe_split\test\labels\shwd_001230.txt,,False,0,False,0,1,TN_no_pred_no_helmet_and_no_label3
test,D:\Desktop\capstone\data\merged\ppe_split\test\images\shwd_001238.jpg,D:\Desktop\capstone\data\merged\ppe_split\test\labels\shwd_001238.txt,,False,0,False,0,11,TN_no_pred_no_helmet_and_no_label3
test,D:\Desktop\capstone\data\merged\ppe_split\test\images\shwd_001243.jpg,D:\Desktop\capstone\data\merged\ppe_split\test\labels\shwd_001243.txt,,False,0,False,0,1,TN_no_pred_no_helmet_and_no_label3
test,D:\Desktop\capstone\data\merged\ppe_split\test\images\shwd_001246.jpg,D:\Desktop\capstone\data\merged\ppe_split\test\labels\shwd_001246.txt,,False,0,True,1,1,FP_pred_no_helmet_but_no_label3
test,D:\Desktop\capstone\data\merged\ppe_split\test\images\shwd_001251.jpg,D:\Desktop\capstone\data\merged\ppe_split\test\labels\shwd_001251.txt,,False,0,False,0,2,TN_no_pred_no_helmet_and_no_label3
test,D:\Desktop\capstone\data\merged\ppe_split\test\images\shwd_001264.jpg,D:\Desktop\capstone\data\merged\ppe_split\test\labels\shwd_001264.txt,,False,0,False,0,1,TN_no_pred_no_helmet_and_no_label3
test,D:\Desktop\capstone\data\merged\ppe_split\test\images\shwd_001276.jpg,D:\Desktop\capstone\data\merged\ppe_split\test\labels\shwd_001276.txt,,False,0,False,0,1,TN_no_pred_no_helmet_and_no_label3
test,D:\Desktop\capstone\data\merged\ppe_split\test\images\shwd_001287.jpg,D:\Desktop\capstone\data\merged\ppe_split\test\labels\shwd_001287.txt,,False,0,False,0,1,TN_no_pred_no_helmet_and_no_label3
test,D:\Desktop\capstone\data\merged\ppe_split\test\images\shwd_001290.jpg,D:\Desktop\capstone\data\merged\ppe_split\test\labels\shwd_001290.txt,,False,0,False,0,0,TN_no_pred_no_helmet_and_no_label3
test,D:\Desktop\capstone\data\merged\ppe_split\test\images\shwd_001306.jpg,D:\Desktop\capstone\data\merged\ppe_split\test\labels\shwd_001306.txt,,False,0,True,1,3,FP_pred_no_helmet_but_no_label3
test,D:\Desktop\capstone\data\merged\ppe_split\test\images\shwd_001312.jpg,D:\Desktop\capstone\data\merged\ppe_split\test\labels\shwd_001312.txt,,False,0,False,0,0,TN_no_pred_no_helmet_and_no_label3
test,D:\Desktop\capstone\data\merged\ppe_split\test\images\shwd_001320.jpg,D:\Desktop\capstone\data\merged\ppe_split\test\labels\shwd_001320.txt,,False,0,True,1,1,FP_pred_no_helmet_but_no_label3
test,D:\Desktop\capstone\data\merged\ppe_split\test\images\shwd_001323.jpg,D:\Desktop\capstone\data\merged\ppe_split\test\labels\shwd_001323.txt,,False,0,False,0,0,TN_no_pred_no_helmet_and_no_label3
test,D:\Desktop\capstone\data\merged\ppe_split\test\images\shwd_001342.jpg,D:\Desktop\capstone\data\merged\ppe_split\test\labels\shwd_001342.txt,,False,0,False,0,6,TN_no_pred_no_helmet_and_no_label3
test,D:\Desktop\capstone\data\merged\ppe_split\test\images\shwd_001358.jpg,D:\Desktop\capstone\data\merged\ppe_split\test\labels\shwd_001358.txt,,False,0,False,0,4,TN_no_pred_no_helmet_and_no_label3
test,D:\Desktop\capstone\data\merged\ppe_split\test\images\shwd_001360.jpg,D:\Desktop\capstone\data\merged\ppe_split\test\labels\shwd_001360.txt,,False,0,False,0,2,TN_no_pred_no_helmet_and_no_label3
test,D:\Desktop\capstone\data\merged\ppe_split\test\images\shwd_001362.jpg,D:\Desktop\capstone\data\merged\ppe_split\test\labels\shwd_001362.txt,,False,0,False,0,1,TN_no_pred_no_helmet_and_no_label3
test,D:\Desktop\capstone\data\merged\ppe_split\test\images\shwd_001367.jpg,D:\Desktop\capstone\data\merged\ppe_split\test\labels\shwd_001367.txt,,False,0,True,2,5,FP_pred_no_helmet_but_no_label3
test,D:\Desktop\capstone\data\merged\ppe_split\test\images\shwd_001374.jpg,D:\Desktop\capstone\data\merged\ppe_split\test\labels\shwd_001374.txt,,False,0,False,0,0,TN_no_pred_no_helmet_and_no_label3
test,D:\Desktop\capstone\data\merged\ppe_split\test\images\shwd_001382.jpg,D:\Desktop\capstone\data\merged\ppe_split\test\labels\shwd_001382.txt,,False,0,True,2,4,FP_pred_no_helmet_but_no_label3
test,D:\Desktop\capstone\data\merged\ppe_split\test\images\shwd_001383.jpg,D:\Desktop\capstone\data\merged\ppe_split\test\labels\shwd_001383.txt,,False,0,False,0,1,TN_no_pred_no_helmet_and_no_label3
test,D:\Desktop\capstone\data\merged\ppe_split\test\images\shwd_001385.jpg,D:\Desktop\capstone\data\merged\ppe_split\test\labels\shwd_001385.txt,,False,0,True,1,1,FP_pred_no_helmet_but_no_label3
test,D:\Desktop\capstone\data\merged\ppe_split\test\images\shwd_001433.jpg,D:\Desktop\capstone\data\merged\ppe_split\test\labels\shwd_001433.txt,,False,0,False,0,0,TN_no_pred_no_helmet_and_no_label3
test,D:\Desktop\capstone\data\merged\ppe_split\test\images\shwd_001449.jpg,D:\Desktop\capstone\data\merged\ppe_split\test\labels\shwd_001449.txt,,False,0,False,0,5,TN_no_pred_no_helmet_and_no_label3
test,D:\Desktop\capstone\data\merged\ppe_split\test\images\shwd_001450.jpg,D:\Desktop\capstone\data\merged\ppe_split\test\labels\shwd_001450.txt,,False,0,False,0,1,TN_no_pred_no_helmet_and_no_label3
test,D:\Desktop\capstone\data\merged\ppe_split\test\images\shwd_001466.jpg,D:\Desktop\capstone\data\merged\ppe_split\test\labels\shwd_001466.txt,,False,0,False,0,1,TN_no_pred_no_helmet_and_no_label3
test,D:\Desktop\capstone\data\merged\ppe_split\test\images\shwd_001483.jpg,D:\Desktop\capstone\data\merged\ppe_split\test\labels\shwd_001483.txt,,False,0,False,0,1,TN_no_pred_no_helmet_and_no_label3
test,D:\Desktop\capstone\data\merged\ppe_split\test\images\shwd_001492.jpg,D:\Desktop\capstone\data\merged\ppe_split\test\labels\shwd_001492.txt,,False,0,False,0,1,TN_no_pred_no_helmet_and_no_label3
test,D:\Desktop\capstone\data\merged\ppe_split\test\images\shwd_001498.jpg,D:\Desktop\capstone\data\merged\ppe_split\test\labels\shwd_001498.txt,,False,0,False,0,1,TN_no_pred_no_helmet_and_no_label3
test,D:\Desktop\capstone\data\merged\ppe_split\test\images\shwd_001500.jpg,D:\Desktop\capstone\data\merged\ppe_split\test\labels\shwd_001500.txt,,False,0,False,0,1,TN_no_pred_no_helmet_and_no_label3
test,D:\Desktop\capstone\data\merged\ppe_split\test\images\shwd_001506.jpg,D:\Desktop\capstone\data\merged\ppe_split\test\labels\shwd_001506.txt,,False,0,True,1,1,FP_pred_no_helmet_but_no_label3
test,D:\Desktop\capstone\data\merged\ppe_split\test\images\shwd_001513.jpg,D:\Desktop\capstone\data\merged\ppe_split\test\labels\shwd_001513.txt,,False,0,False,0,1,TN_no_pred_no_helmet_and_no_label3
test,D:\Desktop\capstone\data\merged\ppe_split\test\images\shwd_001515.jpg,D:\Desktop\capstone\data\merged\ppe_split\test\labels\shwd_001515.txt,,False,0,False,0,1,TN_no_pred_no_helmet_and_no_label3
test,D:\Desktop\capstone\data\merged\ppe_split\test\images\shwd_001526.jpg,D:\Desktop\capstone\data\merged\ppe_split\test\labels\shwd_001526.txt,,False,0,False,0,2,TN_no_pred_no_helmet_and_no_label3
test,D:\Desktop\capstone\data\merged\ppe_split\test\images\shwd_001549.jpg,D:\Desktop\capstone\data\merged\ppe_split\test\labels\shwd_001549.txt,,False,0,False,0,1,TN_no_pred_no_helmet_and_no_label3
test,D:\Desktop\capstone\data\merged\ppe_split\test\images\shwd_001551.jpg,D:\Desktop\capstone\data\merged\ppe_split\test\labels\shwd_001551.txt,,False,0,False,0,1,TN_no_pred_no_helmet_and_no_label3
test,D:\Desktop\capstone\data\merged\ppe_split\test\images\shwd_001563.jpg,D:\Desktop\capstone\data\merged\ppe_split\test\labels\shwd_001563.txt,,False,0,False,0,0,TN_no_pred_no_helmet_and_no_label3
test,D:\Desktop\capstone\data\merged\ppe_split\test\images\shwd_001573.jpg,D:\Desktop\capstone\data\merged\ppe_split\test\labels\shwd_001573.txt,,False,0,False,0,0,TN_no_pred_no_helmet_and_no_label3
test,D:\Desktop\capstone\data\merged\ppe_split\test\images\shwd_001580.jpg,D:\Desktop\capstone\data\merged\ppe_split\test\labels\shwd_001580.txt,,False,0,False,0,1,TN_no_pred_no_helmet_and_no_label3
test,D:\Desktop\capstone\data\merged\ppe_split\test\images\shwd_001581.jpg,D:\Desktop\capstone\data\merged\ppe_split\test\labels\shwd_001581.txt,,False,0,False,0,1,TN_no_pred_no_helmet_and_no_label3
test,D:\Desktop\capstone\data\merged\ppe_split\test\images\shwd_001602.jpg,D:\Desktop\capstone\data\merged\ppe_split\test\labels\shwd_001602.txt,,False,0,True,2,2,FP_pred_no_helmet_but_no_label3
test,D:\Desktop\capstone\data\merged\ppe_split\test\images\shwd_001611.jpg,D:\Desktop\capstone\data\merged\ppe_split\test\labels\shwd_001611.txt,,False,0,False,0,0,TN_no_pred_no_helmet_and_no_label3
test,D:\Desktop\capstone\data\merged\ppe_split\test\images\shwd_001625.jpg,D:\Desktop\capstone\data\merged\ppe_split\test\labels\shwd_001625.txt,,False,0,False,0,1,TN_no_pred_no_helmet_and_no_label3
test,D:\Desktop\capstone\data\merged\ppe_split\test\images\shwd_001653.jpg,D:\Desktop\capstone\data\merged\ppe_split\test\labels\shwd_001653.txt,,False,0,False,0,0,TN_no_pred_no_helmet_and_no_label3
test,D:\Desktop\capstone\data\merged\ppe_split\test\images\shwd_001658.jpg,D:\Desktop\capstone\data\merged\ppe_split\test\labels\shwd_001658.txt,,False,0,False,0,1,TN_no_pred_no_helmet_and_no_label3
test,D:\Desktop\capstone\data\merged\ppe_split\test\images\shwd_part2_000001.jpg,D:\Desktop\capstone\data\merged\ppe_split\test\labels\shwd_part2_000001.txt,,False,0,False,0,1,TN_no_pred_no_helmet_and_no_label3
test,D:\Desktop\capstone\data\merged\ppe_split\test\images\shwd_part2_000031.jpg,D:\Desktop\capstone\data\merged\ppe_split\test\labels\shwd_part2_000031.txt,,False,0,False,0,3,TN_no_pred_no_helmet_and_no_label3
test,D:\Desktop\capstone\data\merged\ppe_split\test\images\shwd_part2_000043.jpg,D:\Desktop\capstone\data\merged\ppe_split\test\labels\shwd_part2_000043.txt,,False,0,True,1,2,FP_pred_no_helmet_but_no_label3
test,D:\Desktop\capstone\data\merged\ppe_split\test\images\shwd_part2_000059.jpg,D:\Desktop\capstone\data\merged\ppe_split\test\labels\shwd_part2_000059.txt,,False,0,False,0,1,TN_no_pred_no_helmet_and_no_label3
test,D:\Desktop\capstone\data\merged\ppe_split\test\images\shwd_part2_000086.jpg,D:\Desktop\capstone\data\merged\ppe_split\test\labels\shwd_part2_000086.txt,,False,0,False,0,1,TN_no_pred_no_helmet_and_no_label3
test,D:\Desktop\capstone\data\merged\ppe_split\test\images\shwd_part2_000102.jpg,D:\Desktop\capstone\data\merged\ppe_split\test\labels\shwd_part2_000102.txt,,False,0,False,0,1,TN_no_pred_no_helmet_and_no_label3
test,D:\Desktop\capstone\data\merged\ppe_split\test\images\shwd_part2_000133.jpg,D:\Desktop\capstone\data\merged\ppe_split\test\labels\shwd_part2_000133.txt,,False,0,False,0,1,TN_no_pred_no_helmet_and_no_label3
test,D:\Desktop\capstone\data\merged\ppe_split\test\images\shwd_part2_000137.jpg,D:\Desktop\capstone\data\merged\ppe_split\test\labels\shwd_part2_000137.txt,,False,0,False,0,3,TN_no_pred_no_helmet_and_no_label3
test,D:\Desktop\capstone\data\merged\ppe_split\test\images\shwd_part2_000147.jpg,D:\Desktop\capstone\data\merged\ppe_split\test\labels\shwd_part2_000147.txt,,False,0,False,0,0,TN_no_pred_no_helmet_and_no_label3
test,D:\Desktop\capstone\data\merged\ppe_split\test\images\shwd_part2_000162.jpg,D:\Desktop\capstone\data\merged\ppe_split\test\labels\shwd_part2_000162.txt,,False,0,False,0,1,TN_no_pred_no_helmet_and_no_label3
test,D:\Desktop\capstone\data\merged\ppe_split\test\images\shwd_part2_000166.jpg,D:\Desktop\capstone\data\merged\ppe_split\test\labels\shwd_part2_000166.txt,,False,0,False,0,1,TN_no_pred_no_helmet_and_no_label3
test,D:\Desktop\capstone\data\merged\ppe_split\test\images\shwd_part2_000167.jpg,D:\Desktop\capstone\data\merged\ppe_split\test\labels\shwd_part2_000167.txt,,False,0,False,0,1,TN_no_pred_no_helmet_and_no_label3
test,D:\Desktop\capstone\data\merged\ppe_split\test\images\shwd_part2_000203.jpg,D:\Desktop\capstone\data\merged\ppe_split\test\labels\shwd_part2_000203.txt,,False,0,False,0,2,TN_no_pred_no_helmet_and_no_label3
test,D:\Desktop\capstone\data\merged\ppe_split\test\images\shwd_part2_000216.jpg,D:\Desktop\capstone\data\merged\ppe_split\test\labels\shwd_part2_000216.txt,,False,0,False,0,1,TN_no_pred_no_helmet_and_no_label3
test,D:\Desktop\capstone\data\merged\ppe_split\test\images\shwd_part2_000220.jpg,D:\Desktop\capstone\data\merged\ppe_split\test\labels\shwd_part2_000220.txt,,False,0,False,0,1,TN_no_pred_no_helmet_and_no_label3
test,D:\Desktop\capstone\data\merged\ppe_split\test\images\shwd_part2_000228.jpg,D:\Desktop\capstone\data\merged\ppe_split\test\labels\shwd_part2_000228.txt,,False,0,False,0,7,TN_no_pred_no_helmet_and_no_label3
test,D:\Desktop\capstone\data\merged\ppe_split\test\images\shwd_part2_000271.jpg,D:\Desktop\capstone\data\merged\ppe_split\test\labels\shwd_part2_000271.txt,,False,0,True,1,2,FP_pred_no_helmet_but_no_label3
test,D:\Desktop\capstone\data\merged\ppe_split\test\images\shwd_part2_000281.jpg,D:\Desktop\capstone\data\merged\ppe_split\test\labels\shwd_part2_000281.txt,,False,0,False,0,2,TN_no_pred_no_helmet_and_no_label3
test,D:\Desktop\capstone\data\merged\ppe_split\test\images\shwd_part2_000303.jpg,D:\Desktop\capstone\data\merged\ppe_split\test\labels\shwd_part2_000303.txt,,False,0,True,1,3,FP_pred_no_helmet_but_no_label3
test,D:\Desktop\capstone\data\merged\ppe_split\test\images\shwd_part2_000335.jpg,D:\Desktop\capstone\data\merged\ppe_split\test\labels\shwd_part2_000335.txt,,False,0,True,1,2,FP_pred_no_helmet_but_no_label3
test,D:\Desktop\capstone\data\merged\ppe_split\test\images\shwd_part2_000341.jpg,D:\Desktop\capstone\data\merged\ppe_split\test\labels\shwd_part2_000341.txt,,False,0,False,0,2,TN_no_pred_no_helmet_and_no_label3
test,D:\Desktop\capstone\data\merged\ppe_split\test\images\shwd_part2_000342.jpg,D:\Desktop\capstone\data\merged\ppe_split\test\labels\shwd_part2_000342.txt,,False,0,False,0,1,TN_no_pred_no_helmet_and_no_label3
test,D:\Desktop\capstone\data\merged\ppe_split\test\images\shwd_part2_000346.jpg,D:\Desktop\capstone\data\merged\ppe_split\test\labels\shwd_part2_000346.txt,,False,0,True,1,2,FP_pred_no_helmet_but_no_label3
test,D:\Desktop\capstone\data\merged\ppe_split\test\images\shwd_part2_000352.jpg,D:\Desktop\capstone\data\merged\ppe_split\test\labels\shwd_part2_000352.txt,,False,0,False,0,2,TN_no_pred_no_helmet_and_no_label3
test,D:\Desktop\capstone\data\merged\ppe_split\test\images\shwd_part2_000353.jpg,D:\Desktop\capstone\data\merged\ppe_split\test\labels\shwd_part2_000353.txt,,False,0,False,0,2,TN_no_pred_no_helmet_and_no_label3
test,D:\Desktop\capstone\data\merged\ppe_split\test\images\shwd_part2_000373.jpg,D:\Desktop\capstone\data\merged\ppe_split\test\labels\shwd_part2_000373.txt,,False,0,True,1,1,FP_pred_no_helmet_but_no_label3
test,D:\Desktop\capstone\data\merged\ppe_split\test\images\shwd_part2_000384.jpg,D:\Desktop\capstone\data\merged\ppe_split\test\labels\shwd_part2_000384.txt,,False,0,False,0,1,TN_no_pred_no_helmet_and_no_label3
test,D:\Desktop\capstone\data\merged\ppe_split\test\images\shwd_part2_000413.jpg,D:\Desktop\capstone\data\merged\ppe_split\test\labels\shwd_part2_000413.txt,,False,0,False,0,1,TN_no_pred_no_helmet_and_no_label3
test,D:\Desktop\capstone\data\merged\ppe_split\test\images\shwd_part2_000418.jpg,D:\Desktop\capstone\data\merged\ppe_split\test\labels\shwd_part2_000418.txt,,False,0,False,0,1,TN_no_pred_no_helmet_and_no_label3
test,D:\Desktop\capstone\data\merged\ppe_split\test\images\shwd_part2_000484.jpg,D:\Desktop\capstone\data\merged\ppe_split\test\labels\shwd_part2_000484.txt,,False,0,False,0,4,TN_no_pred_no_helmet_and_no_label3
test,D:\Desktop\capstone\data\merged\ppe_split\test\images\shwd_part2_000546.jpg,D:\Desktop\capstone\data\merged\ppe_split\test\labels\shwd_part2_000546.txt,,False,0,False,0,1,TN_no_pred_no_helmet_and_no_label3
test,D:\Desktop\capstone\data\merged\ppe_split\test\images\shwd_part2_000547.jpg,D:\Desktop\capstone\data\merged\ppe_split\test\labels\shwd_part2_000547.txt,,False,0,True,1,1,FP_pred_no_helmet_but_no_label3
test,D:\Desktop\capstone\data\merged\ppe_split\test\images\shwd_part2_000557.jpg,D:\Desktop\capstone\data\merged\ppe_split\test\labels\shwd_part2_000557.txt,,False,0,False,0,3,TN_no_pred_no_helmet_and_no_label3
test,D:\Desktop\capstone\data\merged\ppe_split\test\images\shwd_part2_000570.jpg,D:\Desktop\capstone\data\merged\ppe_split\test\labels\shwd_part2_000570.txt,,False,0,False,0,2,TN_no_pred_no_helmet_and_no_label3
test,D:\Desktop\capstone\data\merged\ppe_split\test\images\shwd_part2_000575.jpg,D:\Desktop\capstone\data\merged\ppe_split\test\labels\shwd_part2_000575.txt,,False,0,False,0,1,TN_no_pred_no_helmet_and_no_label3
test,D:\Desktop\capstone\data\merged\ppe_split\test\images\shwd_part2_000581.jpg,D:\Desktop\capstone\data\merged\ppe_split\test\labels\shwd_part2_000581.txt,,False,0,False,0,3,TN_no_pred_no_helmet_and_no_label3
test,D:\Desktop\capstone\data\merged\ppe_split\test\images\shwd_part2_000584.jpg,D:\Desktop\capstone\data\merged\ppe_split\test\labels\shwd_part2_000584.txt,,False,0,False,0,1,TN_no_pred_no_helmet_and_no_label3
test,D:\Desktop\capstone\data\merged\ppe_split\test\images\shwd_part2_000588.jpg,D:\Desktop\capstone\data\merged\ppe_split\test\labels\shwd_part2_000588.txt,,False,0,False,0,1,TN_no_pred_no_helmet_and_no_label3
test,D:\Desktop\capstone\data\merged\ppe_split\test\images\shwd_part2_000608.jpg,D:\Desktop\capstone\data\merged\ppe_split\test\labels\shwd_part2_000608.txt,,False,0,False,0,1,TN_no_pred_no_helmet_and_no_label3
test,D:\Desktop\capstone\data\merged\ppe_split\test\images\shwd_part2_000609.jpg,D:\Desktop\capstone\data\merged\ppe_split\test\labels\shwd_part2_000609.txt,,False,0,False,0,0,TN_no_pred_no_helmet_and_no_label3
test,D:\Desktop\capstone\data\merged\ppe_split\test\images\shwd_part2_000620.jpg,D:\Desktop\capstone\data\merged\ppe_split\test\labels\shwd_part2_000620.txt,,False,0,False,0,2,TN_no_pred_no_helmet_and_no_label3
test,D:\Desktop\capstone\data\merged\ppe_split\test\images\shwd_part2_000624.jpg,D:\Desktop\capstone\data\merged\ppe_split\test\labels\shwd_part2_000624.txt,,False,0,False,0,5,TN_no_pred_no_helmet_and_no_label3
test,D:\Desktop\capstone\data\merged\ppe_split\test\images\shwd_part2_000633.jpg,D:\Desktop\capstone\data\merged\ppe_split\test\labels\shwd_part2_000633.txt,,False,0,False,0,1,TN_no_pred_no_helmet_and_no_label3
test,D:\Desktop\capstone\data\merged\ppe_split\test\images\shwd_part2_000641.jpg,D:\Desktop\capstone\data\merged\ppe_split\test\labels\shwd_part2_000641.txt,,False,0,False,0,4,TN_no_pred_no_helmet_and_no_label3
test,D:\Desktop\capstone\data\merged\ppe_split\test\images\shwd_part2_000665.jpg,D:\Desktop\capstone\data\merged\ppe_split\test\labels\shwd_part2_000665.txt,,False,0,False,0,1,TN_no_pred_no_helmet_and_no_label3
test,D:\Desktop\capstone\data\merged\ppe_split\test\images\shwd_part2_000668.jpg,D:\Desktop\capstone\data\merged\ppe_split\test\labels\shwd_part2_000668.txt,,False,0,False,0,0,TN_no_pred_no_helmet_and_no_label3
test,D:\Desktop\capstone\data\merged\ppe_split\test\images\shwd_part2_000675.jpg,D:\Desktop\capstone\data\merged\ppe_split\test\labels\shwd_part2_000675.txt,,False,0,False,0,2,TN_no_pred_no_helmet_and_no_label3
test,D:\Desktop\capstone\data\merged\ppe_split\test\images\shwd_part2_000693.jpg,D:\Desktop\capstone\data\merged\ppe_split\test\labels\shwd_part2_000693.txt,,False,0,False,0,4,TN_no_pred_no_helmet_and_no_label3
test,D:\Desktop\capstone\data\merged\ppe_split\test\images\shwd_part2_000705.jpg,D:\Desktop\capstone\data\merged\ppe_split\test\labels\shwd_part2_000705.txt,,False,0,False,0,1,TN_no_pred_no_helmet_and_no_label3
test,D:\Desktop\capstone\data\merged\ppe_split\test\images\shwd_part2_000726.jpg,D:\Desktop\capstone\data\merged\ppe_split\test\labels\shwd_part2_000726.txt,,False,0,False,0,0,TN_no_pred_no_helmet_and_no_label3
test,D:\Desktop\capstone\data\merged\ppe_split\test\images\shwd_part2_000733.jpg,D:\Desktop\capstone\data\merged\ppe_split\test\labels\shwd_part2_000733.txt,,False,0,False,0,6,TN_no_pred_no_helmet_and_no_label3
test,D:\Desktop\capstone\data\merged\ppe_split\test\images\shwd_part2_000743.jpg,D:\Desktop\capstone\data\merged\ppe_split\test\labels\shwd_part2_000743.txt,,False,0,False,0,1,TN_no_pred_no_helmet_and_no_label3
test,D:\Desktop\capstone\data\merged\ppe_split\test\images\shwd_part2_000831.jpg,D:\Desktop\capstone\data\merged\ppe_split\test\labels\shwd_part2_000831.txt,,False,0,True,1,1,FP_pred_no_helmet_but_no_label3
test,D:\Desktop\capstone\data\merged\ppe_split\test\images\shwd_part2_000833.jpg,D:\Desktop\capstone\data\merged\ppe_split\test\labels\shwd_part2_000833.txt,,False,0,True,1,1,FP_pred_no_helmet_but_no_label3
test,D:\Desktop\capstone\data\merged\ppe_split\test\images\shwd_part2_000849.jpg,D:\Desktop\capstone\data\merged\ppe_split\test\labels\shwd_part2_000849.txt,,False,0,False,0,1,TN_no_pred_no_helmet_and_no_label3
test,D:\Desktop\capstone\data\merged\ppe_split\test\images\shwd_part2_000866.jpg,D:\Desktop\capstone\data\merged\ppe_split\test\labels\shwd_part2_000866.txt,,False,0,False,0,2,TN_no_pred_no_helmet_and_no_label3
test,D:\Desktop\capstone\data\merged\ppe_split\test\images\shwd_part2_000868.jpg,D:\Desktop\capstone\data\merged\ppe_split\test\labels\shwd_part2_000868.txt,,False,0,False,0,2,TN_no_pred_no_helmet_and_no_label3
test,D:\Desktop\capstone\data\merged\ppe_split\test\images\shwd_part2_000872.jpg,D:\Desktop\capstone\data\merged\ppe_split\test\labels\shwd_part2_000872.txt,,False,0,False,0,1,TN_no_pred_no_helmet_and_no_label3
test,D:\Desktop\capstone\data\merged\ppe_split\test\images\shwd_part2_000875.jpg,D:\Desktop\capstone\data\merged\ppe_split\test\labels\shwd_part2_000875.txt,,False,0,False,0,2,TN_no_pred_no_helmet_and_no_label3
test,D:\Desktop\capstone\data\merged\ppe_split\test\images\shwd_part2_000876.jpg,D:\Desktop\capstone\data\merged\ppe_split\test\labels\shwd_part2_000876.txt,,False,0,False,0,4,TN_no_pred_no_helmet_and_no_label3
test,D:\Desktop\capstone\data\merged\ppe_split\test\images\shwd_part2_000879.jpg,D:\Desktop\capstone\data\merged\ppe_split\test\labels\shwd_part2_000879.txt,,False,0,False,0,2,TN_no_pred_no_helmet_and_no_label3
test,D:\Desktop\capstone\data\merged\ppe_split\test\images\shwd_part2_000892.jpg,D:\Desktop\capstone\data\merged\ppe_split\test\labels\shwd_part2_000892.txt,,False,0,False,0,1,TN_no_pred_no_helmet_and_no_label3
test,D:\Desktop\capstone\data\merged\ppe_split\test\images\shwd_part2_000920.jpg,D:\Desktop\capstone\data\merged\ppe_split\test\labels\shwd_part2_000920.txt,,False,0,False,0,1,TN_no_pred_no_helmet_and_no_label3
test,D:\Desktop\capstone\data\merged\ppe_split\test\images\shwd_part2_000931.jpg,D:\Desktop\capstone\data\merged\ppe_split\test\labels\shwd_part2_000931.txt,,False,0,False,0,8,TN_no_pred_no_helmet_and_no_label3
test,D:\Desktop\capstone\data\merged\ppe_split\test\images\shwd_part2_000950.jpg,D:\Desktop\capstone\data\merged\ppe_split\test\labels\shwd_part2_000950.txt,,False,0,True,1,4,FP_pred_no_helmet_but_no_label3
test,D:\Desktop\capstone\data\merged\ppe_split\test\images\shwd_part2_000951.jpg,D:\Desktop\capstone\data\merged\ppe_split\test\labels\shwd_part2_000951.txt,,False,0,True,2,6,FP_pred_no_helmet_but_no_label3
test,D:\Desktop\capstone\data\merged\ppe_split\test\images\shwd_part2_000968.jpg,D:\Desktop\capstone\data\merged\ppe_split\test\labels\shwd_part2_000968.txt,,False,0,False,0,1,TN_no_pred_no_helmet_and_no_label3
test,D:\Desktop\capstone\data\merged\ppe_split\test\images\shwd_part2_000972.jpg,D:\Desktop\capstone\data\merged\ppe_split\test\labels\shwd_part2_000972.txt,,False,0,False,0,6,TN_no_pred_no_helmet_and_no_label3
test,D:\Desktop\capstone\data\merged\ppe_split\test\images\shwd_part2_001010.jpg,D:\Desktop\capstone\data\merged\ppe_split\test\labels\shwd_part2_001010.txt,,False,0,False,0,2,TN_no_pred_no_helmet_and_no_label3
test,D:\Desktop\capstone\data\merged\ppe_split\test\images\shwd_part2_001013.jpg,D:\Desktop\capstone\data\merged\ppe_split\test\labels\shwd_part2_001013.txt,,False,0,False,0,1,TN_no_pred_no_helmet_and_no_label3
test,D:\Desktop\capstone\data\merged\ppe_split\test\images\shwd_part2_001029.jpg,D:\Desktop\capstone\data\merged\ppe_split\test\labels\shwd_part2_001029.txt,,False,0,False,0,5,TN_no_pred_no_helmet_and_no_label3
test,D:\Desktop\capstone\data\merged\ppe_split\test\images\shwd_part2_001033.jpg,D:\Desktop\capstone\data\merged\ppe_split\test\labels\shwd_part2_001033.txt,,False,0,False,0,1,TN_no_pred_no_helmet_and_no_label3
test,D:\Desktop\capstone\data\merged\ppe_split\test\images\shwd_part2_001052.jpg,D:\Desktop\capstone\data\merged\ppe_split\test\labels\shwd_part2_001052.txt,,False,0,False,0,0,TN_no_pred_no_helmet_and_no_label3
test,D:\Desktop\capstone\data\merged\ppe_split\test\images\shwd_part2_001053.jpg,D:\Desktop\capstone\data\merged\ppe_split\test\labels\shwd_part2_001053.txt,,False,0,False,0,3,TN_no_pred_no_helmet_and_no_label3
test,D:\Desktop\capstone\data\merged\ppe_split\test\images\shwd_part2_001099.jpg,D:\Desktop\capstone\data\merged\ppe_split\test\labels\shwd_part2_001099.txt,,False,0,False,0,1,TN_no_pred_no_helmet_and_no_label3
test,D:\Desktop\capstone\data\merged\ppe_split\test\images\shwd_part2_001104.jpg,D:\Desktop\capstone\data\merged\ppe_split\test\labels\shwd_part2_001104.txt,,False,0,True,2,2,FP_pred_no_helmet_but_no_label3
test,D:\Desktop\capstone\data\merged\ppe_split\test\images\shwd_part2_001115.jpg,D:\Desktop\capstone\data\merged\ppe_split\test\labels\shwd_part2_001115.txt,,False,0,False,0,1,TN_no_pred_no_helmet_and_no_label3
test,D:\Desktop\capstone\data\merged\ppe_split\test\images\shwd_part2_001185.jpg,D:\Desktop\capstone\data\merged\ppe_split\test\labels\shwd_part2_001185.txt,,False,0,False,0,2,TN_no_pred_no_helmet_and_no_label3
test,D:\Desktop\capstone\data\merged\ppe_split\test\images\shwd_part2_001189.jpg,D:\Desktop\capstone\data\merged\ppe_split\test\labels\shwd_part2_001189.txt,,False,0,False,0,3,TN_no_pred_no_helmet_and_no_label3
test,D:\Desktop\capstone\data\merged\ppe_split\test\images\shwd_part2_001202.jpg,D:\Desktop\capstone\data\merged\ppe_split\test\labels\shwd_part2_001202.txt,,False,0,False,0,0,TN_no_pred_no_helmet_and_no_label3
test,D:\Desktop\capstone\data\merged\ppe_split\test\images\shwd_part2_001215.jpg,D:\Desktop\capstone\data\merged\ppe_split\test\labels\shwd_part2_001215.txt,,False,0,True,2,4,FP_pred_no_helmet_but_no_label3
test,D:\Desktop\capstone\data\merged\ppe_split\test\images\shwd_part2_001235.jpg,D:\Desktop\capstone\data\merged\ppe_split\test\labels\shwd_part2_001235.txt,,False,0,False,0,3,TN_no_pred_no_helmet_and_no_label3
test,D:\Desktop\capstone\data\merged\ppe_split\test\images\shwd_part2_001238.jpg,D:\Desktop\capstone\data\merged\ppe_split\test\labels\shwd_part2_001238.txt,,False,0,False,0,1,TN_no_pred_no_helmet_and_no_label3
test,D:\Desktop\capstone\data\merged\ppe_split\test\images\shwd_part2_001255.jpg,D:\Desktop\capstone\data\merged\ppe_split\test\labels\shwd_part2_001255.txt,,False,0,False,0,3,TN_no_pred_no_helmet_and_no_label3
test,D:\Desktop\capstone\data\merged\ppe_split\test\images\shwd_part2_001281.jpg,D:\Desktop\capstone\data\merged\ppe_split\test\labels\shwd_part2_001281.txt,,False,0,False,0,1,TN_no_pred_no_helmet_and_no_label3
test,D:\Desktop\capstone\data\merged\ppe_split\test\images\shwd_part2_001297.jpg,D:\Desktop\capstone\data\merged\ppe_split\test\labels\shwd_part2_001297.txt,,False,0,False,0,1,TN_no_pred_no_helmet_and_no_label3
test,D:\Desktop\capstone\data\merged\ppe_split\test\images\shwd_part2_001301.jpg,D:\Desktop\capstone\data\merged\ppe_split\test\labels\shwd_part2_001301.txt,,False,0,False,0,3,TN_no_pred_no_helmet_and_no_label3
test,D:\Desktop\capstone\data\merged\ppe_split\test\images\shwd_part2_001311.jpg,D:\Desktop\capstone\data\merged\ppe_split\test\labels\shwd_part2_001311.txt,,False,0,False,0,1,TN_no_pred_no_helmet_and_no_label3
test,D:\Desktop\capstone\data\merged\ppe_split\test\images\shwd_part2_001322.jpg,D:\Desktop\capstone\data\merged\ppe_split\test\labels\shwd_part2_001322.txt,,False,0,False,0,7,TN_no_pred_no_helmet_and_no_label3
test,D:\Desktop\capstone\data\merged\ppe_split\test\images\shwd_part2_001353.jpg,D:\Desktop\capstone\data\merged\ppe_split\test\labels\shwd_part2_001353.txt,,False,0,False,0,1,TN_no_pred_no_helmet_and_no_label3
test,D:\Desktop\capstone\data\merged\ppe_split\test\images\shwd_part2_001358.jpg,D:\Desktop\capstone\data\merged\ppe_split\test\labels\shwd_part2_001358.txt,,False,0,True,1,3,FP_pred_no_helmet_but_no_label3
test,D:\Desktop\capstone\data\merged\ppe_split\test\images\shwd_part2_001384.jpg,D:\Desktop\capstone\data\merged\ppe_split\test\labels\shwd_part2_001384.txt,,False,0,False,0,1,TN_no_pred_no_helmet_and_no_label3
test,D:\Desktop\capstone\data\merged\ppe_split\test\images\shwd_part2_001402.jpg,D:\Desktop\capstone\data\merged\ppe_split\test\labels\shwd_part2_001402.txt,,False,0,False,0,1,TN_no_pred_no_helmet_and_no_label3
test,D:\Desktop\capstone\data\merged\ppe_split\test\images\shwd_part2_001415.jpg,D:\Desktop\capstone\data\merged\ppe_split\test\labels\shwd_part2_001415.txt,,False,0,False,0,0,TN_no_pred_no_helmet_and_no_label3
test,D:\Desktop\capstone\data\merged\ppe_split\test\images\shwd_part2_001452.jpg,D:\Desktop\capstone\data\merged\ppe_split\test\labels\shwd_part2_001452.txt,,False,0,False,0,2,TN_no_pred_no_helmet_and_no_label3
test,D:\Desktop\capstone\data\merged\ppe_split\test\images\shwd_part2_001477.jpg,D:\Desktop\capstone\data\merged\ppe_split\test\labels\shwd_part2_001477.txt,,False,0,False,0,2,TN_no_pred_no_helmet_and_no_label3
test,D:\Desktop\capstone\data\merged\ppe_split\test\images\shwd_part2_001479.jpg,D:\Desktop\capstone\data\merged\ppe_split\test\labels\shwd_part2_001479.txt,,False,0,False,0,1,TN_no_pred_no_helmet_and_no_label3
test,D:\Desktop\capstone\data\merged\ppe_split\test\images\shwd_part2_001481.jpg,D:\Desktop\capstone\data\merged\ppe_split\test\labels\shwd_part2_001481.txt,,False,0,False,0,1,TN_no_pred_no_helmet_and_no_label3
test,D:\Desktop\capstone\data\merged\ppe_split\test\images\shwd_part2_001504.jpg,D:\Desktop\capstone\data\merged\ppe_split\test\labels\shwd_part2_001504.txt,,False,0,False,0,1,TN_no_pred_no_helmet_and_no_label3
test,D:\Desktop\capstone\data\merged\ppe_split\test\images\shwd_part2_001510.jpg,D:\Desktop\capstone\data\merged\ppe_split\test\labels\shwd_part2_001510.txt,,False,0,False,0,2,TN_no_pred_no_helmet_and_no_label3
test,D:\Desktop\capstone\data\merged\ppe_split\test\images\shwd_part2_001519.jpg,D:\Desktop\capstone\data\merged\ppe_split\test\labels\shwd_part2_001519.txt,,False,0,False,0,0,TN_no_pred_no_helmet_and_no_label3
test,D:\Desktop\capstone\data\merged\ppe_split\test\images\shwd_part2_001553.jpg,D:\Desktop\capstone\data\merged\ppe_split\test\labels\shwd_part2_001553.txt,,False,0,True,1,2,FP_pred_no_helmet_but_no_label3
test,D:\Desktop\capstone\data\merged\ppe_split\test\images\shwd_part2_001570.jpg,D:\Desktop\capstone\data\merged\ppe_split\test\labels\shwd_part2_001570.txt,,False,0,False,0,1,TN_no_pred_no_helmet_and_no_label3
test,D:\Desktop\capstone\data\merged\ppe_split\test\images\shwd_part2_001621.jpg,D:\Desktop\capstone\data\merged\ppe_split\test\labels\shwd_part2_001621.txt,,False,0,False,0,1,TN_no_pred_no_helmet_and_no_label3
test,D:\Desktop\capstone\data\merged\ppe_split\test\images\shwd_part2_001623.jpg,D:\Desktop\capstone\data\merged\ppe_split\test\labels\shwd_part2_001623.txt,,False,0,True,1,1,FP_pred_no_helmet_but_no_label3
test,D:\Desktop\capstone\data\merged\ppe_split\test\images\shwd_part2_001628.jpg,D:\Desktop\capstone\data\merged\ppe_split\test\labels\shwd_part2_001628.txt,,False,0,False,0,0,TN_no_pred_no_helmet_and_no_label3
test,D:\Desktop\capstone\data\merged\ppe_split\test\images\shwd_part2_001635.jpg,D:\Desktop\capstone\data\merged\ppe_split\test\labels\shwd_part2_001635.txt,,False,0,False,0,1,TN_no_pred_no_helmet_and_no_label3
test,D:\Desktop\capstone\data\merged\ppe_split\test\images\shwd_part2_001654.jpg,D:\Desktop\capstone\data\merged\ppe_split\test\labels\shwd_part2_001654.txt,,False,0,False,0,2,TN_no_pred_no_helmet_and_no_label3
test,D:\Desktop\capstone\data\merged\ppe_split\test\images\shwd_part2_001694.jpg,D:\Desktop\capstone\data\merged\ppe_split\test\labels\shwd_part2_001694.txt,,False,0,False,0,0,TN_no_pred_no_helmet_and_no_label3
test,D:\Desktop\capstone\data\merged\ppe_split\test\images\shwd_part2_001715.jpg,D:\Desktop\capstone\data\merged\ppe_split\test\labels\shwd_part2_001715.txt,,False,0,False,0,1,TN_no_pred_no_helmet_and_no_label3
test,D:\Desktop\capstone\data\merged\ppe_split\test\images\shwd_part2_001779.jpg,D:\Desktop\capstone\data\merged\ppe_split\test\labels\shwd_part2_001779.txt,,False,0,False,0,0,TN_no_pred_no_helmet_and_no_label3
test,D:\Desktop\capstone\data\merged\ppe_split\test\images\shwd_part2_001791.jpg,D:\Desktop\capstone\data\merged\ppe_split\test\labels\shwd_part2_001791.txt,,False,0,False,0,1,TN_no_pred_no_helmet_and_no_label3
test,D:\Desktop\capstone\data\merged\ppe_split\test\images\shwd_part2_001820.jpg,D:\Desktop\capstone\data\merged\ppe_split\test\labels\shwd_part2_001820.txt,,False,0,False,0,1,TN_no_pred_no_helmet_and_no_label3
test,D:\Desktop\capstone\data\merged\ppe_split\test\images\shwd_part2_001847.jpg,D:\Desktop\capstone\data\merged\ppe_split\test\labels\shwd_part2_001847.txt,,False,0,False,0,1,TN_no_pred_no_helmet_and_no_label3
test,D:\Desktop\capstone\data\merged\ppe_split\test\images\shwd_part2_001849.jpg,D:\Desktop\capstone\data\merged\ppe_split\test\labels\shwd_part2_001849.txt,,False,0,False,0,0,TN_no_pred_no_helmet_and_no_label3
test,D:\Desktop\capstone\data\merged\ppe_split\test\images\shwd_part2_001853.jpg,D:\Desktop\capstone\data\merged\ppe_split\test\labels\shwd_part2_001853.txt,,False,0,False,0,3,TN_no_pred_no_helmet_and_no_label3
test,D:\Desktop\capstone\data\merged\ppe_split\test\images\shwd_part2_001873.jpg,D:\Desktop\capstone\data\merged\ppe_split\test\labels\shwd_part2_001873.txt,,False,0,False,0,5,TN_no_pred_no_helmet_and_no_label3
test,D:\Desktop\capstone\data\merged\ppe_split\test\images\shwd_part2_001876.jpg,D:\Desktop\capstone\data\merged\ppe_split\test\labels\shwd_part2_001876.txt,,False,0,False,0,1,TN_no_pred_no_helmet_and_no_label3
test,D:\Desktop\capstone\data\merged\ppe_split\test\images\shwd_part2_001897.jpg,D:\Desktop\capstone\data\merged\ppe_split\test\labels\shwd_part2_001897.txt,,False,0,False,0,1,TN_no_pred_no_helmet_and_no_label3
test,D:\Desktop\capstone\data\merged\ppe_split\test\images\shwd_part2_001930.jpg,D:\Desktop\capstone\data\merged\ppe_split\test\labels\shwd_part2_001930.txt,,False,0,False,0,3,TN_no_pred_no_helmet_and_no_label3
test,D:\Desktop\capstone\data\merged\ppe_split\test\images\shwd_part2_001950.jpg,D:\Desktop\capstone\data\merged\ppe_split\test\labels\shwd_part2_001950.txt,,False,0,False,0,1,TN_no_pred_no_helmet_and_no_label3
test,D:\Desktop\capstone\data\merged\ppe_split\test\images\shwd_part2_001995.jpg,D:\Desktop\capstone\data\merged\ppe_split\test\labels\shwd_part2_001995.txt,,False,0,False,0,1,TN_no_pred_no_helmet_and_no_label3
test,D:\Desktop\capstone\data\merged\ppe_split\test\images\shwd_part2_002040.jpg,D:\Desktop\capstone\data\merged\ppe_split\test\labels\shwd_part2_002040.txt,,False,0,False,0,1,TN_no_pred_no_helmet_and_no_label3
test,D:\Desktop\capstone\data\merged\ppe_split\test\images\shwd_part2_002053.jpg,D:\Desktop\capstone\data\merged\ppe_split\test\labels\shwd_part2_002053.txt,,False,0,False,0,3,TN_no_pred_no_helmet_and_no_label3
test,D:\Desktop\capstone\data\merged\ppe_split\test\images\shwd_part2_002064.jpg,D:\Desktop\capstone\data\merged\ppe_split\test\labels\shwd_part2_002064.txt,,False,0,True,1,9,FP_pred_no_helmet_but_no_label3
test,D:\Desktop\capstone\data\merged\ppe_split\test\images\shwd_part2_002096.jpg,D:\Desktop\capstone\data\merged\ppe_split\test\labels\shwd_part2_002096.txt,,False,0,False,0,1,TN_no_pred_no_helmet_and_no_label3
test,D:\Desktop\capstone\data\merged\ppe_split\test\images\shwd_part2_002099.jpg,D:\Desktop\capstone\data\merged\ppe_split\test\labels\shwd_part2_002099.txt,,False,0,False,0,1,TN_no_pred_no_helmet_and_no_label3
test,D:\Desktop\capstone\data\merged\ppe_split\test\images\shwd_part2_002112.jpg,D:\Desktop\capstone\data\merged\ppe_split\test\labels\shwd_part2_002112.txt,,False,0,False,0,3,TN_no_pred_no_helmet_and_no_label3
test,D:\Desktop\capstone\data\merged\ppe_split\test\images\shwd_part2_002116.jpg,D:\Desktop\capstone\data\merged\ppe_split\test\labels\shwd_part2_002116.txt,,False,0,False,0,2,TN_no_pred_no_helmet_and_no_label3
test,D:\Desktop\capstone\data\merged\ppe_split\test\images\shwd_part2_002136.jpg,D:\Desktop\capstone\data\merged\ppe_split\test\labels\shwd_part2_002136.txt,,False,0,False,0,2,TN_no_pred_no_helmet_and_no_label3
test,D:\Desktop\capstone\data\merged\ppe_split\test\images\shwd_part2_002160.jpg,D:\Desktop\capstone\data\merged\ppe_split\test\labels\shwd_part2_002160.txt,,False,0,False,0,1,TN_no_pred_no_helmet_and_no_label3
test,D:\Desktop\capstone\data\merged\ppe_split\test\images\shwd_part2_002178.jpg,D:\Desktop\capstone\data\merged\ppe_split\test\labels\shwd_part2_002178.txt,,False,0,False,0,1,TN_no_pred_no_helmet_and_no_label3
test,D:\Desktop\capstone\data\merged\ppe_split\test\images\shwd_part2_002180.jpg,D:\Desktop\capstone\data\merged\ppe_split\test\labels\shwd_part2_002180.txt,,False,0,False,0,3,TN_no_pred_no_helmet_and_no_label3
test,D:\Desktop\capstone\data\merged\ppe_split\test\images\shwd_part2_002182.jpg,D:\Desktop\capstone\data\merged\ppe_split\test\labels\shwd_part2_002182.txt,,False,0,True,2,3,FP_pred_no_helmet_but_no_label3
test,D:\Desktop\capstone\data\merged\ppe_split\test\images\shwd_part2_002187.jpg,D:\Desktop\capstone\data\merged\ppe_split\test\labels\shwd_part2_002187.txt,,False,0,False,0,0,TN_no_pred_no_helmet_and_no_label3
test,D:\Desktop\capstone\data\merged\ppe_split\test\images\shwd_part2_002198.jpg,D:\Desktop\capstone\data\merged\ppe_split\test\labels\shwd_part2_002198.txt,,False,0,False,0,2,TN_no_pred_no_helmet_and_no_label3
test,D:\Desktop\capstone\data\merged\ppe_split\test\images\shwd_part2_002202.jpg,D:\Desktop\capstone\data\merged\ppe_split\test\labels\shwd_part2_002202.txt,,False,0,False,0,1,TN_no_pred_no_helmet_and_no_label3
test,D:\Desktop\capstone\data\merged\ppe_split\test\images\shwd_part2_002209.jpg,D:\Desktop\capstone\data\merged\ppe_split\test\labels\shwd_part2_002209.txt,,False,0,False,0,1,TN_no_pred_no_helmet_and_no_label3
test,D:\Desktop\capstone\data\merged\ppe_split\test\images\shwd_part2_002211.jpg,D:\Desktop\capstone\data\merged\ppe_split\test\labels\shwd_part2_002211.txt,,False,0,False,0,3,TN_no_pred_no_helmet_and_no_label3
test,D:\Desktop\capstone\data\merged\ppe_split\test\images\shwd_part2_002227.jpg,D:\Desktop\capstone\data\merged\ppe_split\test\labels\shwd_part2_002227.txt,,False,0,False,0,3,TN_no_pred_no_helmet_and_no_label3
test,D:\Desktop\capstone\data\merged\ppe_split\test\images\shwd_part2_002231.jpg,D:\Desktop\capstone\data\merged\ppe_split\test\labels\shwd_part2_002231.txt,,False,0,False,0,0,TN_no_pred_no_helmet_and_no_label3
test,D:\Desktop\capstone\data\merged\ppe_split\test\images\shwd_part2_002310.jpg,D:\Desktop\capstone\data\merged\ppe_split\test\labels\shwd_part2_002310.txt,,False,0,False,0,0,TN_no_pred_no_helmet_and_no_label3
test,D:\Desktop\capstone\data\merged\ppe_split\test\images\shwd_part2_002315.jpg,D:\Desktop\capstone\data\merged\ppe_split\test\labels\shwd_part2_002315.txt,,False,0,False,0,6,TN_no_pred_no_helmet_and_no_label3
test,D:\Desktop\capstone\data\merged\ppe_split\test\images\shwd_part2_002325.jpg,D:\Desktop\capstone\data\merged\ppe_split\test\labels\shwd_part2_002325.txt,,False,0,True,1,3,FP_pred_no_helmet_but_no_label3
test,D:\Desktop\capstone\data\merged\ppe_split\test\images\shwd_part2_002336.jpg,D:\Desktop\capstone\data\merged\ppe_split\test\labels\shwd_part2_002336.txt,,False,0,False,0,1,TN_no_pred_no_helmet_and_no_label3
test,D:\Desktop\capstone\data\merged\ppe_split\test\images\shwd_part2_002351.jpg,D:\Desktop\capstone\data\merged\ppe_split\test\labels\shwd_part2_002351.txt,,False,0,False,0,1,TN_no_pred_no_helmet_and_no_label3
test,D:\Desktop\capstone\data\merged\ppe_split\test\images\shwd_part2_002392.jpg,D:\Desktop\capstone\data\merged\ppe_split\test\labels\shwd_part2_002392.txt,,False,0,True,1,2,FP_pred_no_helmet_but_no_label3
test,D:\Desktop\capstone\data\merged\ppe_split\test\images\shwd_PartA_01002.jpg,D:\Desktop\capstone\data\merged\ppe_split\test\labels\shwd_PartA_01002.txt,,False,0,False,0,0,TN_no_pred_no_helmet_and_no_label3
